economy,quarter,accounts,yoy,since_2020,pushes_per_account,pushes_per_account_4q,repos_per_account,orgs_per_account,accounts_per_million,topics,population_year
AD,2020-Q1,1026,,0,,,2.055556,,12375.759915,0,2025
AD,2020-Q2,1188,,0.157895,,,2.207912,,14329.82727,0,2025
AD,2020-Q3,1281,,0.248538,,,2.167838,,15451.606678,0,2025
AD,2020-Q4,1389,,0.353801,,,2.179266,0.079914,16754.318248,0,2025
AD,2021-Q1,1543,0.503899,0.503899,1.628645,,2.285159,0.077122,18611.888449,0,2025
AD,2021-Q2,1686,0.419192,0.643275,0.845789,,2.223013,0.069395,20336.775065,0,2025
AD,2021-Q3,1790,0.397346,0.744639,1.837989,,2.524022,0.08324,21591.238058,0,2025
AD,2021-Q4,1898,0.366451,0.849903,1.583246,1.479543,2.516333,0.093783,22893.949628,0,2025
AD,2022-Q1,2113,0.36941,1.059454,2.168954,1.643382,2.634169,0.078561,25487.310624,0,2025
AD,2022-Q2,2305,0.367141,1.246589,1.429067,1.748335,2.757918,0.081128,27803.242304,0,2025
AD,2022-Q3,2418,0.350838,1.356725,1.626551,1.696245,2.972291,0.086849,29166.264595,0,2025
AD,2022-Q4,2629,0.385142,1.562378,1.7752,1.740835,2.808672,0.088246,31711.377014,0,2025
AD,2023-Q1,2906,0.375296,1.832359,2.087061,1.750731,2.735375,0.097385,35052.590949,0,2025
AD,2023-Q2,3181,0.380043,2.10039,2.665514,2.078678,3.014775,0.097454,38369.680594,0,2025
AD,2023-Q3,3392,0.402812,2.306043,2.174233,2.195738,2.943691,0.097288,40914.793014,0,2025
AD,2023-Q4,3643,0.385698,2.550682,2.378534,2.330742,2.961296,0.102937,43942.391199,0,2025
AD,2024-Q1,3975,0.36786,2.874269,2.115472,2.320344,2.778365,0.100377,47947.023063,0,2025
AD,2024-Q2,4092,0.286388,2.988304,1.825024,2.113429,2.949413,0.104594,49358.29393,0,2025
AD,2024-Q3,4291,0.265035,3.182261,1.998602,2.069746,2.953391,0.097413,51758.66062,0,2025
AD,2024-Q4,4723,0.296459,3.603314,1.814525,1.933318,2.799068,0.100783,56969.5069,0,2025
AD,2025-Q1,5042,0.268428,3.91423,2.539468,2.061825,2.955375,0.106902,60817.330889,0,2025
AD,2025-Q2,5510,0.34653,4.37037,2.507985,2.236993,2.77677,0.111615,66462.414359,0,2025
AD,2025-Q3,6022,0.403402,4.869396,2.228329,2.282575,2.723348,0.106443,72638.232172,0,2025
AD,2025-Q4,6593,0.395935,5.425926,2.159411,2.342945,2.686031,0.109813,79525.716491,0,2025
AD,2026-Q1,7489,0.485323,6.29922,3.041528,2.508511,2.616638,0.11163,90333.397665,0,2025
AE,2020-Q1,95190,,0,0.760153,,1.782803,0.079084,8267.937816,0,2025
AE,2020-Q2,110078,,0.156403,0.975672,,1.694944,0.073566,9561.067958,0,2025
AE,2020-Q3,122101,,0.282708,0.868199,,1.619274,0.070319,10605.352193,0,2025
AE,2020-Q4,133327,,0.400641,0.810008,0.854713,1.654849,0.067203,11580.411232,0,2025
AE,2021-Q1,145143,0.524772,0.524772,0.807273,0.858856,1.686351,0.065687,12606.716025,2,2025
AE,2021-Q2,156951,0.425816,0.648818,0.851176,0.83363,1.712006,0.064071,13632.325961,2,2025
AE,2021-Q3,167202,0.369375,0.756508,0.889248,0.842057,1.742114,0.061883,14522.69922,2,2025
AE,2021-Q4,179501,0.346321,0.885713,0.793366,0.835172,1.826146,0.060039,15590.956045,2,2025
AE,2022-Q1,196134,0.351316,1.060448,0.857949,0.847342,1.85101,0.057986,17035.652018,2,2025
AE,2022-Q2,211046,0.344662,1.217103,0.837675,0.843838,1.947538,0.057134,18330.866733,2,2025
AE,2022-Q3,224821,0.344607,1.361813,0.829429,0.83049,1.960164,0.056263,19527.324801,2,2025
AE,2022-Q4,242446,0.350667,1.546969,0.886123,0.853535,2.034969,0.055332,21058.183126,2,2025
AE,2023-Q1,264766,0.349924,1.781448,0.926845,0.873198,2.02344,0.056948,22996.836052,2,2025
AE,2023-Q2,287270,0.361172,2.017859,0.871059,0.87995,2.006624,0.054593,24951.470705,2,2025
AE,2023-Q3,308913,0.37404,2.245225,0.835805,0.877885,1.932699,0.052287,26831.321301,2,2025
AE,2023-Q4,331735,0.368284,2.484977,0.813785,0.858382,2.005836,0.052789,28813.576546,3,2025
AE,2024-Q1,358187,0.352844,2.762864,0.778188,0.821953,2.291956,0.052266,31111.123464,2,2025
AE,2024-Q2,377607,0.314467,2.966877,0.781055,0.800485,2.215711,0.053476,32797.890482,3,2025
AE,2024-Q3,397298,0.286116,3.173737,0.7854,0.788945,2.207001,0.050957,34508.195803,2,2025
AE,2024-Q4,422730,0.2743,3.440908,0.814768,0.790665,2.23274,0.052317,36717.148367,3,2025
AE,2025-Q1,453949,0.267352,3.768873,0.866053,0.814092,2.097262,0.05179,39428.743604,3,2025
AE,2025-Q2,487478,0.290967,4.121105,1.067675,0.891352,2.096558,0.051325,42340.978997,3,2025
AE,2025-Q3,534821,0.346146,4.618458,1.022178,0.950364,2.048915,0.048856,46453.059888,3,2025
AE,2025-Q4,591961,0.400329,5.218731,1.196021,1.048391,2.022039,0.048544,51416.080865,3,2025
AE,2026-Q1,656185,0.445504,5.893424,1.513994,1.219412,1.97896,0.047755,56994.398318,9,2025
AF,2020-Q1,6481,,0,0.351335,,1.11634,0.092424,147.819168,0,2025
AF,2020-Q2,7457,,0.150594,0.351884,,1.096285,0.085691,170.079854,0,2025
AF,2020-Q3,8214,,0.267397,0.279158,,1.108352,0.080229,187.345571,0,2025
AF,2020-Q4,9236,,0.425089,0.37278,0.338887,1.119207,0.074924,210.655429,0,2025
AF,2021-Q1,10176,0.570128,0.570128,0.489289,0.380213,1.169713,0.070755,232.095024,0,2025
AF,2021-Q2,11195,0.501274,0.727357,0.558732,0.437135,1.232961,0.067441,255.336458,0,2025
AF,2021-Q3,12024,0.463842,0.855269,0.571191,0.505383,1.29358,0.065619,274.244356,2,2025
AF,2021-Q4,13038,0.41165,1.011727,0.584445,0.553959,1.300736,0.059979,297.37175,2,2025
AF,2022-Q1,14215,0.396914,1.193334,0.747591,0.621533,1.303412,0.055856,324.21686,2,2025
AF,2022-Q2,15473,0.382135,1.38744,0.992568,0.739233,1.345311,0.053706,352.909425,2,2025
AF,2022-Q3,16913,0.406603,1.609628,1.287471,0.928587,1.466446,0.051203,385.75306,2,2025
AF,2022-Q4,18290,0.402823,1.822095,1.161126,1.063275,1.522963,0.050027,417.159787,2,2025
AF,2023-Q1,19894,0.399508,2.069588,1.253443,1.180473,1.539007,0.047502,453.743948,0,2025
AF,2023-Q2,21664,0.400116,2.342694,1.232644,1.233074,1.596012,0.044359,494.114249,2,2025
AF,2023-Q3,23912,0.413824,2.689554,1.092631,1.181996,1.597859,0.041611,545.386814,2,2025
AF,2023-Q4,25795,0.410334,2.980096,0.952161,1.121218,1.564218,0.040473,588.334429,2,2025
AF,2024-Q1,28223,0.418669,3.354729,0.917337,1.03703,1.596854,0.038586,643.712447,2,2025
AF,2024-Q2,30143,0.391387,3.65098,0.866636,0.950293,1.620244,0.037587,687.503961,2,2025
AF,2024-Q3,32356,0.353128,3.992439,0.966189,0.925496,1.661547,0.037551,737.978243,2,2025
AF,2024-Q4,35158,0.362977,4.42478,0.748393,0.870567,1.667074,0.037829,801.886484,2,2025
AF,2025-Q1,38203,0.353612,4.894615,0.792739,0.838967,1.632804,0.03539,871.337088,2,2025
AF,2025-Q2,41629,0.38105,5.423237,0.870283,0.842154,1.636864,0.034159,949.477571,2,2025
AF,2025-Q3,47750,0.47577,6.36769,0.853843,0.820923,1.574136,0.031225,1089.08583,0,2025
AF,2025-Q4,54155,0.540332,7.355964,0.791469,0.826177,1.507192,0.028381,1235.171583,0,2025
AF,2026-Q1,59957,0.569432,8.251196,0.921811,0.860633,1.468703,0.026119,1367.504065,0,2025
AG,2020-Q1,553,,0,,,1.202532,,5869.927502,0,2025
AG,2020-Q2,628,,0.135624,,,1.194268,,6666.029785,0,2025
AG,2020-Q3,633,,0.144665,,,0.860979,,6719.10327,0,2025
AG,2020-Q4,662,,0.197107,,,0.877644,,7026.929487,0,2025
AG,2021-Q1,719,0.300181,0.300181,,,0.987483,,7631.967222,0,2025
AG,2021-Q2,786,0.251592,0.421338,,,1.047074,,8343.151928,0,2025
AG,2021-Q3,830,0.311216,0.500904,,,0.959036,,8810.198601,0,2025
AG,2021-Q4,878,0.326284,0.587703,,,1.071754,,9319.704062,0,2025
AG,2022-Q1,993,0.381085,0.79566,,,1.305136,,10540.39423,0,2025
AG,2022-Q2,1098,0.396947,0.985533,,,1.406193,,11654.937426,0,2025
AG,2022-Q3,1162,0.4,1.101266,,,1.344234,,12334.278041,0,2025
AG,2022-Q4,1253,0.427107,1.265823,,,1.516361,,13300.215478,0,2025
AG,2023-Q1,1325,0.33434,1.396022,,,1.671698,,14064.47367,0,2025
AG,2023-Q2,1366,0.24408,1.470163,,,1.509517,,14499.676252,0,2025
AG,2023-Q3,1455,0.252151,1.631103,,,1.365636,,15444.384294,0,2025
AG,2023-Q4,1476,0.177973,1.669078,,,1.338076,,15667.292934,0,2025
AG,2024-Q1,1558,0.175849,1.81736,,,1.346598,,16537.698097,0,2025
AG,2024-Q2,1635,0.196925,1.9566,,,1.519878,,17355.029774,0,2025
AG,2024-Q3,1753,0.204811,2.169982,,,1.315459,,18607.564033,0,2025
AG,2024-Q4,1837,0.24458,2.321881,,,1.414262,0.058792,19499.19859,0,2025
AG,2025-Q1,1957,0.256098,2.538879,,,1.426162,0.055187,20772.962244,0,2025
AG,2025-Q2,2251,0.376758,3.070524,,,1.3745,0.055975,23893.683194,0,2025
AG,2025-Q3,2201,0.255562,2.980108,,,1.303044,0.049977,23362.948338,0,2025
AG,2025-Q4,2351,0.279804,3.251356,,,1.40621,0.044236,24955.152905,0,2025
AG,2026-Q1,2570,0.313235,3.647378,,,1.589494,0.04786,27279.771572,0,2025
AI,2020-Q1,102,,0,,,,,,0,
AI,2020-Q2,161,,0.578431,,,1.602484,,,0,
AI,2020-Q3,185,,0.813725,,,1.124324,,,0,
AI,2020-Q4,219,,1.147059,,,1.917808,,,0,
AI,2021-Q1,248,1.431373,1.431373,,,1.455645,,,0,
AI,2021-Q2,297,0.84472,1.911765,,,1.62963,,,0,
AI,2021-Q3,298,0.610811,1.921569,,,1.073826,,,0,
AI,2021-Q4,324,0.479452,2.176471,,,0.966049,,,0,
AI,2022-Q1,333,0.342742,2.264706,,,0.822823,,,0,
AI,2022-Q2,326,0.097643,2.196078,,,0.588957,,,0,
AI,2022-Q3,345,0.157718,2.382353,,,0.646377,,,0,
AI,2022-Q4,349,0.07716,2.421569,,,0.538682,,,0,
AI,2023-Q1,365,0.096096,2.578431,,,0.619178,,,0,
AI,2023-Q2,382,0.171779,2.745098,,,0.769634,,,0,
AI,2023-Q3,387,0.121739,2.794118,,,0.793282,,,0,
AI,2023-Q4,401,0.148997,2.931373,,,0.773067,,,0,
AI,2024-Q1,419,0.147945,3.107843,,,0.973747,,,0,
AI,2024-Q2,440,0.151832,3.313725,,,1.061364,,,0,
AI,2024-Q3,487,0.258398,3.77451,,,1.026694,,,0,
AI,2024-Q4,572,0.426434,4.607843,,,1.629371,,,0,
AI,2025-Q1,548,0.307876,4.372549,,,0.793796,,,0,
AI,2025-Q2,552,0.254545,4.411765,,,0.777174,,,0,
AI,2025-Q3,548,0.125257,4.372549,,,0.74635,,,0,
AI,2025-Q4,571,-0.001748,4.598039,,,0.716287,,,0,
AI,2026-Q1,634,0.156934,5.215686,,,1.274448,,,0,
AL,2020-Q1,28833,,0,0.871259,,1.277252,0.090695,12271.554916,0,2025
AL,2020-Q2,31852,,0.104706,1.19578,,1.276686,0.085081,13556.465411,0,2025
AL,2020-Q3,34198,,0.186072,0.655418,,1.289081,0.081174,14554.941734,0,2025
AL,2020-Q4,37541,,0.302015,0.772649,0.865621,1.260062,0.076769,15977.749215,0,2025
AL,2021-Q1,40744,0.413103,0.413103,0.821888,0.85215,1.262223,0.072403,17340.971578,0,2025
AL,2021-Q2,43582,0.368266,0.511532,0.805057,0.768866,1.258639,0.06996,18548.847028,2,2025
AL,2021-Q3,44938,0.314053,0.558561,0.60223,0.747232,1.252615,0.06796,19125.97145,2,2025
AL,2021-Q4,46795,0.246504,0.622967,0.670734,0.72148,1.257143,0.064045,19916.325471,2,2025
AL,2022-Q1,49486,0.214559,0.716297,0.791375,0.718059,1.282545,0.061411,21061.636548,2,2025
AL,2022-Q2,53489,0.227319,0.855131,1.073454,0.796218,1.345566,0.059321,22765.345296,2,2025
AL,2022-Q3,55658,0.238551,0.930358,0.793633,0.837953,1.358205,0.057009,23688.489007,2,2025
AL,2022-Q4,56814,0.214104,0.970451,0.721407,0.843539,1.290369,0.055374,24180.491833,2,2025
AL,2023-Q1,58221,0.176515,1.019249,0.711874,0.82086,1.240824,0.055547,24779.322262,0,2025
AL,2023-Q2,60525,0.131541,1.099157,0.842693,0.768141,1.251086,0.054424,25759.92305,0,2025
AL,2023-Q3,62709,0.126684,1.174904,0.621251,0.723527,1.265751,0.053629,26689.450881,0,2025
AL,2023-Q4,65419,0.151459,1.268893,0.746236,0.730032,1.259986,0.052171,27842.848509,2,2025
AL,2024-Q1,68358,0.174112,1.370825,0.76092,0.742361,1.261579,0.05066,29093.710365,2,2025
AL,2024-Q2,70631,0.166972,1.449658,0.79155,0.732634,1.288825,0.050374,30061.117306,0,2025
AL,2024-Q3,73563,0.173085,1.551347,0.63483,0.731879,1.325585,0.05095,31308.999906,0,2025
AL,2024-Q4,75961,0.161146,1.634516,0.629112,0.701566,1.326589,0.051566,32329.607845,2,2025
AL,2025-Q1,81106,0.186489,1.812957,0.761941,0.704353,1.322529,0.049257,34519.360907,2,2025
AL,2025-Q2,83901,0.187878,1.909895,0.88645,0.733346,1.380508,0.0482,35708.935214,0,2025
AL,2025-Q3,88782,0.206884,2.07918,0.766507,0.764252,1.401861,0.046879,37786.327769,0,2025
AL,2025-Q4,94816,0.248219,2.288454,0.846787,0.816147,1.374747,0.044729,40354.446327,0,2025
AL,2026-Q1,103489,0.275972,2.589255,1.212013,0.938427,1.403917,0.043512,44045.744346,0,2025
AM,2020-Q1,31298,,0,1.714455,,2.582529,0.061122,10139.631321,0,2025
AM,2020-Q2,34296,,0.095789,1.836337,,2.562515,0.061173,11110.895131,0,2025
AM,2020-Q3,36975,,0.181385,1.488925,,2.541528,0.061014,11978.812324,0,2025
AM,2020-Q4,39501,,0.262093,1.165464,1.53254,2.51743,0.058834,12797.162018,0,2025
AM,2021-Q1,42696,0.364177,0.364177,1.569327,1.505675,2.514779,0.058741,13832.248032,0,2025
AM,2021-Q2,45631,0.330505,0.457953,1.699042,1.490404,2.565865,0.059039,14783.101694,2,2025
AM,2021-Q3,48884,0.322082,0.561889,1.551428,1.507594,2.598008,0.057442,15836.978002,2,2025
AM,2021-Q4,52206,0.321637,0.66803,1.403593,1.550278,2.606999,0.056028,16913.208281,2,2025
AM,2022-Q1,56410,0.321201,0.802352,1.500284,1.53239,2.580695,0.054813,18275.180614,2,2025
AM,2022-Q2,64712,0.418159,1.067608,2.141303,1.675495,3.118139,0.055507,20964.784398,2,2025
AM,2022-Q3,67845,0.387877,1.16771,1.955516,1.779416,3.111489,0.055995,21979.784236,2,2025
AM,2022-Q4,75703,0.450082,1.418781,2.530983,2.068516,3.367727,0.056022,24525.545081,2,2025
AM,2023-Q1,81482,0.44446,1.603425,2.42931,2.280608,3.366093,0.05751,26397.771082,0,2025
AM,2023-Q2,86107,0.330619,1.751198,2.212468,2.290724,3.295121,0.057034,27896.135031,2,2025
AM,2023-Q3,90234,0.330002,1.88306,2.017732,2.285054,3.239034,0.055977,29233.161629,2,2025
AM,2023-Q4,93483,0.234865,1.986868,1.808393,2.105219,3.189136,0.05555,30285.742055,2,2025
AM,2024-Q1,97456,0.196043,2.113809,1.74293,1.937187,3.121552,0.054425,31572.877183,2,2025
AM,2024-Q2,101120,0.174353,2.230877,1.628451,1.79352,3.073121,0.054015,32759.905401,2,2025
AM,2024-Q3,104855,0.162034,2.350214,1.381584,1.633724,3.04038,0.053493,33969.93553,2,2025
AM,2024-Q4,108552,0.161195,2.468337,1.419587,1.537668,3.006255,0.053523,35167.654777,2,2025
AM,2025-Q1,114516,0.175053,2.658892,1.387265,1.450899,2.94399,0.053818,37099.815337,2,2025
AM,2025-Q2,116873,0.155785,2.7342,1.597897,1.449159,2.98572,0.054829,37863.414002,0,2025
AM,2025-Q3,123705,0.179772,2.952489,1.416935,1.455843,2.91449,0.053983,40076.781028,0,2025
AM,2025-Q4,131918,0.215252,3.214902,1.496968,1.475064,2.839089,0.053366,42737.55143,0,2025
AM,2026-Q1,141176,0.232806,3.510704,1.65327,1.543615,2.739375,0.0536,45736.871092,0,2025
AO,2020-Q1,7156,,0,0.742314,,1.384153,0.138765,183.298997,0,2025
AO,2020-Q2,8310,,0.161263,1.035499,,1.409507,0.130084,212.858394,0,2025
AO,2020-Q3,9402,,0.313862,1.180494,,1.458094,0.122421,240.829677,0,2025
AO,2020-Q4,10554,,0.474846,0.839966,0.956496,1.45452,0.11607,270.337845,0,2025
AO,2021-Q1,11601,0.621157,0.621157,0.896561,0.9775,1.514697,0.113525,297.156465,0,2025
AO,2021-Q2,12850,0.54633,0.795696,1.055564,0.989236,1.636809,0.109572,329.149261,0,2025
AO,2021-Q3,14041,0.493406,0.96213,1.137668,0.995066,1.737198,0.104693,359.656403,2,2025
AO,2021-Q4,15173,0.437654,1.120319,1.039412,1.038107,1.831213,0.098464,388.652276,2,2025
AO,2022-Q1,16473,0.419964,1.301984,1.033874,1.064967,1.898501,0.093729,421.951423,2,2025
AO,2022-Q2,17817,0.386537,1.489799,1.027614,1.05639,1.965988,0.089858,456.377618,2,2025
AO,2022-Q3,18931,0.348266,1.645472,1.008135,1.026347,2.011251,0.087211,484.912425,2,2025
AO,2022-Q4,20396,0.34423,1.850196,0.969994,1.008042,2.009463,0.08335,522.438003,2,2025
AO,2023-Q1,22138,0.343896,2.093628,1.048288,1.013912,1.991101,0.082979,567.05886,0,2025
AO,2023-Q2,24114,0.353427,2.36976,1.114498,1.039402,1.979224,0.078792,617.673563,0,2025
AO,2023-Q3,26665,0.408536,2.726244,1.051041,1.049071,1.922783,0.075417,683.016736,2,2025
AO,2023-Q4,29325,0.437782,3.09796,0.908883,1.024638,1.888491,0.071066,751.151914,2,2025
AO,2024-Q1,31944,0.442949,3.463946,0.952198,0.999313,1.883139,0.068151,818.236888,2,2025
AO,2024-Q2,34555,0.432985,3.828815,0.984025,0.972324,1.868355,0.066271,885.116944,2,2025
AO,2024-Q3,37430,0.403713,4.230576,0.993588,0.962545,1.852151,0.065856,958.759288,2,2025
AO,2024-Q4,41323,0.409139,4.774595,0.83929,0.938314,1.814316,0.065194,1058.477426,2,2025
AO,2025-Q1,46997,0.471231,5.567496,0.861587,0.913053,1.711407,0.059642,1203.815396,2,2025
AO,2025-Q2,51884,0.50149,6.250419,1.160878,0.971633,1.704225,0.058843,1328.994574,2,2025
AO,2025-Q3,60554,0.617793,7.46199,1.086749,1.002261,1.59281,0.053572,1551.07427,0,2025
AO,2025-Q4,70305,0.701353,8.824623,1.035602,1.041778,1.486224,0.047834,1800.843488,0,2025
AO,2026-Q1,81314,0.730196,10.363052,1.533266,1.225198,1.426802,0.044002,2082.836034,0,2025
AR,2020-Q1,280922,,0,1.55624,,2.165886,0.06322,6126.795142,4,2025
AR,2020-Q2,318451,,0.133592,2.338391,,2.104528,0.060961,6945.287446,5,2025
AR,2020-Q3,355388,,0.265077,2.182282,,2.074099,0.058958,7750.868469,7,2025
AR,2020-Q4,384559,,0.368917,2.081064,2.059025,2.088044,0.05706,8387.076175,8,2025
AR,2021-Q1,411159,0.463606,0.463606,1.653655,2.041722,2.109999,0.055952,8967.211411,9,2025
AR,2021-Q2,451295,0.417157,0.606478,2.220654,2.033158,2.138721,0.054508,9842.561329,12,2025
AR,2021-Q3,492810,0.386682,0.754259,2.138956,2.032664,2.171892,0.051823,10747.98668,14,2025
AR,2021-Q4,527540,0.371805,0.877888,2.208424,2.072024,2.237311,0.050226,11505.433926,13,2025
AR,2022-Q1,578400,0.406755,1.058935,1.88625,2.103519,2.269158,0.047661,12614.669945,23,2025
AR,2022-Q2,637275,0.412103,1.268512,2.600325,2.221469,2.375769,0.045062,13898.709871,24,2025
AR,2022-Q3,696258,0.412833,1.478474,2.566583,2.336638,2.430629,0.043274,15185.105233,28,2025
AR,2022-Q4,741211,0.405033,1.638494,2.318007,2.356926,2.465329,0.041917,16165.511972,22,2025
AR,2023-Q1,801254,0.385294,1.852229,1.923827,2.330924,2.46181,0.041148,17475.025505,29,2025
AR,2023-Q2,870966,0.366704,2.100384,2.315423,2.271373,2.478429,0.039772,18995.416016,27,2025
AR,2023-Q3,927049,0.331473,2.300023,1.974514,2.127458,2.478235,0.039181,20218.563551,22,2025
AR,2023-Q4,969604,0.308135,2.451506,1.94501,2.038315,2.533328,0.038999,21146.670881,24,2025
AR,2024-Q1,1026667,0.281325,2.654634,1.323527,1.869083,2.491188,0.038491,22391.19182,19,2025
AR,2024-Q2,1082163,0.242486,2.852183,1.781648,1.748407,2.491136,0.038273,23601.537123,20,2025
AR,2024-Q3,1130022,0.218945,3.022547,1.53929,1.642449,2.492662,0.038536,24645.322546,19,2025
AR,2024-Q4,1173944,0.210746,3.178897,1.634604,1.573882,2.478857,0.038822,25603.243593,15,2025
AR,2025-Q1,1223581,0.191799,3.35559,1.088595,1.500828,2.454439,0.038986,26685.806477,16,2025
AR,2025-Q2,1293018,0.194846,3.602765,1.757619,1.506666,2.442518,0.03882,28200.199348,15,2025
AR,2025-Q3,1390918,0.230877,3.95126,1.664616,1.542646,2.379498,0.03791,30335.358732,16,2025
AR,2025-Q4,1485741,0.265598,4.288803,1.86301,1.610884,2.336594,0.037159,32403.409991,16,2025
AR,2026-Q1,1599355,0.30711,4.693235,1.749412,1.760063,2.249914,0.036532,34881.285356,32,2025
AS,2020-Q1,133,,0,,,,,2889.482717,0,2025
AS,2020-Q2,160,,0.203008,,,,,3476.069434,0,2025
AS,2020-Q3,172,,0.293233,,,,,3736.774642,0,2025
AS,2020-Q4,188,,0.413534,,,,,4084.381586,0,2025
AS,2021-Q1,199,0.496241,0.496241,,,,,4323.361359,0,2025
AS,2021-Q2,216,0.35,0.62406,,,,,4692.693737,0,2025
AS,2021-Q3,232,0.348837,0.744361,,,,,5040.30068,0,2025
AS,2021-Q4,250,0.329787,0.879699,,,,,5431.358491,0,2025
AS,2022-Q1,286,0.437186,1.150376,,,0.367133,,6213.474114,0,2025
AS,2022-Q2,324,0.5,1.43609,,,0.367284,,7039.040605,0,2025
AS,2022-Q3,350,0.508621,1.631579,,,0.365714,,7603.901888,0,2025
AS,2022-Q4,371,0.484,1.789474,,,0.369272,,8060.136001,0,2025
AS,2023-Q1,401,0.402098,2.015038,,,0.369077,,8711.89902,0,2025
AS,2023-Q2,435,0.342593,2.270677,,,0.377011,,9450.563775,0,2025
AS,2023-Q3,462,0.32,2.473684,,,0.4329,,10037.150492,0,2025
AS,2023-Q4,489,0.318059,2.676692,,,0.370143,,10623.737209,0,2025
AS,2024-Q1,518,0.291771,2.894737,,,0.401544,,11253.774794,0,2025
AS,2024-Q2,544,0.250575,3.090226,,,0.404412,,11818.636077,0,2025
AS,2024-Q3,564,0.220779,3.240602,,,0.411348,,12253.144757,0,2025
AS,2024-Q4,593,0.212679,3.458647,,,0.392917,,12883.182342,0,2025
AS,2025-Q1,630,0.216216,3.736842,,,0.460317,,13687.023398,0,2025
AS,2025-Q2,711,0.306985,4.345865,,,0.4782,,15446.78355,0,2025
AS,2025-Q3,723,0.281915,4.43609,,,0.445367,,15707.488757,0,2025
AS,2025-Q4,790,0.332209,4.93985,,,0.443038,,17163.092833,0,2025
AS,2026-Q1,830,0.31746,5.240602,,,0.501205,,18032.110191,0,2025
AT,2020-Q1,148081,,0,2.53963,,2.451192,0.06173,16081.492041,3,2025
AT,2020-Q2,158917,,0.073176,2.705293,,2.421635,0.063379,17258.27399,4,2025
AT,2020-Q3,167753,,0.132846,2.114967,,2.404285,0.065131,18217.857351,3,2025
AT,2020-Q4,181245,,0.223959,2.342889,2.416809,2.384772,0.064542,19683.079025,4,2025
AT,2021-Q1,194191,0.311384,0.311384,2.3782,2.380226,2.371176,0.064694,21089.005484,8,2025
AT,2021-Q2,204619,0.287584,0.381805,2.279256,2.283518,2.361799,0.064491,22221.47892,8,2025
AT,2021-Q3,213986,0.275602,0.44506,1.694873,2.160493,2.434262,0.06428,23238.728506,6,2025
AT,2021-Q4,226778,0.251223,0.531446,2.043739,2.089581,2.358615,0.063767,24627.930674,7,2025
AT,2022-Q1,242864,0.250645,0.640075,2.156219,2.044703,2.334521,0.062455,26374.858916,7,2025
AT,2022-Q2,256698,0.254517,0.733497,2.111127,2.011796,2.349527,0.06226,27877.221548,8,2025
AT,2022-Q3,268691,0.255648,0.814487,1.78316,2.018212,2.340264,0.061565,29179.65288,7,2025
AT,2022-Q4,283530,0.250254,0.914695,2.009749,2.010427,2.324266,0.060519,30791.157802,9,2025
AT,2023-Q1,299861,0.234687,1.02498,2.100907,2.002963,2.311121,0.062049,32564.692871,10,2025
AT,2023-Q2,316584,0.233294,1.137911,1.92662,1.958524,2.289803,0.061766,34380.798863,9,2025
AT,2023-Q3,331849,0.235058,1.240996,1.62627,1.907267,2.285295,0.062134,36038.567084,10,2025
AT,2023-Q4,350282,0.235432,1.365476,1.815586,1.860161,2.253384,0.062333,38040.377869,11,2025
AT,2024-Q1,372722,0.242983,1.517014,1.909608,1.820961,2.206827,0.06173,40477.346024,10,2025
AT,2024-Q2,390566,0.233688,1.637516,1.851743,1.806136,2.195675,0.061203,42415.191825,11,2025
AT,2024-Q3,406297,0.224343,1.743748,1.483024,1.759033,2.175,0.060975,44123.567317,10,2025
AT,2024-Q4,428437,0.22312,1.893261,1.712049,1.73404,2.156046,0.061983,46527.955685,10,2025
AT,2025-Q1,457562,0.227623,2.089944,1.758081,1.701692,2.103842,0.062885,49690.91012,10,2025
AT,2025-Q2,483425,0.237755,2.264598,1.757919,1.683995,2.075575,0.062376,52499.613658,9,2025
AT,2025-Q3,518862,0.277051,2.503907,1.59919,1.703935,2.003513,0.060976,56348.046836,10,2025
AT,2025-Q4,559921,0.306892,2.781181,1.796127,1.727771,1.939892,0.05856,60807.025245,11,2025
AT,2026-Q1,611388,0.336186,3.12874,2.252944,1.869111,1.873287,0.057773,66396.305105,15,2025
AU,2020-Q1,678548,,0,1.64991,,2.404251,0.05687,24572.24237,12,2025
AU,2020-Q2,734852,,0.082977,1.9178,,2.367064,0.057708,26611.177765,19,2025
AU,2020-Q3,787386,,0.160398,1.784169,,2.327379,0.058793,28513.590241,20,2025
AU,2020-Q4,823279,,0.213295,1.549181,1.722542,2.306847,0.05851,29813.382585,20,2025
AU,2021-Q1,864370,0.273852,0.273852,1.444162,1.662933,2.289756,0.058517,31301.409978,21,2025
AU,2021-Q2,909967,0.2383,0.34105,1.526662,1.570971,2.280105,0.059205,32952.61304,25,2025
AU,2021-Q3,963984,0.224284,0.420657,1.569082,1.523327,2.272717,0.058743,34908.729359,28,2025
AU,2021-Q4,1006710,0.222805,0.483624,1.346522,1.470116,2.268682,0.058192,36455.964967,28,2025
AU,2022-Q1,1066359,0.233683,0.571531,1.291694,1.427596,2.261024,0.057467,38616.032766,30,2025
AU,2022-Q2,1125184,0.236511,0.658223,1.342375,1.3829,2.255946,0.057316,40746.261074,30,2025
AU,2022-Q3,1181691,0.225841,0.741499,1.338674,1.329991,2.259179,0.056255,42792.547703,31,2025
AU,2022-Q4,1231761,0.223551,0.815289,1.247192,1.30423,2.32077,0.056409,44605.731406,32,2025
AU,2023-Q1,1292102,0.211695,0.904216,1.193788,1.277456,2.278066,0.057013,46790.858585,34,2025
AU,2023-Q2,1366384,0.214365,1.013688,1.231833,1.250764,2.254467,0.056086,49480.83086,35,2025
AU,2023-Q3,1439219,0.217932,1.121028,1.188564,1.214474,2.233705,0.055559,52118.40296,33,2025
AU,2023-Q4,1498591,0.216625,1.208526,1.136803,1.186474,2.221959,0.055502,54268.439765,31,2025
AU,2024-Q1,1574903,0.218869,1.32099,1.051921,1.148822,2.167035,0.054701,57031.924382,30,2025
AU,2024-Q2,1646351,0.204896,1.426285,1.167518,1.135404,2.153533,0.054304,59619.269084,34,2025
AU,2024-Q3,1719948,0.195056,1.534748,1.167689,1.132146,2.137626,0.054464,62284.435471,31,2025
AU,2024-Q4,1785160,0.191226,1.630853,1.04907,1.10906,2.121226,0.055359,64645.956055,30,2025
AU,2025-Q1,1870706,0.187823,1.756925,1.030487,1.100943,2.078021,0.055236,67743.831292,30,2025
AU,2025-Q2,1978084,0.201496,1.915172,1.262402,1.129469,2.050593,0.055322,71632.308218,32,2025
AU,2025-Q3,2106533,0.224766,2.104472,1.296533,1.166442,2.007564,0.054886,76283.828759,34,2025
AU,2025-Q4,2217966,0.242447,2.268694,1.255064,1.216127,1.992495,0.053639,80319.149302,37,2025
AU,2026-Q1,2368357,0.266023,2.490331,1.577529,1.35489,1.934487,0.053282,85765.254961,52,2025
AW,2020-Q1,1006,,0,,,0.893638,,9247.598474,0,2025
AW,2020-Q2,1139,,0.132207,,,1.007902,,10470.193501,0,2025
AW,2020-Q3,1230,,0.222664,,,1.013821,,11306.705888,0,2025
AW,2020-Q4,1304,,0.296223,,,1.047546,,11986.94673,0,2025
AW,2021-Q1,1411,0.402584,0.402584,,,1.122608,,12970.538218,0,2025
AW,2021-Q2,1497,0.314311,0.488072,,,1.032064,,13761.088385,0,2025
AW,2021-Q3,1589,0.29187,0.579523,,,1.011957,,14606.793216,0,2025
AW,2021-Q4,1653,0.267638,0.643141,,,1.064126,,15195.10962,0,2025
AW,2022-Q1,1741,0.233877,0.730616,,,1.004595,,16004.044675,0,2025
AW,2022-Q2,1808,0.207749,0.797217,,,1.072456,,16619.938411,0,2025
AW,2022-Q3,1924,0.210824,0.912525,,,1.089917,,17686.261893,0,2025
AW,2022-Q4,1958,0.184513,0.946322,,,1.058223,,17998.804982,0,2025
AW,2023-Q1,2070,0.188972,1.057654,,,1.103865,,19028.358689,0,2025
AW,2023-Q2,2173,0.201881,1.16004,,,1.090658,,19975.180402,0,2025
AW,2023-Q3,2263,0.176195,1.249503,,,1.012815,,20802.500345,0,2025
AW,2023-Q4,2352,0.201226,1.337972,,,1.031888,,21620.627844,0,2025
AW,2024-Q1,2477,0.196618,1.462227,,,1.039968,,22769.68332,0,2025
AW,2024-Q2,2554,0.175334,1.538767,,,1.092013,,23477.501494,0,2025
AW,2024-Q3,2652,0.171896,1.636183,,,0.976244,0.061463,24378.360987,0,2025
AW,2024-Q4,2828,0.202381,1.811133,,,0.967468,0.083098,25996.231098,0,2025
AW,2025-Q1,2932,0.18369,1.914513,,,1.07367,0.056276,26952.245254,0,2025
AW,2025-Q2,3198,0.252153,2.178926,0.652595,,1.18324,0.060663,29397.435308,0,2025
AW,2025-Q3,3351,0.263575,2.331014,0.5094,,1.208594,0.051328,30803.879211,0,2025
AW,2025-Q4,3570,0.262376,2.548708,,,1.171429,0.047059,32817.024406,0,2025
AW,2026-Q1,3848,0.312415,2.82505,1.014033,,1.153586,0.044958,35372.523785,0,2025
AX,2020-Q1,404,,0,,,1.440594,,,0,
AX,2020-Q2,394,,-0.024752,,,1.548223,,,0,
AX,2020-Q3,472,,0.168317,,,1.745763,,,0,
AX,2020-Q4,514,,0.272277,,,2.256809,,,0,
AX,2021-Q1,596,0.475248,0.475248,,,2.082215,,,0,
AX,2021-Q2,633,0.606599,0.566832,,,2.327014,,,0,
AX,2021-Q3,659,0.396186,0.631188,,,2.147193,,,0,
AX,2021-Q4,701,0.363813,0.735149,,,2.031384,,,0,
AX,2022-Q1,838,0.40604,1.074257,,,1.98568,,,0,
AX,2022-Q2,910,0.437599,1.252475,,,2.179121,,,0,
AX,2022-Q3,962,0.459788,1.381188,,,2.219335,,,0,
AX,2022-Q4,1038,0.480742,1.569307,,,2.258189,,,0,
AX,2023-Q1,1003,0.196897,1.482673,,,2.102692,,,0,
AX,2023-Q2,1032,0.134066,1.554455,,,2.136628,,,0,
AX,2023-Q3,1074,0.116424,1.658416,,,2.08473,,,0,
AX,2023-Q4,1096,0.055877,1.712871,,,1.970803,,,0,
AX,2024-Q1,1142,0.138584,1.826733,,,1.810858,,,0,
AX,2024-Q2,1233,0.194767,2.05198,,,2.088402,,,0,
AX,2024-Q3,1304,0.214153,2.227723,,,2.207055,,,0,
AX,2024-Q4,1362,0.242701,2.371287,1.702643,,2.248899,,,0,
AX,2025-Q1,1439,0.26007,2.561881,2.90549,,2.362057,,,0,
AX,2025-Q2,1533,0.243309,2.794554,3.361383,,2.130463,0.072407,,0,
AX,2025-Q3,1590,0.219325,2.935644,,,2.189308,0.073585,,0,
AX,2025-Q4,1673,0.228341,3.141089,3.095039,,2.193664,0.064555,,0,
AX,2026-Q1,1753,0.218207,3.339109,3.808899,,2.322875,0.068454,,0,
AZ,2020-Q1,25130,,0,1.249901,,2.17493,0.10191,2452.426057,0,2025
AZ,2020-Q2,30536,,0.215121,1.259431,,1.989095,0.088027,2979.995308,0,2025
AZ,2020-Q3,35233,,0.402029,1.157154,,1.92805,0.081231,3438.373549,0,2025
AZ,2020-Q4,37908,,0.508476,1.123694,1.189648,1.842566,0.077583,3699.425666,0,2025
AZ,2021-Q1,42581,0.694429,0.694429,1.262699,1.200563,1.870787,0.072685,4155.461757,0,2025
AZ,2021-Q2,46598,0.526002,0.854278,1.329564,1.226522,1.950749,0.06923,4547.479086,2,2025
AZ,2021-Q3,50341,0.428803,1.003223,1.261099,1.250107,2.034246,0.066208,4912.75687,2,2025
AZ,2021-Q4,54354,0.43384,1.162913,1.453343,1.331803,2.099238,0.062976,5304.383841,2,2025
AZ,2022-Q1,60005,0.409197,1.387784,1.527089,1.401187,2.214882,0.058628,5855.862538,2,2025
AZ,2022-Q2,65003,0.394974,1.586669,1.654662,1.487447,2.399059,0.055874,6343.615241,2,2025
AZ,2022-Q3,70881,0.408017,1.820573,1.538621,1.547476,2.495676,0.053343,6917.246772,2,2025
AZ,2022-Q4,77114,0.418736,2.068603,1.730218,1.617836,2.662876,0.050354,7525.522602,2,2025
AZ,2023-Q1,83478,0.391184,2.321846,1.624428,1.638058,2.728515,0.049845,8146.582667,2,2025
AZ,2023-Q2,89643,0.379059,2.567171,1.683121,1.647277,2.807458,0.048269,8748.222406,2,2025
AZ,2023-Q3,97249,0.372004,2.869837,1.433403,1.609585,2.815474,0.046026,9490.488725,2,2025
AZ,2023-Q4,103201,0.338291,3.106685,1.705497,1.61118,2.855767,0.044554,10071.341884,2,2025
AZ,2024-Q1,110204,0.320156,3.385356,1.825868,1.667522,2.866675,0.043047,10754.761688,2,2025
AZ,2024-Q2,115054,0.283469,3.578353,1.48791,1.615694,2.966859,0.042849,11228.071134,2,2025
AZ,2024-Q3,120797,0.242141,3.806884,1.387071,1.593682,2.986481,0.043006,11788.528072,2,2025
AZ,2024-Q4,126911,0.229746,4.050179,1.223527,1.46996,2.949145,0.042282,12385.190743,2,2025
AZ,2025-Q1,136030,0.234347,4.413052,1.158164,1.306292,2.904764,0.041594,13275.110091,2,2025
AZ,2025-Q2,143069,0.243494,4.693156,1.334363,1.27425,2.915943,0.041581,13962.04312,2,2025
AZ,2025-Q3,157848,0.306721,5.281257,1.280453,1.251817,2.793434,0.039741,15404.319471,2,2025
AZ,2025-Q4,176566,0.391258,6.026104,1.799678,1.415341,2.616631,0.037012,17231.001164,0,2025
AZ,2026-Q1,195331,0.435941,6.772821,1.818626,1.584419,2.520015,0.03536,19062.269567,2,2025
BA,2020-Q1,28503,,0,1.544855,,1.985265,0.053433,9077.113909,0,2025
BA,2020-Q2,30889,,0.08371,1.579235,,1.970378,0.053773,9836.963531,0,2025
BA,2020-Q3,32844,,0.1523,1.194221,,2.015102,0.053526,10459.55616,0,2025
BA,2020-Q4,35753,,0.254359,1.321735,1.400847,1.974659,0.051017,11385.961253,0,2025
BA,2021-Q1,38521,0.351472,0.351472,2.037175,1.548719,2.055814,0.050803,12267.463246,0,2025
BA,2021-Q2,40680,0.316974,0.427218,1.588201,1.553208,2.084022,0.051573,12955.022061,2,2025
BA,2021-Q3,42709,0.300359,0.498404,1.39261,1.584487,2.117657,0.050715,13601.180856,2,2025
BA,2021-Q4,45481,0.272089,0.595657,1.177129,1.529927,2.087377,0.04879,14483.956696,2,2025
BA,2022-Q1,48428,0.257184,0.699049,1.318659,1.362012,2.071467,0.048051,15422.463333,2,2025
BA,2022-Q2,50835,0.249631,0.783496,1.313878,1.299873,2.071388,0.046582,16189.000651,2,2025
BA,2022-Q3,53194,0.245499,0.86626,1.041396,1.210399,2.073881,0.046058,16940.251808,2,2025
BA,2022-Q4,56236,0.236472,0.972985,1.113468,1.19153,2.063056,0.044776,17909.012307,2,2025
BA,2023-Q1,59368,0.225902,1.082868,1.246025,1.178229,2.040106,0.044536,18906.434359,0,2025
BA,2023-Q2,62183,0.223232,1.18163,1.25552,1.169183,2.044208,0.044192,19802.904052,0,2025
BA,2023-Q3,64438,0.211377,1.260744,1.005463,1.153692,2.045144,0.043918,20521.035192,2,2025
BA,2023-Q4,67206,0.195071,1.357857,1.058998,1.137491,2.006874,0.043791,21402.537184,2,2025
BA,2024-Q1,70334,0.184712,1.4676,1.084667,1.099034,1.96865,0.044161,22398.68539,0,2025
BA,2024-Q2,72427,0.16474,1.541031,1.110484,1.066595,1.978585,0.044845,23065.225734,0,2025
BA,2024-Q3,74838,0.161395,1.625618,0.923876,1.042924,1.988362,0.044309,23833.036899,0,2025
BA,2024-Q4,77322,0.150522,1.712767,0.976514,1.02185,1.968431,0.044657,24624.095768,2,2025
BA,2025-Q1,81944,0.16507,1.874925,1.051218,1.015287,1.937506,0.044213,26096.025757,0,2025
BA,2025-Q2,83971,0.159388,1.946041,1.190661,1.039909,1.968632,0.044932,26741.547628,0,2025
BA,2025-Q3,87805,0.173268,2.080553,1.024623,1.062086,1.917681,0.044132,27962.529796,0,2025
BA,2025-Q4,93254,0.206047,2.271726,1.1595,1.107337,1.849272,0.043794,29697.827613,0,2025
BA,2026-Q1,99259,0.211303,2.482405,1.371775,1.192012,1.802043,0.043321,31610.190138,0,2025
BB,2020-Q1,3049,,0,0.798295,,1.655953,0.041981,10788.223181,0,2025
BB,2020-Q2,3428,,0.124303,1.101517,,1.54755,0.042299,12129.232228,0,2025
BB,2020-Q3,3686,,0.208921,0.755833,,1.558871,0.040423,13042.109099,0,2025
BB,2020-Q4,3970,,0.302066,0.9,0.889337,1.764232,0.042821,14046.981314,0,2025
BB,2021-Q1,4343,0.424401,0.424401,0.975823,0.931678,1.798526,0.043979,15366.760667,0,2025
BB,2021-Q2,4566,0.331972,0.49754,0.843846,0.872321,1.707622,0.043364,16155.797653,0,2025
BB,2021-Q3,4743,0.286761,0.555592,0.70272,0.851038,1.66751,0.039848,16782.073646,0,2025
BB,2021-Q4,4985,0.255668,0.634962,0.573521,0.766379,1.655968,0.039117,17638.337998,0,2025
BB,2022-Q1,5327,0.226571,0.74713,0.660409,0.691249,1.671109,0.039234,18848.430595,0,2025
BB,2022-Q2,5591,0.224485,0.833716,0.766589,0.677904,1.625827,0.038455,19782.537161,0,2025
BB,2022-Q3,5796,0.222011,0.900951,0.64648,0.664086,1.592305,0.035197,20507.885062,0,2025
BB,2022-Q4,6001,0.203811,0.968186,0.86269,0.73643,1.569238,0.036327,21233.232964,0,2025
BB,2023-Q1,6223,0.1682,1.040997,0.616262,0.721909,1.559859,0.037281,22018.731667,0,2025
BB,2023-Q2,6491,0.160973,1.128895,0.784009,0.728163,1.507318,0.03605,22966.991363,0,2025
BB,2023-Q3,6728,0.160801,1.206625,0.672265,0.731989,1.47503,0.035077,23805.564303,0,2025
BB,2023-Q4,6973,0.161973,1.286979,0.393518,0.612947,1.501076,0.036283,24672.443502,0,2025
BB,2024-Q1,7291,0.171621,1.391276,0.470443,0.574391,1.486765,0.035935,25797.617321,0,2025
BB,2024-Q2,7497,0.154984,1.458839,0.542084,0.51813,1.417767,0.032813,26526.503505,0,2025
BB,2024-Q3,7720,0.147444,1.531978,0.519301,0.48326,1.393653,0.037435,27315.54049,0,2025
BB,2024-Q4,8230,0.180267,1.699246,0.544471,0.520008,1.405832,0.047995,29120.064538,0,2025
BB,2025-Q1,8685,0.191195,1.848475,0.507427,0.527854,1.446056,0.042602,30729.983052,0,2025
BB,2025-Q2,9168,0.222889,2.006888,0.535013,0.52664,1.481457,0.040358,32438.973473,0,2025
BB,2025-Q3,9533,0.234845,2.126599,0.485786,0.517296,1.395468,0.035666,33730.446567,0,2025
BB,2025-Q4,9982,0.21288,2.27386,0.819575,0.592057,1.403025,0.034562,35319.135385,0,2025
BB,2026-Q1,10660,0.227404,2.496228,0.933583,0.703276,1.407692,0.034615,37718.090884,0,2025
BD,2020-Q1,215789,,0,1.368105,,2.728967,0.122745,1228.258915,3,2025
BD,2020-Q2,246934,,0.144331,1.57988,,2.657285,0.111495,1405.534513,7,2025
BD,2020-Q3,279159,,0.293666,1.814428,,2.700124,0.101809,1588.95741,15,2025
BD,2020-Q4,312435,,0.447873,1.483272,1.57001,2.709114,0.0941,1778.36254,17,2025
BD,2021-Q1,342028,0.585011,0.585011,1.805791,1.675225,2.847273,0.089165,1946.804241,17,2025
BD,2021-Q2,376506,0.524723,0.744788,1.639998,1.683072,2.89759,0.084283,2143.051088,20,2025
BD,2021-Q3,413698,0.481944,0.917141,2.096931,1.776203,3.107755,0.078872,2354.745871,26,2025
BD,2021-Q4,458953,0.468955,1.12686,1.572283,1.774904,3.402882,0.074461,2612.334799,27,2025
BD,2022-Q1,498464,0.457378,1.30996,1.909416,1.807225,3.399896,0.069869,2837.229201,30,2025
BD,2022-Q2,529276,0.405757,1.452748,1.590546,1.780009,3.39991,0.066565,3012.609381,27,2025
BD,2022-Q3,568145,0.373333,1.632873,2.060803,1.793841,3.498758,0.063303,3233.849554,29,2025
BD,2022-Q4,615925,0.342022,1.854293,1.579272,1.780063,3.466744,0.059251,3505.810641,35,2025
BD,2023-Q1,711521,0.427427,2.2973,1.655719,1.716987,3.263011,0.053743,4049.937725,41,2025
BD,2023-Q2,805826,0.522506,2.734324,1.344645,1.630691,3.063587,0.048473,4586.716509,32,2025
BD,2023-Q3,945696,0.664533,3.382503,1.610082,1.544995,2.848091,0.042631,5382.848723,39,2025
BD,2023-Q4,1073374,0.742702,3.974183,1.26516,1.45409,2.663815,0.038617,6109.584756,33,2025
BD,2024-Q1,1156619,0.625558,4.359953,1.380955,1.396812,2.650042,0.039558,6583.410639,31,2025
BD,2024-Q2,1200916,0.490292,4.565233,1.039756,1.308443,2.674278,0.044529,6835.546685,29,2025
BD,2024-Q3,1247382,0.319009,4.780563,1.261575,1.234971,2.726021,0.038389,7100.028557,41,2025
BD,2024-Q4,1321053,0.230748,5.121966,1.330944,1.254131,2.72819,0.040603,7519.359767,37,2025
BD,2025-Q1,1399654,0.210125,5.486216,1.339326,1.248822,2.730403,0.04152,7966.752262,46,2025
BD,2025-Q2,1475344,0.228516,5.836975,1.352584,1.323068,2.734261,0.036781,8397.575507,48,2025
BD,2025-Q3,1612960,0.293076,6.474709,1.590491,1.410527,2.679707,0.03384,9180.87808,52,2025
BD,2025-Q4,1748240,0.323369,7.101618,1.474398,1.445291,2.606419,0.032109,9950.884272,47,2025
BD,2026-Q1,1882249,0.344796,7.722636,1.608055,1.512963,2.573135,0.030872,10713.656002,59,2025
BE,2020-Q1,215927,,0,2.414362,,2.559374,0.060558,18081.641256,2,2025
BE,2020-Q2,232366,,0.076132,2.612818,,2.523175,0.061567,19458.23659,3,2025
BE,2020-Q3,246364,,0.14096,1.925265,,2.50069,0.061872,20630.423552,3,2025
BE,2020-Q4,265029,,0.227401,2.291598,2.302953,2.476921,0.061906,22193.423242,5,2025
BE,2021-Q1,282771,0.309568,0.309568,2.214884,2.255259,2.444667,0.062499,23679.131279,8,2025
BE,2021-Q2,296092,0.274248,0.37126,2.064892,2.127353,2.460354,0.062639,24794.62653,7,2025
BE,2021-Q3,308251,0.251201,0.42757,1.577802,2.023535,2.447823,0.062482,25812.816363,5,2025
BE,2021-Q4,325754,0.229126,0.50863,1.959604,1.947789,2.443402,0.061964,27278.510634,9,2025
BE,2022-Q1,347648,0.229433,0.610026,1.866765,1.866635,2.413683,0.060412,29111.905502,9,2025
BE,2022-Q2,364198,0.230016,0.686672,1.882037,1.827185,2.407869,0.060107,30497.795932,10,2025
BE,2022-Q3,378625,0.228301,0.753486,1.460947,1.783552,2.392969,0.06026,31705.907184,7,2025
BE,2022-Q4,397241,0.219451,0.8397,1.808378,1.751632,2.298937,0.05944,33264.803634,8,2025
BE,2023-Q1,418586,0.204051,0.938553,1.710263,1.714842,2.262431,0.059715,35052.22546,10,2025
BE,2023-Q2,437457,0.201152,1.025949,1.724563,1.680135,2.309096,0.05954,36632.475508,9,2025
BE,2023-Q3,454427,0.200203,1.10454,1.324985,1.634226,2.276135,0.059303,38053.53657,9,2025
BE,2023-Q4,476604,0.199786,1.207246,1.568296,1.577931,2.237533,0.05899,39910.629746,8,2025
BE,2024-Q1,501472,0.198014,1.322415,1.48859,1.52435,2.20373,0.058741,41993.066193,7,2025
BE,2024-Q2,518561,0.185399,1.401557,1.565181,1.490311,2.197726,0.058577,43424.092269,8,2025
BE,2024-Q3,536055,0.179628,1.482575,1.26534,1.467943,2.161493,0.058686,44889.032884,7,2025
BE,2024-Q4,560768,0.176591,1.597026,1.511636,1.456923,2.142852,0.058773,46958.489693,8,2025
BE,2025-Q1,589582,0.175703,1.730469,1.450171,1.447916,2.113431,0.059257,49371.362613,9,2025
BE,2025-Q2,617775,0.191326,1.861036,1.621328,1.468019,2.08748,0.058338,51732.233241,7,2025
BE,2025-Q3,652073,0.216429,2.019877,1.348045,1.480586,2.032271,0.057234,54604.334144,7,2025
BE,2025-Q4,696057,0.241257,2.223576,1.638001,1.516649,1.963382,0.055363,58287.536842,10,2025
BE,2026-Q1,748934,0.27028,2.468459,1.91993,1.642338,1.905074,0.05475,62715.43583,13,2025
BF,2020-Q1,2530,,0,0.406719,,1.205929,0.108696,105.090099,0,2025
BF,2020-Q2,2888,,0.141502,0.558864,,1.213989,0.102493,119.960556,0,2025
BF,2020-Q3,3346,,0.32253,0.587567,,1.176031,0.097729,138.984771,0,2025
BF,2020-Q4,3820,,0.509881,0.757853,0.596313,1.279581,0.090052,158.673588,0,2025
BF,2021-Q1,4382,0.732016,0.732016,0.504336,0.601621,1.265404,0.081698,182.017713,0,2025
BF,2021-Q2,5162,0.787396,1.040316,0.50988,0.58067,1.245641,0.074777,214.417032,0,2025
BF,2021-Q3,5786,0.729229,1.286957,0.450225,0.540052,1.292776,0.069651,240.336488,0,2025
BF,2021-Q4,6433,0.684031,1.542688,0.476294,0.482976,1.271258,0.0642,267.211308,0,2025
BF,2022-Q1,7180,0.638521,1.837945,0.731337,0.551769,1.340529,0.059192,298.239886,0,2025
BF,2022-Q2,7772,0.505618,2.071937,0.770973,0.622428,1.3649,0.056999,322.830139,0,2025
BF,2022-Q3,8465,0.463014,2.34585,0.964914,0.752931,1.436149,0.055523,351.615688,0,2025
BF,2022-Q4,9154,0.422975,2.618182,0.781844,0.815695,1.410094,0.051999,380.235086,0,2025
BF,2023-Q1,9991,0.391504,2.949012,0.877189,0.850178,1.408067,0.050746,415.002048,0,2025
BF,2023-Q2,10891,0.401312,3.304743,0.720962,0.829615,1.428611,0.048113,452.385878,0,2025
BF,2023-Q3,11888,0.404371,3.698814,0.676312,0.758825,1.504795,0.046686,493.798853,0,2025
BF,2023-Q4,12709,0.388355,4.02332,0.631836,0.718705,1.516642,0.046502,527.901214,0,2025
BF,2024-Q1,13706,0.371835,4.417391,0.466511,0.616254,1.538815,0.044871,569.314189,0,2025
BF,2024-Q2,14728,0.352309,4.821344,0.48934,0.559503,1.514326,0.044202,611.765605,0,2025
BF,2024-Q3,16009,0.346652,5.327668,0.624774,0.553489,1.528578,0.04435,664.975256,0,2025
BF,2024-Q4,17340,0.364387,5.853755,0.615225,0.5547,1.505709,0.043426,720.261786,0,2025
BF,2025-Q1,19673,0.435357,6.775889,0.673004,0.606893,1.479134,0.043003,817.168981,0,2025
BF,2025-Q2,21988,0.492939,7.690909,1.143669,0.787322,1.481945,0.040204,913.328498,0,2025
BF,2025-Q3,25952,0.621088,9.257708,0.997341,0.882111,1.422665,0.036298,1077.9835,0,2025
BF,2025-Q4,29644,0.709573,10.716996,1.06379,0.98507,1.370868,0.034746,1231.340277,0,2025
BF,2026-Q1,33834,0.719819,12.373123,1.624815,1.234441,1.345392,0.032985,1405.382773,0,2025
BG,2020-Q1,105264,,0,2.183463,,2.659827,0.08587,16362.359485,1,2025
BG,2020-Q2,112717,,0.070803,2.386747,,2.615763,0.084167,17520.862537,1,2025
BG,2020-Q3,118753,,0.128144,1.834876,,2.593063,0.083164,18459.105448,1,2025
BG,2020-Q4,126053,,0.197494,2.148723,2.134064,2.567777,0.080807,19593.826001,1,2025
BG,2021-Q1,134389,0.276685,0.276685,2.487399,2.220023,2.571327,0.078615,20889.583607,3,2025
BG,2021-Q2,140723,0.248463,0.336858,2.070159,2.143315,2.576409,0.07713,21874.147988,4,2025
BG,2021-Q3,147125,0.238916,0.397676,1.800449,2.118116,2.577285,0.075725,22869.282369,4,2025
BG,2021-Q4,154311,0.224176,0.465943,2.092443,2.104553,2.566739,0.074259,23986.282627,4,2025
BG,2022-Q1,164895,0.226998,0.56649,2.132872,2.027492,2.551539,0.071476,25631.471987,5,2025
BG,2022-Q2,174422,0.23947,0.656996,2.375067,2.112736,2.576051,0.069372,27112.360029,5,2025
BG,2022-Q3,182284,0.238974,0.731684,2.141153,2.188375,2.604842,0.068448,28334.43852,5,2025
BG,2022-Q4,190603,0.235187,0.810714,2.357507,2.254424,2.588532,0.066851,29627.553626,6,2025
BG,2023-Q1,201316,0.220874,0.912487,2.533211,2.356168,2.58278,0.066075,31292.794898,5,2025
BG,2023-Q2,211762,0.214078,1.011723,2.18279,2.30526,2.582031,0.064691,32916.533376,5,2025
BG,2023-Q3,221792,0.216739,1.107007,1.913369,2.236204,2.564808,0.064484,34475.608327,5,2025
BG,2023-Q4,231344,0.213748,1.19775,2.210729,2.202709,2.548616,0.063645,35960.382398,5,2025
BG,2024-Q1,242757,0.205851,1.306173,2.327282,2.162722,2.5375,0.063347,37734.432489,5,2025
BG,2024-Q2,258010,0.218396,1.451075,1.873861,2.080136,2.476989,0.060804,40105.376679,5,2025
BG,2024-Q3,259725,0.17103,1.467368,1.625877,1.998475,2.544022,0.062936,40371.958288,5,2025
BG,2024-Q4,267729,0.157277,1.543405,1.719769,1.878149,2.546067,0.063508,41616.109426,5,2025
BG,2025-Q1,283597,0.168234,1.69415,1.837206,1.765301,2.523927,0.063901,44082.649936,5,2025
BG,2025-Q2,295287,0.144479,1.805204,1.759204,1.738356,2.541575,0.064155,45899.757232,5,2025
BG,2025-Q3,315133,0.213333,1.99374,1.533118,1.707829,2.493541,0.063113,48984.642723,4,2025
BG,2025-Q4,337077,0.259023,2.202206,1.608004,1.6779,2.422485,0.060532,52395.643792,6,2025
BG,2026-Q1,362099,0.276808,2.439913,2.020146,1.738032,2.356665,0.060715,56285.092787,6,2025
BH,2020-Q1,9381,,0,0.496642,,1.260953,0.080482,5861.784117,0,2025
BH,2020-Q2,10836,,0.155101,0.687984,,1.234681,0.073367,6770.951145,0,2025
BH,2020-Q3,12182,,0.298582,0.666721,,1.18987,0.067887,7612.008753,0,2025
BH,2020-Q4,13588,,0.44846,0.852149,0.691826,1.156388,0.064395,8490.557785,0,2025
BH,2021-Q1,14877,0.585865,0.585865,0.979835,0.810617,1.202863,0.061706,9295.99854,0,2025
BH,2021-Q2,16170,0.492248,0.723697,0.922078,0.865727,1.254855,0.059555,10103.938724,0,2025
BH,2021-Q3,17405,0.428747,0.855346,0.680379,0.852805,1.228498,0.057282,10875.637198,2,2025
BH,2021-Q4,19084,0.404475,1.034325,0.698438,0.809317,1.290348,0.054129,11924.772208,2,2025
BH,2022-Q1,20701,0.391477,1.206694,0.700546,0.744043,1.311531,0.050674,12935.166081,2,2025
BH,2022-Q2,22089,0.366048,1.354653,0.604328,0.668803,1.311784,0.048124,13802.467686,0,2025
BH,2022-Q3,23345,0.341281,1.488541,0.465153,0.61065,1.326794,0.046691,14587.288158,0,2025
BH,2022-Q4,24950,0.307378,1.659631,0.686934,0.613153,1.347495,0.046253,15590.183745,0,2025
BH,2023-Q1,26988,0.303705,1.876879,0.759856,0.635234,1.395064,0.046799,16863.642442,0,2025
BH,2023-Q2,29282,0.325637,2.121416,0.667748,0.650868,1.357831,0.044123,18297.064546,0,2025
BH,2023-Q3,31017,0.328636,2.306364,0.539478,0.658713,1.299771,0.043621,19381.191552,0,2025
BH,2023-Q4,33198,0.330581,2.538855,0.819658,0.697215,1.343123,0.042533,20744.004809,0,2025
BH,2024-Q1,35254,0.306284,2.758022,0.828076,0.719917,1.322545,0.041357,22028.710932,0,2025
BH,2024-Q2,36939,0.261492,2.93764,0.729419,0.733689,1.369772,0.041365,23081.595085,0,2025
BH,2024-Q3,38462,0.24003,3.099989,0.755577,0.781416,1.374006,0.042093,24033.252394,0,2025
BH,2024-Q4,40923,0.232695,3.362328,1.151162,0.872864,1.483616,0.042421,25571.025628,0,2025
BH,2025-Q1,45181,0.281585,3.816224,0.783405,0.857614,1.46763,0.040437,28231.667006,0,2025
BH,2025-Q2,47722,0.291914,4.087091,1.052471,0.939073,1.515674,0.040003,29819.428806,0,2025
BH,2025-Q3,51539,0.339998,4.493977,1.365878,1.095816,1.582355,0.037137,32204.508219,0,2025
BH,2025-Q4,57359,0.401632,5.11438,1.342823,1.154801,1.547639,0.035008,35841.176331,0,2025
BH,2026-Q1,62656,0.386778,5.679032,1.226331,1.251765,1.505794,0.033804,39151.044199,0,2025
BI,2020-Q1,1009,,0,,,1.564916,0.102081,70.118123,0,2025
BI,2020-Q2,1136,,0.125867,,,1.645246,0.097711,78.943694,0,2025
BI,2020-Q3,1324,,0.31219,1.099698,,1.729607,0.086858,92.00832,0,2025
BI,2020-Q4,1481,,0.46779,0.853477,,1.771776,0.07765,102.918672,0,2025
BI,2021-Q1,1615,0.600595,0.600595,,,1.811765,0.075542,112.230692,0,2025
BI,2021-Q2,1804,0.588028,0.787909,1.070953,,1.787694,0.075388,125.364811,0,2025
BI,2021-Q3,1965,0.484139,0.947473,1.236132,,1.849873,0.072774,136.553133,0,2025
BI,2021-Q4,2151,0.452397,1.131814,1.353789,,1.800558,0.0702,149.478774,0,2025
BI,2022-Q1,2363,0.463158,1.341923,1.628438,1.342629,1.906475,0.068134,164.211224,0,2025
BI,2022-Q2,2614,0.449002,1.590684,1.903596,1.557792,1.960979,0.060061,181.653888,0,2025
BI,2022-Q3,2845,0.447837,1.819623,1.780668,1.684749,2.035852,0.059051,197.7067,0,2025
BI,2022-Q4,3066,0.425384,2.038652,1.940639,1.82219,2.058056,0.058708,213.064584,0,2025
BI,2023-Q1,3326,0.407533,2.296333,2.130186,1.947262,2.104029,0.060132,231.132683,0,2025
BI,2023-Q2,3572,0.366488,2.540139,1.646697,1.872355,2.177212,0.058231,248.227884,0,2025
BI,2023-Q3,3858,0.356063,2.823588,1.359253,1.74801,2.168481,0.060394,268.102793,0,2025
BI,2023-Q4,4119,0.343444,3.08226,0.896091,1.472403,2.10925,0.057053,286.240385,0,2025
BI,2024-Q1,4465,0.342453,3.425173,1.001344,1.204446,2.116909,0.056663,310.284855,0,2025
BI,2024-Q2,4823,0.350224,3.77998,1.286336,1.135824,2.144723,0.056189,335.163238,0,2025
BI,2024-Q3,5273,0.36677,4.225966,1.312346,1.139507,2.124028,0.052911,366.434948,0,2025
BI,2024-Q4,5680,0.378975,4.629336,0.974824,1.142829,2.198063,0.052817,394.718472,0,2025
BI,2025-Q1,6299,0.41075,5.242815,0.936022,1.112435,2.121448,0.050484,437.734447,0,2025
BI,2025-Q2,6964,0.443915,5.901883,1.130672,1.083044,2.049684,0.048966,483.947085,0,2025
BI,2025-Q3,7791,0.477527,6.721506,1.042485,1.025997,1.949942,0.047362,541.417538,0,2025
BI,2025-Q4,8509,0.498063,7.433102,1.420261,1.149308,1.907275,0.044659,591.313289,0,2025
BI,2026-Q1,9617,0.52675,8.531219,1.729333,1.359813,1.86867,0.040865,668.311188,0,2025
BJ,2020-Q1,6329,,0,0.571022,,1.320746,0.116606,427.217732,0,2025
BJ,2020-Q2,7239,,0.143783,0.647051,,1.296864,0.107197,488.644203,0,2025
BJ,2020-Q3,8303,,0.311898,0.71155,,1.302421,0.098278,560.465923,0,2025
BJ,2020-Q4,9483,,0.498341,0.642413,0.647382,1.261415,0.090372,640.117831,0,2025
BJ,2021-Q1,11223,0.773266,0.773266,0.523924,0.62249,1.22837,0.079123,757.570644,0,2025
BJ,2021-Q2,13229,0.827462,1.09022,0.668834,0.632795,1.210522,0.072114,892.978887,2,2025
BJ,2021-Q3,14569,0.754667,1.301943,1.052577,0.745402,1.319171,0.067678,983.431053,2,2025
BJ,2021-Q4,16107,0.698513,1.544952,0.813001,0.782869,1.365493,0.06432,1087.24854,2,2025
BJ,2022-Q1,17593,0.567584,1.779744,1.264025,0.967771,1.45035,0.061445,1187.555942,2,2025
BJ,2022-Q2,19009,0.436919,2.003476,1.645273,1.217976,1.525909,0.059235,1283.138231,2,2025
BJ,2022-Q3,20636,0.416432,2.260547,1.644069,1.370714,1.568521,0.059798,1392.963361,2,2025
BJ,2022-Q4,21971,0.364065,2.47148,1.61481,1.551831,1.621592,0.058122,1483.07802,2,2025
BJ,2023-Q1,23839,0.355028,2.76663,1.536977,1.606939,1.672595,0.059105,1609.17104,0,2025
BJ,2023-Q2,25934,0.364301,3.097646,1.130986,1.465436,1.696846,0.057145,1750.586927,0,2025
BJ,2023-Q3,27719,0.343235,3.379681,1.14766,1.339815,1.704282,0.057001,1871.077312,2,2025
BJ,2023-Q4,29437,0.339812,3.65113,0.882631,1.15745,1.694262,0.05646,1987.04509,2,2025
BJ,2024-Q1,31293,0.312681,3.944383,0.947528,1.020921,1.697632,0.05506,2112.32809,2,2025
BJ,2024-Q2,33682,0.298758,4.321852,0.950716,0.978187,1.717624,0.053975,2273.589452,2,2025
BJ,2024-Q3,35779,0.290775,4.653184,0.992314,0.945987,1.737192,0.053551,2415.140343,2,2025
BJ,2024-Q4,38346,0.302646,5.058777,0.979137,0.968533,1.728081,0.051453,2588.416993,2,2025
BJ,2025-Q1,42377,0.354201,5.695687,1.034217,0.991444,1.756613,0.050782,2860.516009,2,2025
BJ,2025-Q2,47014,0.39582,6.428346,1.363424,1.106785,1.814417,0.050219,3173.521006,2,2025
BJ,2025-Q3,53043,0.482518,7.380945,1.427898,1.223659,1.787116,0.047716,3580.488253,0,2025
BJ,2025-Q4,59062,0.540239,8.331964,1.543903,1.364062,1.763215,0.045918,3986.780483,0,2025
BJ,2026-Q1,66467,0.568469,9.501975,2.036725,1.624219,1.773752,0.04348,4486.629955,0,2025
BM,2020-Q1,1061,,0,,,2.838831,0.096136,16435.597552,0,2025
BM,2020-Q2,1163,,0.096136,,,2.760103,0.094583,18015.645574,0,2025
BM,2020-Q3,1240,,0.168709,,,2.298387,0.091129,19208.426923,0,2025
BM,2020-Q4,1329,,0.252592,,,2.405568,0.088789,20587.096274,0,2025
BM,2021-Q1,1421,0.339303,0.339303,,,2.606615,0.097818,22012.237627,0,2025
BM,2021-Q2,1482,0.274291,0.396795,,,2.466937,0.093117,22957.168306,0,2025
BM,2021-Q3,1560,0.258065,0.470311,,,2.146795,0.104487,24165.440322,0,2025
BM,2021-Q4,1631,0.227239,0.537229,,,1.893317,0.09626,25265.27767,0,2025
BM,2022-Q1,1710,0.203378,0.611687,,,2.082456,0.092982,26489.040353,0,2025
BM,2022-Q2,1756,0.184885,0.655042,,,1.846811,0.088269,27201.611029,0,2025
BM,2022-Q3,1826,0.170513,0.721018,,,2.057503,0.088171,28285.95771,0,2025
BM,2022-Q4,1883,0.154506,0.774741,,,1.942114,0.083909,29168.925722,0,2025
BM,2023-Q1,1927,0.126901,0.816211,,,1.829268,0.092372,29850.515065,0,2025
BM,2023-Q2,1993,0.134966,0.878417,,,1.80582,0.088309,30872.899078,0,2025
BM,2023-Q3,2061,0.128697,0.942507,,,1.837458,0.089762,31926.264426,0,2025
BM,2023-Q4,2161,0.147637,1.036758,,,1.779732,0.08746,33475.331113,0,2025
BM,2024-Q1,2215,0.149455,1.087653,,,1.730023,0.082619,34311.827124,0,2025
BM,2024-Q2,2281,0.144506,1.149859,,,1.709776,0.083297,35334.211138,0,2025
BM,2024-Q3,2382,0.15575,1.245052,,,1.759026,0.095298,36898.768492,0,2025
BM,2024-Q4,2662,0.231837,1.508954,,,1.651014,0.127348,41236.155216,0,2025
BM,2025-Q1,2658,0.2,1.505184,,,1.716328,0.092551,41174.192549,0,2025
BM,2025-Q2,2765,0.212188,1.606032,,,1.627125,0.084268,42831.693904,0,2025
BM,2025-Q3,2923,0.22712,1.754948,,,1.686623,0.082792,45279.21927,0,2025
BM,2025-Q4,2996,0.12547,1.823751,,,1.635514,0.078104,46410.037952,0,2025
BM,2026-Q1,3257,0.225357,2.069746,1.698803,,1.445502,0.074302,50453.102006,0,2025
BN,2020-Q1,3960,,0,0.559343,,1.107323,0.067172,8491.840542,0,2025
BN,2020-Q2,4387,,0.107828,0.897424,,1.070891,0.063825,9407.501126,0,2025
BN,2020-Q3,4740,,0.19697,0.491561,,1.063502,0.06308,10164.4758,0,2025
BN,2020-Q4,5075,,0.281566,0.96197,0.735822,1.105222,0.067192,10882.8512,0,2025
BN,2021-Q1,5468,0.380808,0.380808,0.830651,0.797712,1.141368,0.065655,11725.602041,0,2025
BN,2021-Q2,5931,0.351949,0.497727,1.370427,0.937211,1.187658,0.06289,12718.461176,0,2025
BN,2021-Q3,6362,0.342194,0.606566,0.638007,0.946357,1.183433,0.058787,13642.699376,0,2025
BN,2021-Q4,6853,0.350345,0.730556,0.719247,0.879906,1.174084,0.054721,14695.601827,0,2025
BN,2022-Q1,7549,0.380578,0.906313,1.209697,0.983255,1.164658,0.050868,16188.107134,0,2025
BN,2022-Q2,7887,0.329793,0.991667,0.742868,0.836934,1.096995,0.048561,16912.915746,0,2025
BN,2022-Q3,8241,0.295347,1.081061,0.444364,0.772421,1.081179,0.047082,17672.034825,0,2025
BN,2022-Q4,8564,0.249672,1.162626,0.578234,0.732142,1.09283,0.045072,18364.677374,0,2025
BN,2023-Q1,9012,0.193801,1.275758,0.456502,0.551478,1.095539,0.045273,19325.370446,0,2025
BN,2023-Q2,9548,0.2106,1.411111,0.454441,0.482596,1.055195,0.042522,20474.771085,0,2025
BN,2023-Q3,10115,0.2274,1.554293,0.455166,0.483606,1.057439,0.041028,21690.648253,0,2025
BN,2023-Q4,10536,0.230266,1.660606,0.404897,0.441789,1.035213,0.040148,22593.442412,0,2025
BN,2024-Q1,11280,0.251664,1.848485,0.302305,0.400661,1.001241,0.038298,24188.87912,0,2025
BN,2024-Q2,11596,0.214495,1.928283,0.42851,0.396283,0.987065,0.037944,24866.51084,0,2025
BN,2024-Q3,12070,0.193277,2.04798,0.433886,0.393167,1.003563,0.039685,25882.95842,0,2025
BN,2024-Q4,12749,0.210042,2.219444,0.43823,0.402621,1.000784,0.041807,27339.008856,0,2025
BN,2025-Q1,14635,0.297429,2.695707,0.463956,0.44237,0.922993,0.037035,31383.355135,0,2025
BN,2025-Q2,14444,0.245602,2.647475,0.488369,0.457679,0.995084,0.039809,30973.773937,0,2025
BN,2025-Q3,15345,0.271334,2.875,0.598957,0.500621,1.014272,0.036168,32905.882101,0,2025
BN,2025-Q4,16465,0.291474,3.157828,0.463104,0.503539,1.073428,0.032797,35307.614779,0,2025
BN,2026-Q1,17551,0.199248,3.432071,0.540083,0.522671,1.005926,0.030938,37636.437716,0,2025
BO,2020-Q1,37160,,0,1.042869,,2.248305,0.073762,2953.462382,0,2025
BO,2020-Q2,41552,,0.118192,1.415672,,2.199942,0.070634,3302.536838,0,2025
BO,2020-Q3,45980,,0.237352,1.228621,,2.161853,0.06679,3654.47256,0,2025
BO,2020-Q4,49502,,0.332131,1.16664,1.216001,2.177266,0.064906,3934.399754,0,2025
BO,2021-Q1,52758,0.419752,0.419752,0.966318,1.180492,2.19216,0.06255,4193.18537,0,2025
BO,2021-Q2,56922,0.369898,0.531808,1.329872,1.174306,2.206669,0.060838,4524.138475,2,2025
BO,2021-Q3,61087,0.328556,0.643891,1.116424,1.146916,2.221291,0.05867,4855.171059,2,2025
BO,2021-Q4,64703,0.307079,0.7412,1.142003,1.141419,2.255815,0.056628,5142.569336,2,2025
BO,2022-Q1,69079,0.309356,0.858961,0.885884,1.108002,2.2541,0.054633,5490.372118,2,2025
BO,2022-Q2,74140,0.302484,0.995156,1.246358,1.099186,2.26806,0.052509,5892.618434,2,2025
BO,2022-Q3,79145,0.295611,1.129844,1.05145,1.082357,2.242782,0.051172,6290.413892,2,2025
BO,2022-Q4,84311,0.303046,1.268864,1.223648,1.108617,2.262658,0.049223,6701.005568,2,2025
BO,2023-Q1,89616,0.297297,1.411625,0.917995,1.103431,2.259786,0.048998,7122.64491,0,2025
BO,2023-Q2,98155,0.323914,1.641416,1.214273,1.104237,2.200866,0.046437,7801.321317,0,2025
BO,2023-Q3,105628,0.334614,1.842519,0.963457,1.075929,2.163612,0.044969,8395.272457,2,2025
BO,2023-Q4,113392,0.344925,2.051453,1.184149,1.075479,2.150619,0.043548,9012.352165,2,2025
BO,2024-Q1,121083,0.351131,2.258423,0.837913,1.042046,2.128441,0.042029,9623.629861,2,2025
BO,2024-Q2,128989,0.314136,2.471179,1.291645,1.074642,2.148935,0.041918,10251.995673,2,2025
BO,2024-Q3,137013,0.297128,2.68711,1.018867,1.082839,2.158897,0.041179,10889.74008,2,2025
BO,2024-Q4,145136,0.279949,2.905705,1.300477,1.120604,2.185516,0.04112,11535.352969,2,2025
BO,2025-Q1,155263,0.282286,3.178229,0.848689,1.106499,2.166215,0.040055,12340.242999,2,2025
BO,2025-Q2,165478,0.282885,3.453122,1.577509,1.196167,2.210596,0.039431,13152.127236,2,2025
BO,2025-Q3,183951,0.342581,3.950242,1.221613,1.240753,2.14094,0.037157,14620.354109,0,2025
BO,2025-Q4,204554,0.409395,4.504682,1.644945,1.345105,2.097735,0.035018,16257.872555,0,2025
BO,2026-Q1,222560,0.433439,4.989236,1.231088,1.411681,2.039073,0.033892,17688.982449,0,2025
BQ,2020-Q1,180,,0,,,1.6,,,0,
BQ,2020-Q2,194,,0.077778,,,1.608247,,,0,
BQ,2020-Q3,206,,0.144444,,,1.538835,,,0,
BQ,2020-Q4,232,,0.288889,,,1.357759,,,0,
BQ,2021-Q1,249,0.383333,0.383333,,,1.124498,,,0,
BQ,2021-Q2,266,0.371134,0.477778,,,1.43609,,,0,
BQ,2021-Q3,268,0.300971,0.488889,,,1,,,0,
BQ,2021-Q4,280,0.206897,0.555556,,,1.357143,,,0,
BQ,2022-Q1,302,0.212851,0.677778,,,1.165563,,,0,
BQ,2022-Q2,320,0.203008,0.777778,,,1.046875,,,0,
BQ,2022-Q3,332,0.238806,0.844444,,,1.099398,,,0,
BQ,2022-Q4,340,0.214286,0.888889,,,1.1,,,0,
BQ,2023-Q1,370,0.225166,1.055556,,,1.148649,,,0,
BQ,2023-Q2,395,0.234375,1.194444,,,0.972152,,,0,
BQ,2023-Q3,423,0.274096,1.35,,,1.297872,,,0,
BQ,2023-Q4,433,0.273529,1.405556,,,1.466513,,,0,
BQ,2024-Q1,447,0.208108,1.483333,,,1.237136,,,0,
BQ,2024-Q2,475,0.202532,1.638889,,,1.027368,,,0,
BQ,2024-Q3,493,0.165485,1.738889,,,1.247465,,,0,
BQ,2024-Q4,519,0.198614,1.883333,,,1.152216,,,0,
BQ,2025-Q1,572,0.279642,2.177778,,,1.255245,,,0,
BQ,2025-Q2,653,0.374737,2.627778,,,1.200613,,,0,
BQ,2025-Q3,636,0.290061,2.533333,,,1.231132,,,0,
BQ,2025-Q4,730,0.406551,3.055556,,,1.261644,,,0,
BQ,2026-Q1,770,0.346154,3.277778,,,1.362338,,,0,
BR,2020-Q1,1400662,,0,1.806983,,2.571659,0.089459,6581.674597,66,2025
BR,2020-Q2,1544319,,0.102564,2.353227,,2.575677,0.086936,7256.715134,104,2025
BR,2020-Q3,1693935,,0.209382,2.211969,,2.573346,0.083162,7959.756857,123,2025
BR,2020-Q4,1820522,,0.299758,1.958078,2.086368,2.580742,0.080388,8554.585904,110,2025
BR,2021-Q1,1970500,0.406835,0.406835,2.036761,2.128132,2.586914,0.077747,9259.328656,123,2025
BR,2021-Q2,2164091,0.401324,0.545049,2.233035,2.112365,2.58108,0.074562,10169.00777,140,2025
BR,2021-Q3,2373783,0.401342,0.694758,2.083683,2.083933,2.588005,0.070526,11154.345067,142,2025
BR,2021-Q4,2547533,0.399342,0.818806,1.879373,2.051689,2.605184,0.067295,11970.791834,140,2025
BR,2022-Q1,2779079,0.410342,0.984118,1.877218,2.005518,2.612242,0.063832,13058.820514,161,2025
BR,2022-Q2,3048283,0.408574,1.176316,2.055005,1.973745,2.592213,0.060027,14323.803164,170,2025
BR,2022-Q3,3301942,0.391004,1.357415,1.973039,1.951196,2.600664,0.057579,15515.74026,182,2025
BR,2022-Q4,3501226,0.374359,1.499694,1.783639,1.919235,2.629111,0.055784,16452.170634,188,2025
BR,2023-Q1,3736602,0.344547,1.66774,1.68401,1.863144,2.639091,0.055093,17558.196384,191,2025
BR,2023-Q2,4024727,0.320326,1.873446,1.82363,1.812069,2.625975,0.053233,18912.088325,191,2025
BR,2023-Q3,4315369,0.306918,2.08095,1.599875,1.719168,2.61376,0.051866,20277.807584,168,2025
BR,2023-Q4,4532935,0.294671,2.23628,1.574168,1.666006,2.635566,0.051193,21300.144604,158,2025
BR,2024-Q1,4812874,0.288035,2.436142,1.329911,1.57074,2.617632,0.050234,22615.570742,153,2025
BR,2024-Q2,5139186,0.276903,2.669112,1.553193,1.511806,2.614961,0.049096,24148.90241,161,2025
BR,2024-Q3,5483694,0.270736,2.915073,1.432619,1.471027,2.619543,0.047986,25767.736613,151,2025
BR,2024-Q4,5770595,0.273037,3.119905,1.375381,1.422954,2.641429,0.047528,27115.877009,135,2025
BR,2025-Q1,6098724,0.267169,3.354173,1.238949,1.39297,2.622309,0.047442,28657.746714,141,2025
BR,2025-Q2,6528548,0.270347,3.661045,1.681197,1.437284,2.611831,0.04673,30677.478599,154,2025
BR,2025-Q3,7099749,0.294702,4.068852,1.504936,1.457125,2.544687,0.04561,33361.53736,162,2025
BR,2025-Q4,7653586,0.326308,4.464263,1.513415,1.490088,2.475767,0.043712,35964.003132,168,2025
BR,2026-Q1,8317960,0.363885,4.938592,1.624246,1.579532,2.394608,0.042858,39085.879416,235,2025
BS,2020-Q1,2431,,0,,,0.990539,0.064582,6031.764148,0,2025
BS,2020-Q2,2926,,0.20362,0.894053,,0.93028,0.0581,7259.951418,0,2025
BS,2020-Q3,3276,,0.347594,,,0.840965,0.054335,8128.36666,0,2025
BS,2020-Q4,3648,,0.500617,0.496436,,0.773849,0.051261,9051.368002,0,2025
BS,2021-Q1,4003,0.646647,0.646647,0.439171,,0.783163,0.050212,9932.189176,0,2025
BS,2021-Q2,4303,0.470608,0.770053,0.516384,,0.887985,0.049036,10676.545097,0,2025
BS,2021-Q3,4558,0.391331,0.874949,0.343352,0.445494,0.868144,0.044537,11309.24763,0,2025
BS,2021-Q4,4867,0.334156,1.002057,0.437436,0.432801,0.860694,0.044381,12075.934229,0,2025
BS,2022-Q1,5283,0.31976,1.17318,0.579216,0.472148,1.058868,0.049214,13108.107773,0,2025
BS,2022-Q2,5662,0.315826,1.329083,0.605087,0.499755,1.097315,0.046273,14048.47742,0,2025
BS,2022-Q3,5914,0.297499,1.432744,0.849002,0.627635,1.108556,0.041258,14673.736394,0,2025
BS,2022-Q4,6150,0.263612,1.529823,0.502764,0.634491,1.02748,0.039675,15259.296385,0,2025
BS,2023-Q1,6440,0.219004,1.649116,0.451242,0.597741,1.188354,0.040994,15978.840442,0,2025
BS,2023-Q2,6726,0.187919,1.766763,0.426405,0.550416,1.069581,0.038656,16688.459754,0,2025
BS,2023-Q3,6955,0.176023,1.860963,0.344644,0.428724,1.077786,0.039396,17256.65144,0,2025
BS,2023-Q4,7177,0.166992,1.952283,0.406995,0.40633,1.05016,0.038317,17807.474822,0,2025
BS,2024-Q1,7642,0.186646,2.143562,0.222586,0.346912,0.997906,0.037032,18961.2265,0,2025
BS,2024-Q2,7873,0.170532,2.238585,0.255938,0.304719,1.115331,0.037978,19534.380559,0,2025
BS,2024-Q3,8046,0.156866,2.309749,0.279518,0.289088,1.118195,0.039896,19963.625807,0,2025
BS,2024-Q4,8505,0.185036,2.49856,0.252087,0.252885,1.01893,0.048325,21102.490367,0,2025
BS,2025-Q1,8950,0.171159,2.681613,0.414637,0.3032,1.091061,0.039106,22206.618317,0,2025
BS,2025-Q2,9312,0.182777,2.830522,0.50494,0.367851,1.028243,0.039304,23104.807795,0,2025
BS,2025-Q3,9727,0.208924,3.001234,0.520202,0.427933,0.952812,0.039169,24134.500153,0,2025
BS,2025-Q4,10337,0.215403,3.25216,0.661604,0.52998,0.858566,0.037051,25648.023859,0,2025
BS,2026-Q1,11344,0.267486,3.666392,1.014633,0.690349,0.938205,0.0372,28146.578568,0,2025
BT,2020-Q1,1730,,0,,,1.26185,0.109827,2171.506322,0,2025
BT,2020-Q2,2007,,0.160116,0.802691,,1.314898,0.105132,2519.198375,0,2025
BT,2020-Q3,2384,,0.378035,0.965604,,1.450084,0.096896,2992.411025,0,2025
BT,2020-Q4,2654,,0.534104,1.270912,,1.568199,0.091183,3331.316636,0,2025
BT,2021-Q1,2895,0.67341,0.67341,1.086356,1.049396,1.580656,0.086356,3633.821274,0,2025
BT,2021-Q2,3155,0.571998,0.823699,1.365135,1.183892,1.584786,0.086846,3960.174825,0,2025
BT,2021-Q3,3634,0.524329,1.100578,0.617501,1.059248,1.567694,0.075399,4561.418483,0,2025
BT,2021-Q4,3965,0.493971,1.291908,0.736696,0.92439,1.603279,0.072636,4976.891658,0,2025
BT,2022-Q1,4315,0.490501,1.49422,0.96153,0.903909,1.66095,0.07022,5416.213747,0,2025
BT,2022-Q2,4588,0.4542,1.652023,0.761988,0.77627,1.666521,0.07694,5758.884975,0,2025
BT,2022-Q3,4914,0.352229,1.840462,0.800977,0.815544,1.665853,0.074888,6168.082121,0,2025
BT,2022-Q4,5279,0.3314,2.051445,0.830081,0.835934,1.675696,0.069521,6626.232298,0,2025
BT,2023-Q1,5648,0.308922,2.26474,0.810198,0.802291,1.675637,0.063739,7089.4033,0,2025
BT,2023-Q2,6143,0.338928,2.550867,0.972977,0.858397,1.700635,0.061045,7710.730254,0,2025
BT,2023-Q3,6701,0.363655,2.87341,0.787494,0.85028,1.609163,0.057454,8411.135183,0,2025
BT,2023-Q4,7190,0.362,3.156069,1.122809,0.93073,1.714604,0.054242,9024.930901,0,2025
BT,2024-Q1,7997,0.415899,3.622543,1.074528,0.99604,1.731274,0.05452,10037.882116,0,2025
BT,2024-Q2,8430,0.372294,3.872832,1.247924,1.07075,1.872716,0.054804,10581.3863,0,2025
BT,2024-Q3,9024,0.346665,4.216185,0.706782,1.028277,1.933843,0.054521,11326.978644,0,2025
BT,2024-Q4,9635,0.340056,4.569364,0.915931,0.978054,1.954022,0.054177,12093.90949,0,2025
BT,2025-Q1,10505,0.313618,5.072254,0.967349,0.954541,1.950024,0.05445,13185.938681,0,2025
BT,2025-Q2,11091,0.315658,5.410983,1.669281,1.090026,2.105852,0.053918,13921.489377,0,2025
BT,2025-Q3,12235,0.355829,6.072254,1.18913,1.197488,2.06841,0.050674,15357.445003,0,2025
BT,2025-Q4,13253,0.375506,6.660694,1.340527,1.295366,2.085415,0.049272,16635.244677,0,2025
BT,2026-Q1,14370,0.36792,7.306358,1.372443,1.384738,2.087822,0.050104,18037.309742,0,2025
BW,2020-Q1,4327,,0,0.420846,,1.082967,0.069794,1688.83449,0,2025
BW,2020-Q2,4942,,0.142131,0.495548,,1.044921,0.065561,1928.869898,0,2025
BW,2020-Q3,5416,,0.251676,0.596566,,1.055022,0.064254,2113.872798,0,2025
BW,2020-Q4,5829,,0.347123,0.49168,0.505362,1.093326,0.063133,2275.067307,0,2025
BW,2021-Q1,6422,0.484169,0.484169,0.676269,0.570083,1.106976,0.059016,2506.516083,0,2025
BW,2021-Q2,6966,0.409551,0.609891,0.993684,0.704827,1.224519,0.061872,2718.840086,0,2025
BW,2021-Q3,7403,0.366876,0.710885,0.728353,0.733396,1.307983,0.05957,2889.401832,0,2025
BW,2021-Q4,7821,0.34174,0.807488,0.573584,0.738956,1.338448,0.057282,3052.547849,0,2025
BW,2022-Q1,8501,0.323731,0.964641,0.832608,0.778013,1.367016,0.055876,3317.952853,0,2025
BW,2022-Q2,9157,0.314528,1.116247,1.252157,0.864363,1.398165,0.052856,3573.990622,0,2025
BW,2022-Q3,9680,0.307578,1.237116,0.712707,0.851247,1.406921,0.052789,3778.118294,0,2025
BW,2022-Q4,10237,0.308912,1.365842,0.799941,0.895063,1.415551,0.050992,3995.516217,0,2025
BW,2023-Q1,11108,0.30667,1.567137,1.076882,0.958539,1.395391,0.049694,4335.468803,0,2025
BW,2023-Q2,11988,0.309162,1.770511,0.946029,0.892544,1.404404,0.048298,4678.934102,0,2025
BW,2023-Q3,12780,0.320248,1.953547,1.117371,0.992605,1.396166,0.046948,4988.052872,0,2025
BW,2023-Q4,13457,0.314545,2.110007,0.614847,0.92954,1.364643,0.045998,5252.286972,0,2025
BW,2024-Q1,14501,0.305456,2.351283,0.990345,0.915222,1.354389,0.043307,5659.761713,0,2025
BW,2024-Q2,15508,0.293627,2.584007,1.670944,1.117022,1.401341,0.041978,6052.7953,0,2025
BW,2024-Q3,16207,0.268153,2.745551,0.538409,0.959798,1.40501,0.041587,6325.616032,0,2025
BW,2024-Q4,17114,0.271754,2.955165,0.486619,0.905227,1.38524,0.041428,6679.619472,0,2025
BW,2025-Q1,20006,0.379629,3.623527,1.512346,1.063747,1.29911,0.040238,7808.371342,0,2025
BW,2025-Q2,21236,0.369358,3.907788,2.08867,1.229363,1.397015,0.038331,8288.442158,0,2025
BW,2025-Q3,24247,0.496082,4.603651,0.809832,1.241783,1.302058,0.034808,9463.639905,0,2025
BW,2025-Q4,26883,0.570819,5.21285,0.953056,1.297666,1.260871,0.032846,10492.474597,0,2025
BW,2026-Q1,30651,0.53209,6.083661,1.802029,1.40604,1.266353,0.030407,11963.130561,0,2025
BY,2020-Q1,148529,,0,2.976415,,3.169206,0.046382,16347.033582,1,2025
BY,2020-Q2,158595,,0.067771,2.770623,,3.18377,0.046723,17454.892923,1,2025
BY,2020-Q3,170054,,0.144921,2.353841,,3.114417,0.04548,18716.065204,1,2025
BY,2020-Q4,181242,,0.220247,2.626312,2.669677,3.101764,0.044305,19947.41135,1,2025
BY,2021-Q1,194051,0.306486,0.306486,2.812426,2.644307,3.089363,0.042566,21357.164012,3,2025
BY,2021-Q2,204731,0.290905,0.378391,2.700534,2.632946,3.089571,0.041806,22532.599911,3,2025
BY,2021-Q3,216789,0.274824,0.459574,2.43677,2.639139,3.060617,0.040311,23859.697858,4,2025
BY,2021-Q4,231051,0.27482,0.555595,2.763329,2.675777,3.031452,0.038649,25429.367033,4,2025
BY,2022-Q1,246969,0.272702,0.662766,2.531099,2.606578,2.986419,0.036377,27181.294809,5,2025
BY,2022-Q2,253594,0.238669,0.70737,2.621758,2.590355,2.843033,0.033668,27910.439269,4,2025
BY,2022-Q3,263163,0.213913,0.771795,2.222147,2.526417,2.849052,0.033048,28963.599017,5,2025
BY,2022-Q4,273207,0.182453,0.839419,2.423763,2.446581,2.836615,0.031683,30069.037048,5,2025
BY,2023-Q1,281666,0.140491,0.89637,2.287177,2.385206,2.820433,0.031211,31000.030707,5,2025
BY,2023-Q2,290484,0.145469,0.955739,2.01041,2.232876,2.794756,0.030508,31970.53574,4,2025
BY,2023-Q3,297656,0.131071,1.004026,1.556018,2.059083,2.761258,0.030535,32759.882769,4,2025
BY,2023-Q4,306332,0.121245,1.062439,1.665481,1.871855,2.756777,0.030307,33714.759348,4,2025
BY,2024-Q1,317967,0.12888,1.140774,1.486736,1.674371,2.724751,0.030173,34995.302108,4,2025
BY,2024-Q2,326258,0.123153,1.196595,1.419662,1.529592,2.709432,0.029848,35907.805764,2,2025
BY,2024-Q3,333334,0.119863,1.244235,1.100824,1.412146,2.684494,0.029988,36686.587077,2,2025
BY,2024-Q4,341334,0.114262,1.298097,1.265813,1.315433,2.667015,0.0299,37567.063406,2,2025
BY,2025-Q1,352093,0.107326,1.370534,1.129937,1.226905,2.62137,0.030358,38751.194008,2,2025
BY,2025-Q2,358848,0.09989,1.416013,1.134321,1.157541,2.597534,0.029921,39494.646209,2,2025
BY,2025-Q3,372944,0.11883,1.510917,0.992921,1.127729,2.530181,0.029415,41046.0455,2,2025
BY,2025-Q4,390305,0.143469,1.627803,1.180116,1.109627,2.468231,0.028596,42956.789193,2,2025
BY,2026-Q1,407977,0.158719,1.746783,1.157286,1.117661,2.403675,0.027801,44901.761404,0,2025
BZ,2020-Q1,1675,,0,,,1.02209,,3960.522458,0,2025
BZ,2020-Q2,1891,,0.128955,,,0.953464,,4471.252518,0,2025
BZ,2020-Q3,2170,,0.295522,0.639631,,0.942396,,5130.945513,0,2025
BZ,2020-Q4,2462,,0.469851,0.958976,,0.942323,,5821.37689,0,2025
BZ,2021-Q1,2696,0.609552,0.609552,0.553412,,0.965875,0.037463,6374.667789,0,2025
BZ,2021-Q2,2896,0.531465,0.728955,0.852555,0.754108,1.015539,0.039019,6847.565993,0,2025
BZ,2021-Q3,3170,0.460829,0.892537,0.708517,0.763364,1.184227,0.035016,7495.436532,0,2025
BZ,2021-Q4,3416,0.38749,1.039403,1.098068,0.817704,1.23185,0.033958,8077.101323,0,2025
BZ,2022-Q1,3657,0.356454,1.183284,0.98496,0.918487,1.395133,0.037189,8646.943659,0,2025
BZ,2022-Q2,3854,0.330801,1.300896,1.040218,0.965312,1.43617,0.037104,9112.74839,0,2025
BZ,2022-Q3,4105,0.294953,1.450746,0.978076,1.022951,1.407308,0.03313,9706.235636,0,2025
BZ,2022-Q4,4325,0.266101,1.58209,0.861503,0.963051,1.326474,0.032832,10226.42366,0,2025
BZ,2023-Q1,4709,0.287667,1.811343,1.124655,1.003119,1.352729,0.033553,11134.388212,0,2025
BZ,2023-Q2,4991,0.295018,1.979701,0.805851,0.940927,1.30014,0.029453,11801.174679,0,2025
BZ,2023-Q3,5282,0.286724,2.153433,0.507762,0.814523,1.409883,0.029724,12489.241566,0,2025
BZ,2023-Q4,5517,0.275607,2.293731,1.014501,0.858432,1.425775,0.029364,13044.896955,0,2025
BZ,2024-Q1,5941,0.261627,2.546866,0.540986,0.713957,1.354317,0.027773,14047.441148,0,2025
BZ,2024-Q2,6159,0.234021,2.677015,0.632083,0.671907,1.330411,0.028414,14562.90019,0,2025
BZ,2024-Q3,6399,0.211473,2.820299,0.634943,0.69816,1.346617,0.029223,15130.378035,0,2025
BZ,2024-Q4,6775,0.228022,3.044776,0.930332,0.691343,1.248856,0.030258,16019.426658,0,2025
BZ,2025-Q1,7214,0.214274,3.306866,0.992237,0.806758,1.333518,0.033407,17057.438216,0,2025
BZ,2025-Q2,7696,0.249553,3.594627,1.210499,0.955704,1.346544,0.031315,18197.122887,0,2025
BZ,2025-Q3,8153,0.274105,3.867463,1.274378,1.111569,1.31424,0.028824,19277.695283,0,2025
BZ,2025-Q4,8919,0.316458,4.324776,1.61341,1.289913,1.312143,0.027918,21088.895404,0,2025
BZ,2026-Q1,9715,0.346687,4.8,1.406485,1.38503,1.343798,0.026557,22971.030256,0,2025
CA,2020-Q1,1134715,,0,2.519725,,2.856885,0.060457,27242.976407,58,2025
CA,2020-Q2,1228068,,0.08227,2.56637,,2.831846,0.061521,29484.256003,65,2025
CA,2020-Q3,1305510,,0.150518,2.135864,,2.834676,0.06121,31343.533953,69,2025
CA,2020-Q4,1384211,,0.219875,2.163303,2.33423,2.800886,0.061026,33233.038794,72,2025
CA,2021-Q1,1475923,0.300699,0.300699,2.285812,2.281957,2.798202,0.061574,35434.920194,79,2025
CA,2021-Q2,1554341,0.26568,0.369807,2.049202,2.157646,2.78119,0.061983,37317.630587,80,2025
CA,2021-Q3,1630783,0.249154,0.437174,1.702073,2.039453,2.788974,0.061437,39152.899886,80,2025
CA,2021-Q4,1721887,0.243948,0.517462,1.898359,1.974533,2.806317,0.060886,41340.184026,83,2025
CA,2022-Q1,1852152,0.254911,0.632262,2.039318,1.924315,2.790768,0.059821,44467.670947,95,2025
CA,2022-Q2,1949763,0.254398,0.718284,1.807359,1.86531,2.780498,0.059134,46811.179379,98,2025
CA,2022-Q3,2041836,0.252059,0.799426,1.59003,1.826203,2.778233,0.059029,49021.727901,91,2025
CA,2022-Q4,2137478,0.241358,0.883714,1.801094,1.803911,2.793609,0.058605,51317.963299,100,2025
CA,2023-Q1,2256444,0.218282,0.988556,1.861338,1.767368,2.781827,0.058971,54174.176473,115,2025
CA,2023-Q2,2370776,0.21593,1.089314,1.654721,1.728189,2.767997,0.05871,56919.133558,112,2025
CA,2023-Q3,2479673,0.214433,1.185283,1.492515,1.695489,2.750982,0.05854,59533.603624,101,2025
CA,2023-Q4,2597209,0.215081,1.288865,1.656236,1.661722,2.756063,0.05822,62355.484427,103,2025
CA,2024-Q1,2752533,0.219854,1.425748,1.714292,1.63175,2.728248,0.057669,66084.604133,112,2025
CA,2024-Q2,2840624,0.198183,1.503381,1.522532,1.597569,2.726102,0.057838,68199.550208,107,2025
CA,2024-Q3,2946022,0.188069,1.596266,1.403031,1.569498,2.717671,0.057951,70730.014004,104,2025
CA,2024-Q4,3064962,0.180098,1.701085,1.575565,1.551687,2.708754,0.058078,73585.602953,108,2025
CA,2025-Q1,3211400,0.166707,1.830138,1.641085,1.538383,2.679004,0.05853,77101.381787,108,2025
CA,2025-Q2,3358504,0.182312,1.959778,1.537851,1.54182,2.648116,0.058543,80633.150382,106,2025
CA,2025-Q3,3540310,0.201726,2.119999,1.456985,1.550058,2.589372,0.058394,84998.067184,109,2025
CA,2025-Q4,3745470,0.222028,2.300802,1.669757,1.576773,2.530316,0.057405,89923.68202,113,2025
CA,2026-Q1,3991305,0.242855,2.517452,2.06092,1.694694,2.473274,0.060998,95825.848736,169,2025
CD,2020-Q1,5406,,0,0.810581,,1.536071,0.119682,47.911739,0,2025
CD,2020-Q2,6208,,0.148354,0.999517,,1.549774,0.115335,55.019622,0,2025
CD,2020-Q3,7028,,0.300037,1.031873,,1.586369,0.1107,62.287033,0,2025
CD,2020-Q4,7840,,0.45024,0.820408,0.916509,1.579082,0.10523,69.483543,0,2025
CD,2021-Q1,8689,0.607288,0.607288,0.871562,0.922627,1.64012,0.103349,77.007973,0,2025
CD,2021-Q2,9674,0.558312,0.789493,0.93436,0.911679,1.686169,0.101716,85.737729,0,2025
CD,2021-Q3,10520,0.49687,0.945986,0.923954,0.892193,1.730989,0.09943,93.235571,0,2025
CD,2021-Q4,11266,0.43699,1.083981,0.908397,0.910757,1.780224,0.098704,99.847142,0,2025
CD,2022-Q1,12368,0.423409,1.287828,0.934913,0.925345,1.835705,0.091203,109.613834,2,2025
CD,2022-Q2,13632,0.409138,1.521643,1.258363,1.01852,1.92613,0.089129,120.816283,2,2025
CD,2022-Q3,15072,0.4327,1.788013,1.621882,1.211281,1.992569,0.086385,133.578567,2,2025
CD,2022-Q4,16228,0.44044,2.00185,1.566737,1.371501,2.064765,0.083559,143.823844,2,2025
CD,2023-Q1,17766,0.436449,2.286349,1.342621,1.44944,2.05246,0.084994,157.454672,0,2025
CD,2023-Q2,19364,0.420481,2.581946,1.071473,1.380549,2.018126,0.08082,171.617261,0,2025
CD,2023-Q3,21023,0.394838,2.888827,1.252913,1.295573,2.067973,0.079722,186.320475,2,2025
CD,2023-Q4,22552,0.389697,3.171661,1.040529,1.169779,2.078441,0.076534,199.871539,0,2025
CD,2024-Q1,24594,0.38433,3.54939,1.224364,1.150035,2.102423,0.073229,217.969166,2,2025
CD,2024-Q2,26951,0.39181,3.985387,1.153352,1.166968,2.0879,0.070573,238.858542,2,2025
CD,2024-Q3,29397,0.398326,4.437847,1.161819,1.148047,2.108038,0.068204,260.536699,2,2025
CD,2024-Q4,31782,0.409276,4.879023,0.866119,1.09007,2.046316,0.066327,281.67423,2,2025
CD,2025-Q1,35272,0.434171,5.524602,0.991466,1.035121,1.977971,0.06189,312.605042,2,2025
CD,2025-Q2,40814,0.514378,6.54976,1.455799,1.13699,1.892831,0.05824,361.722108,2,2025
CD,2025-Q3,48716,0.657176,8.011469,1.291465,1.180389,1.794544,0.051708,431.755138,0,2025
CD,2025-Q4,56465,0.776635,9.444876,1.317382,1.278164,1.711662,0.047038,500.432176,0,2025
CD,2026-Q1,66438,0.88359,11.289678,1.693624,1.455701,1.626072,0.042385,588.819852,0,2025
CF,2020-Q3,113,,,,,,,20.495959,0,2025
CF,2020-Q4,126,,,,,,,22.853901,0,2025
CF,2021-Q1,136,,,,,0.742647,,24.667702,0,2025
CF,2021-Q2,151,,,,,1.112583,,27.388405,0,2025
CF,2021-Q3,164,0.451327,,,,1.073171,,29.746347,0,2025
CF,2021-Q4,185,0.468254,,,,1.178378,,33.555331,0,2025
CF,2022-Q1,197,0.448529,,,,1.177665,,35.731893,0,2025
CF,2022-Q2,215,0.423841,,,,1.293023,,38.996736,0,2025
CF,2022-Q3,243,0.481707,,,,1.230453,,44.07538,0,2025
CF,2022-Q4,258,0.394595,,,,1.263566,,46.796083,0,2025
CF,2023-Q1,286,0.451777,,,,1.195804,,51.874727,0,2025
CF,2023-Q2,317,0.474419,,,,1.384858,,57.497512,0,2025
CF,2023-Q3,329,0.353909,,,,1.264438,,59.674074,0,2025
CF,2023-Q4,361,0.399225,,,,1.445983,,65.47824,0,2025
CF,2024-Q1,374,0.307692,,,,1.318182,,67.836182,0,2025
CF,2024-Q2,415,0.309148,,,,1.412048,,75.272769,0,2025
CF,2024-Q3,443,0.346505,,,,1.349887,,80.351413,0,2025
CF,2024-Q4,471,0.304709,,,,1.535032,,85.430058,0,2025
CF,2025-Q1,524,0.40107,,,,1.73855,,95.043207,0,2025
CF,2025-Q2,567,0.366265,,,,1.737213,,102.842554,0,2025
CF,2025-Q3,676,0.525959,,,,1.636095,,122.612992,0,2025
CF,2025-Q4,736,0.562633,,,,1.629076,,133.495802,0,2025
CF,2026-Q1,868,0.656489,,,,1.591014,,157.437983,0,2025
CG,2020-Q1,983,,0,,,1.054934,0.12411,151.593731,0,2025
CG,2020-Q2,1095,,0.113937,,,0.985388,0.119635,168.865855,0,2025
CG,2020-Q3,1214,,0.234995,,,0.976936,0.113674,187.217487,0,2025
CG,2020-Q4,1331,,0.354018,,,1.06311,0.108189,205.260688,0,2025
CG,2021-Q1,1461,0.486267,0.486267,,,1.157426,0.10883,225.308689,0,2025
CG,2021-Q2,1651,0.507763,0.679552,,,1.306481,0.101151,254.609614,0,2025
CG,2021-Q3,1874,0.543657,0.906409,0.378869,,1.31857,0.096585,288.999646,0,2025
CG,2021-Q4,2069,0.55447,1.104781,0.346061,,1.348961,0.093765,319.071648,0,2025
CG,2022-Q1,2302,0.575633,1.341811,0.298002,,1.443962,0.088619,355.003835,0,2025
CG,2022-Q2,2507,0.518474,1.550356,0.464699,0.374429,1.439968,0.080574,386.61799,0,2025
CG,2022-Q3,2817,0.503202,1.865717,0.707135,0.470242,1.543131,0.078097,434.424762,0,2025
CG,2022-Q4,3098,0.497342,2.151577,1.018722,0.652648,1.561007,0.073919,477.759287,0,2025
CG,2023-Q1,3475,0.509557,2.535097,1.139281,0.863411,1.597986,0.070791,535.89849,0,2025
CG,2023-Q2,3910,0.559633,2.97762,0.622506,0.867744,1.513299,0.06445,602.982186,0,2025
CG,2023-Q3,4410,0.565495,3.486267,0.99093,0.9346,1.740136,0.059864,680.089883,0,2025
CG,2023-Q4,4959,0.60071,4.044761,0.699335,0.849409,1.698931,0.056665,764.754134,0,2025
CG,2024-Q1,5508,0.585036,4.603255,0.729847,0.760739,1.677015,0.057916,849.418384,0,2025
CG,2024-Q2,6094,0.558568,5.19939,0.697079,0.768013,1.631113,0.055957,939.788605,0,2025
CG,2024-Q3,6913,0.567574,6.032553,0.846232,0.749169,1.666136,0.053378,1066.091011,0,2025
CG,2024-Q4,7819,0.576729,6.954222,0.703159,0.744893,1.631027,0.051285,1205.810157,0,2025
CG,2025-Q1,10127,0.838598,9.302136,0.775945,0.757729,1.392318,0.043152,1561.739284,0,2025
CG,2025-Q2,10518,0.72596,9.699898,1.5386,1.000339,1.518349,0.044875,1622.037503,0,2025
CG,2025-Q3,12882,0.863446,12.104781,1.207576,1.090674,1.419578,0.041531,1986.602692,0,2025
CG,2025-Q4,15493,0.981455,14.760936,1.232363,1.197266,1.329245,0.037243,2389.259083,0,2025
CG,2026-Q1,18243,0.801422,17.558494,1.307625,1.307179,1.275667,0.033712,2813.351414,0,2025
CH,2020-Q1,218096,,0,3.390791,,2.987038,0.07079,23986.531222,9,2025
CH,2020-Q2,232183,,0.064591,3.689956,,2.904463,0.070419,25535.841,9,2025
CH,2020-Q3,245643,,0.126307,2.798427,,2.866098,0.071494,27016.19236,11,2025
CH,2020-Q4,261426,,0.198674,3.246861,3.27205,2.875605,0.072525,28752.030809,11,2025
CH,2021-Q1,276209,0.266456,0.266456,3.089269,3.196831,2.933496,0.073126,30377.88773,13,2025
CH,2021-Q2,290158,0.249695,0.330414,3.052661,3.051198,2.93233,0.072516,31912.020057,12,2025
CH,2021-Q3,303277,0.234625,0.390567,2.374268,2.924587,2.93466,0.072518,33354.867716,12,2025
CH,2021-Q4,320661,0.226584,0.470275,2.89226,2.845098,2.952604,0.072204,35266.786591,15,2025
CH,2022-Q1,340839,0.233989,0.562793,2.805028,2.780473,2.911284,0.071852,37485.993852,18,2025
CH,2022-Q2,360201,0.241396,0.651571,2.892371,2.751286,2.943909,0.07131,39615.456188,19,2025
CH,2022-Q3,375796,0.239118,0.723076,2.451317,2.752441,2.935061,0.071475,41330.618109,17,2025
CH,2022-Q4,394402,0.229966,0.808387,2.790939,2.732287,2.933976,0.070963,43376.93441,23,2025
CH,2023-Q1,413957,0.214524,0.898049,2.730888,2.715858,2.855108,0.073486,45527.62318,26,2025
CH,2023-Q2,435394,0.208753,0.996341,2.770206,2.691211,2.816442,0.073111,47885.297185,22,2025
CH,2023-Q3,453622,0.207096,1.079919,2.239336,2.62356,2.796042,0.073021,49890.040469,20,2025
CH,2023-Q4,475424,0.20543,1.179884,2.578172,2.574306,2.78845,0.072783,52287.857731,21,2025
CH,2024-Q1,499736,0.207217,1.291358,2.425158,2.499553,2.740289,0.072742,54961.728628,23,2025
CH,2024-Q2,520443,0.195338,1.386302,2.574634,2.459145,2.728524,0.072853,57239.116118,21,2025
CH,2024-Q3,540768,0.192111,1.479495,2.100067,2.412754,2.711882,0.072811,59474.490665,21,2025
CH,2024-Q4,568066,0.194862,1.60466,2.494955,2.397748,2.690321,0.073057,62476.766402,22,2025
CH,2025-Q1,599880,0.200394,1.750532,2.359734,2.381373,2.621454,0.073481,65975.718718,25,2025
CH,2025-Q2,631763,0.213895,1.89672,2.534852,2.379827,2.568811,0.072943,69482.25976,23,2025
CH,2025-Q3,671374,0.241519,2.078342,2.251569,2.406203,2.493478,0.071722,73838.738046,26,2025
CH,2025-Q4,720134,0.267694,2.301913,2.609339,2.44275,2.436384,0.070484,79201.437327,28,2025
CH,2026-Q1,781300,0.302427,2.582367,3.065509,2.633995,2.363933,0.071239,85928.567438,36,2025
CI,2020-Q1,16280,,0,0.551904,,1.403501,0.129238,497.683586,0,2025
CI,2020-Q2,17973,,0.103993,0.72403,,1.457075,0.122684,549.43901,0,2025
CI,2020-Q3,19588,,0.203194,0.621401,,1.48106,0.1165,598.809955,0,2025
CI,2020-Q4,21066,,0.29398,0.433685,0.57813,1.47617,0.11032,643.992777,0,2025
CI,2021-Q1,22656,0.391646,0.391646,0.530323,0.570058,1.521319,0.106109,692.599466,0,2025
CI,2021-Q2,24576,0.367384,0.509582,0.548828,0.532633,1.57255,0.101807,751.294337,2,2025
CI,2021-Q3,26608,0.358383,0.634398,0.597302,0.532443,1.635786,0.096851,813.413074,2,2025
CI,2021-Q4,28562,0.355834,0.754423,0.587179,0.568026,1.639521,0.092641,873.147332,2,2025
CI,2022-Q1,31309,0.38193,0.923157,1.119103,0.731079,1.67265,0.086525,957.123795,2,2025
CI,2022-Q2,33560,0.36556,1.061425,1.061234,0.860695,1.693713,0.082926,1025.937416,2,2025
CI,2022-Q3,35962,0.351548,1.208968,1.139981,0.99248,1.718675,0.080251,1099.367144,2,2025
CI,2022-Q4,38185,0.336916,1.345516,0.943983,1.062432,1.724185,0.076182,1167.324798,2,2025
CI,2023-Q1,41200,0.315916,1.530713,1.020558,1.03893,1.951626,0.076966,1259.494086,0,2025
CI,2023-Q2,44326,0.320799,1.722727,0.657447,0.928341,1.908428,0.07332,1355.056672,0,2025
CI,2023-Q3,47139,0.3108,1.895516,0.7029,0.821592,1.900019,0.071151,1441.05077,2,2025
CI,2023-Q4,50334,0.318162,2.091769,0.620952,0.740867,1.859061,0.068542,1538.722702,2,2025
CI,2024-Q1,53734,0.304223,2.300614,0.598783,0.642889,1.837403,0.065638,1642.661535,2,2025
CI,2024-Q2,57297,0.292627,2.519472,0.633052,0.637091,1.811456,0.063389,1751.583317,2,2025
CI,2024-Q3,61348,0.301428,2.768305,0.651138,0.627031,1.830426,0.062317,1875.423379,2,2025
CI,2024-Q4,65786,0.306989,3.040909,0.635986,0.63079,1.820798,0.060378,2011.094125,2,2025
CI,2025-Q1,72174,0.343172,3.433292,0.782733,0.680228,1.809114,0.057528,2206.376849,2,2025
CI,2025-Q2,79444,0.38653,3.879853,0.956875,0.768769,1.809388,0.055246,2428.622529,2,2025
CI,2025-Q3,90113,0.468882,4.535197,1.081819,0.883971,1.732358,0.05108,2754.776471,0,2025
CI,2025-Q4,101040,0.535889,5.206388,1.072189,0.987047,1.649654,0.047367,3088.817536,0,2025
CI,2026-Q1,112935,0.56476,5.937039,1.57379,1.198268,1.631576,0.044539,3452.450598,0,2025
CK,2021-Q2,102,,,,,,,,0,
CK,2021-Q4,108,,,,,1.074074,,,0,
CK,2022-Q1,114,,,,,,,,0,
CK,2022-Q2,119,0.166667,,,,,,,0,
CK,2022-Q3,129,,,,,1.209302,,,0,
CK,2022-Q4,128,0.185185,,,,,,,0,
CK,2023-Q1,135,0.184211,,,,0.837037,,,0,
CK,2023-Q2,138,0.159664,,,,0.775362,,,0,
CK,2023-Q3,142,0.100775,,,,0.908451,,,0,
CK,2023-Q4,141,0.101562,,,,,,,0,
CK,2024-Q1,147,0.088889,,,,,,,0,
CK,2024-Q2,148,0.072464,,,,,,,0,
CK,2024-Q3,157,0.105634,,,,0.815287,,,0,
CK,2024-Q4,159,0.12766,,,,,,,0,
CK,2025-Q1,232,0.578231,,,,0.706897,,,0,
CK,2025-Q2,205,0.385135,,,,0.814634,,,0,
CK,2025-Q3,220,0.401274,,,,0.709091,,,0,
CK,2025-Q4,251,0.578616,,,,0.733068,,,0,
CK,2026-Q1,307,0.323276,,,,0.807818,,,0,
CL,2020-Q1,161209,,0,1.124621,,2.193593,0.071429,8117.303186,0,2025
CL,2020-Q2,180792,,0.121476,1.470408,,2.112903,0.069472,9103.359475,0,2025
CL,2020-Q3,201200,,0.248069,1.410621,,2.070249,0.066764,10130.956714,0,2025
CL,2020-Q4,219082,,0.358994,1.26554,1.32262,2.041163,0.064483,11031.363116,0,2025
CL,2021-Q1,233905,0.450943,0.450943,1.039281,1.281475,2.035912,0.062731,11777.740707,2,2025
CL,2021-Q2,254518,0.407795,0.578808,1.366131,1.267597,2.028666,0.060868,12815.660244,3,2025
CL,2021-Q3,273042,0.357068,0.693714,1.102058,1.192154,2.01554,0.058475,13748.393058,3,2025
CL,2021-Q4,287761,0.313485,0.785018,1.050462,1.13797,2.018818,0.057315,14489.533971,2,2025
CL,2022-Q1,306133,0.308792,0.898982,0.957976,1.10942,2.012155,0.05511,15414.61318,2,2025
CL,2022-Q2,328161,0.289343,1.035625,1.241476,1.091009,2.018259,0.052797,16523.781741,4,2025
CL,2022-Q3,347823,0.273881,1.15759,1.090526,1.088501,2.024349,0.051699,17513.815891,4,2025
CL,2022-Q4,364660,0.267232,1.262033,1.167567,1.118037,2.045132,0.05071,18361.603755,5,2025
CL,2023-Q1,383817,0.253759,1.380866,0.874044,1.086693,2.039196,0.050381,19326.209807,4,2025
CL,2023-Q2,413753,0.260823,1.566563,1.222164,1.090175,2.021288,0.048759,20833.567263,5,2025
CL,2023-Q3,438505,0.260713,1.720102,1.040424,1.07647,2.008007,0.047664,22079.896491,5,2025
CL,2023-Q4,459555,0.260229,1.850678,1.104719,1.064535,2.020716,0.04688,23139.820143,4,2025
CL,2024-Q1,490377,0.277632,2.041871,0.757874,1.021661,1.976791,0.045673,24691.790063,4,2025
CL,2024-Q2,520198,0.257267,2.226855,1.138591,1.010066,1.975984,0.044829,26193.356962,3,2025
CL,2024-Q3,545560,0.244136,2.384178,1.029108,1.008615,1.982983,0.044699,27470.401317,4,2025
CL,2024-Q4,569867,0.240041,2.534958,1.196004,1.038071,1.996815,0.044731,28694.323608,3,2025
CL,2025-Q1,598724,0.220946,2.713961,0.793272,1.033969,1.973084,0.044416,30147.350536,3,2025
CL,2025-Q2,637541,0.225574,2.954748,1.323054,1.089197,1.968405,0.043997,32101.890033,3,2025
CL,2025-Q3,693519,0.271206,3.301987,1.300789,1.161017,1.919536,0.042215,34920.531658,3,2025
CL,2025-Q4,748236,0.313001,3.641403,1.590497,1.273568,1.893931,0.041046,37675.678569,3,2025
CL,2026-Q1,809093,0.351362,4.018907,1.421816,1.414654,1.835705,0.040291,40739.990859,6,2025
CM,2020-Q1,17469,,0,1.015284,,2.016544,0.108077,584.651527,0,2025
CM,2020-Q2,19394,,0.110195,1.378158,,2.051769,0.105187,649.077321,0,2025
CM,2020-Q3,21662,,0.240025,1.144216,,2.107008,0.104746,724.982619,0,2025
CM,2020-Q4,23662,,0.354514,1.027005,1.13827,2.123067,0.100372,791.918509,0,2025
CM,2021-Q1,25862,0.480451,0.480451,1.062253,1.140285,2.15517,0.095971,865.547987,0,2025
CM,2021-Q2,28682,0.478911,0.64188,1.178195,1.104979,2.151558,0.0918,959.927591,2,2025
CM,2021-Q3,31193,0.439987,0.78562,1.373321,1.173722,2.205559,0.088513,1043.965601,2,2025
CM,2021-Q4,33992,0.436565,0.945847,1.232113,1.219295,2.189309,0.083755,1137.642378,2,2025
CM,2022-Q1,37128,0.43562,1.125365,1.530785,1.338585,2.247791,0.081179,1242.597853,2,2025
CM,2022-Q2,40226,0.402482,1.302708,1.846691,1.514252,2.280291,0.079426,1346.281546,2,2025
CM,2022-Q3,43476,0.393774,1.488752,2.146334,1.720143,2.314863,0.076824,1455.052366,2,2025
CM,2022-Q4,47151,0.38712,1.699124,1.909779,1.872128,2.362792,0.074505,1578.047063,2,2025
CM,2023-Q1,50882,0.370448,1.912703,2.079969,2.000055,2.410813,0.073641,1702.915965,2,2025
CM,2023-Q2,54817,0.362726,2.137959,1.745189,1.960316,2.392196,0.071711,1834.612328,2,2025
CM,2023-Q3,58914,0.355092,2.372488,1.81843,1.882652,2.404827,0.071494,1971.730497,2,2025
CM,2023-Q4,62879,0.333567,2.599462,1.438572,1.754286,2.335899,0.069785,2104.430898,2,2025
CM,2024-Q1,66747,0.3118,2.820883,1.252656,1.548606,2.284103,0.067913,2233.884908,2,2025
CM,2024-Q2,71175,0.298411,3.07436,1.229182,1.419575,2.261721,0.063421,2382.080968,2,2025
CM,2024-Q3,75936,0.28893,3.3469,1.230773,1.282857,2.276048,0.061802,2541.421853,2,2025
CM,2024-Q4,80806,0.285103,3.62568,1.087692,1.196108,2.271057,0.061926,2704.410744,2,2025
CM,2025-Q1,87510,0.31107,4.009445,1.181294,1.180032,2.275363,0.060724,2928.779845,2,2025
CM,2025-Q2,97917,0.375722,4.605186,1.689053,1.315473,2.415965,0.059877,3277.080746,2,2025
CM,2025-Q3,112889,0.486633,5.462247,1.645227,1.430627,2.349538,0.058128,3778.162815,2,2025
CM,2025-Q4,125062,0.547682,6.159082,1.633654,1.556052,2.286618,0.057252,4185.568107,2,2025
CM,2026-Q1,139140,0.58999,6.964967,2.009472,1.757909,2.254212,0.055254,4656.729833,2,2025
CN,2020-Q1,5885036,,0,0.946118,,3.428881,0.064081,4183.917787,136,2025
CN,2020-Q2,6281702,,0.067402,1.002317,,3.342658,0.062023,4465.924207,160,2025
CN,2020-Q3,6565328,,0.115597,0.851471,,3.259512,0.062741,4667.565771,123,2025
CN,2020-Q4,6968848,,0.184164,0.772916,0.888712,3.194685,0.058742,4954.444986,112,2025
CN,2021-Q1,7246949,0.23142,0.23142,0.688103,0.822509,3.139519,0.056977,5152.158597,103,2025
CN,2021-Q2,7424903,0.181989,0.261658,0.592261,0.721855,3.024776,0.055472,5278.673525,90,2025
CN,2021-Q3,7637259,0.163272,0.297742,0.549026,0.647706,2.984045,0.054038,5429.646271,91,2025
CN,2021-Q4,7813172,0.121157,0.327634,0.47643,0.574313,2.902538,0.052517,5554.710167,79,2025
CN,2022-Q1,7956046,0.097848,0.351911,0.368681,0.494503,2.663953,0.049508,5656.285258,56,2025
CN,2022-Q2,8161027,0.099143,0.386742,0.366884,0.438517,2.470611,0.046752,5802.014809,47,2025
CN,2022-Q3,8426231,0.103306,0.431806,0.368959,0.394318,2.430506,0.045391,5990.559405,52,2025
CN,2022-Q4,8648352,0.106894,0.46955,0.317512,0.354977,2.391473,0.044314,6148.474497,48,2025
CN,2023-Q1,8863326,0.114037,0.506078,0.299992,0.337487,2.308821,0.042961,6301.308488,48,2025
CN,2023-Q2,9032875,0.106831,0.534889,0.295476,0.319776,2.212972,0.041742,6421.847951,45,2025
CN,2023-Q3,9131545,0.083705,0.551655,0.231043,0.285448,2.08249,0.040208,6491.996573,35,2025
CN,2023-Q4,9274587,0.072411,0.575961,0.202853,0.256707,2.016073,0.03923,6593.691103,21,2025
CN,2024-Q1,9404966,0.06111,0.598115,0.198769,0.231505,1.954137,0.038402,6686.382977,25,2025
CN,2024-Q2,9751412,0.079547,0.656984,0.254343,0.222051,1.989207,0.037938,6932.685902,31,2025
CN,2024-Q3,9960503,0.09078,0.692514,0.222658,0.220069,1.9203,0.036801,7081.337424,27,2025
CN,2024-Q4,10167867,0.096315,0.727749,0.204511,0.220107,1.855659,0.035736,7228.761148,21,2025
CN,2025-Q1,10382807,0.103971,0.764272,0.194295,0.218435,1.775835,0.034555,7381.570968,19,2025
CN,2025-Q2,10608138,0.087857,0.802561,0.201588,0.205573,1.735041,0.033587,7541.768183,22,2025
CN,2025-Q3,10815602,0.085849,0.837814,0.189516,0.197381,1.699445,0.032801,7689.263002,20,2025
CN,2025-Q4,11063589,0.088093,0.879953,0.210679,0.199122,1.663077,0.031809,7865.567314,17,2025
CN,2026-Q1,11351939,0.09334,0.92895,0.257002,0.215253,1.623044,0.030924,8070.567367,23,2025
CO,2020-Q1,281269,,0,2.080215,,2.413448,0.077577,5264.682395,1,2025
CO,2020-Q2,318051,,0.130772,2.370403,,2.371371,0.073941,5953.153388,3,2025
CO,2020-Q3,356007,,0.265717,2.064811,,2.335687,0.070251,6663.598851,5,2025
CO,2020-Q4,385848,,0.371811,1.829314,2.072759,2.348876,0.067822,7222.150939,6,2025
CO,2021-Q1,419083,0.489972,0.489972,1.6697,1.957132,2.351389,0.065915,7844.230583,7,2025
CO,2021-Q2,454262,0.428268,0.615045,1.819496,1.837045,2.358967,0.064023,8502.697254,8,2025
CO,2021-Q3,498795,0.401082,0.773374,1.70711,1.754054,2.360068,0.061139,9336.248413,9,2025
CO,2021-Q4,532514,0.380113,0.893255,1.808555,1.754046,2.432685,0.059944,9967.387379,12,2025
CO,2022-Q1,572678,0.366503,1.036051,1.439827,1.683792,2.452413,0.057907,10719.161316,12,2025
CO,2022-Q2,613348,0.350208,1.180646,1.613122,1.636442,2.464723,0.055442,11480.406363,13,2025
CO,2022-Q3,664639,0.332489,1.363001,1.570639,1.6033,2.469085,0.054028,12440.451106,13,2025
CO,2022-Q4,706112,0.325997,1.510451,1.579594,1.554003,2.519865,0.053122,13216.72639,13,2025
CO,2023-Q1,760170,0.327395,1.702644,1.446916,1.548166,2.528183,0.052313,14228.562749,14,2025
CO,2023-Q2,817838,0.3334,1.907672,1.636203,1.559072,2.527454,0.050449,15307.969667,15,2025
CO,2023-Q3,874571,0.315859,2.109376,1.377765,1.506439,2.516133,0.048976,16369.875622,15,2025
CO,2023-Q4,920019,0.302936,2.270958,1.371953,1.454436,2.523814,0.048169,17220.553392,13,2025
CO,2024-Q1,981221,0.290792,2.48855,1.153489,1.373855,2.493664,0.047445,18366.10833,12,2025
CO,2024-Q2,1036936,0.267899,2.686635,1.440752,1.335775,2.499172,0.04676,19408.959762,13,2025
CO,2024-Q3,1095581,0.252707,2.895136,1.274015,1.309897,2.517161,0.046424,20506.653781,14,2025
CO,2024-Q4,1150014,0.249989,3.088662,1.353525,1.308274,2.531892,0.046311,21525.509243,14,2025
CO,2025-Q1,1220078,0.243428,3.337762,1.220301,1.318167,2.517192,0.0463,22836.939608,13,2025
CO,2025-Q2,1295145,0.249012,3.604649,1.65414,1.382866,2.524011,0.045269,24242.014157,12,2025
CO,2025-Q3,1419912,0.296036,4.048235,1.463012,1.428697,2.463062,0.043511,26577.353737,13,2025
CO,2025-Q4,1536569,0.336131,4.462987,1.671346,1.512637,2.418797,0.041858,28760.89353,13,2025
CO,2026-Q1,1670892,0.369496,4.940548,1.648657,1.611235,2.355346,0.041247,31275.098555,18,2025
CR,2020-Q1,52221,,0,1.258995,,2.248023,0.062178,10134.194976,0,2025
CR,2020-Q2,57535,,0.10176,1.821969,,2.218806,0.062432,11165.448918,0,2025
CR,2020-Q3,63050,,0.207369,1.790293,,2.130214,0.062427,12235.709642,0,2025
CR,2020-Q4,67249,,0.287777,1.691475,1.654625,2.144597,0.061414,13050.582676,0,2025
CR,2021-Q1,71898,0.376802,0.376802,1.4078,1.665844,2.219172,0.060544,13952.784327,0,2025
CR,2021-Q2,78768,0.369045,0.508359,1.756424,1.659267,2.208651,0.058983,15286.001223,2,2025
CR,2021-Q3,84300,0.337034,0.614293,1.271851,1.523865,2.201767,0.057616,16359.561028,2,2025
CR,2021-Q4,88759,0.319856,0.69968,1.351829,1.441878,2.212666,0.056253,17224.890597,2,2025
CR,2022-Q1,94631,0.316184,0.812125,0.991525,1.325941,2.184791,0.054485,18364.432024,2,2025
CR,2022-Q2,100950,0.281612,0.93313,1.260238,1.215967,2.161585,0.053036,19590.719879,2,2025
CR,2022-Q3,106837,0.267343,1.045863,1.210845,1.202525,2.125911,0.050975,20733.172261,2,2025
CR,2022-Q4,111767,0.259219,1.140269,1.184929,1.165781,2.135952,0.050077,21689.905782,2,2025
CR,2023-Q1,118795,0.25535,1.274851,1.03006,1.166618,2.113565,0.050053,23053.784725,2,2025
CR,2023-Q2,127197,0.26,1.435744,1.302397,1.18345,2.086857,0.048429,24684.307047,2,2025
CR,2023-Q3,133858,0.252918,1.563298,1.082759,1.15008,2.055028,0.047775,25976.964651,2,2025
CR,2023-Q4,139512,0.24824,1.671569,1.127774,1.136589,2.050906,0.047379,27074.200215,2,2025
CR,2024-Q1,147767,0.243882,1.829647,0.923765,1.102315,2.018543,0.047176,28676.195189,2,2025
CR,2024-Q2,154689,0.216137,1.962199,1.293305,1.109425,2.021508,0.046416,30019.503391,2,2025
CR,2024-Q3,161699,0.207989,2.096436,1.172234,1.132162,2.021113,0.046129,31379.88919,2,2025
CR,2024-Q4,167869,0.203259,2.214588,1.204564,1.152361,2.013278,0.04628,32577.261569,2,2025
CR,2025-Q1,177767,0.203022,2.404129,1.018665,1.167485,1.993716,0.046657,34498.103028,2,2025
CR,2025-Q2,186541,0.20591,2.572145,1.512692,1.23224,1.992559,0.046987,36200.817008,2,2025
CR,2025-Q3,201036,0.243273,2.849716,1.433221,1.30058,1.955814,0.045609,39013.768812,2,2025
CR,2025-Q4,214810,0.279629,3.113479,1.513323,1.379817,1.92134,0.044211,41686.800765,0,2025
CR,2026-Q1,231325,0.301282,3.429731,1.584584,1.513639,1.881184,0.043917,44891.76103,0,2025
CU,2020-Q1,12998,,0,1.119018,,0.890368,0.055008,1188.420842,0,2025
CU,2020-Q2,14407,,0.108401,1.070244,,0.926494,0.055251,1317.247197,0,2025
CU,2020-Q3,16049,,0.234728,0.896754,,0.913702,0.056141,1467.376988,0,2025
CU,2020-Q4,17693,,0.361209,0.845136,0.969941,0.899565,0.054994,1617.689641,0,2025
CU,2021-Q1,19221,0.478766,0.478766,0.895479,0.919935,0.900161,0.055668,1757.396292,0,2025
CU,2021-Q2,20918,0.451933,0.609325,1.030978,0.922064,0.945932,0.055024,1912.554791,2,2025
CU,2021-Q3,22554,0.405321,0.73519,1.081626,0.971886,0.933094,0.05121,2062.135996,2,2025
CU,2021-Q4,23831,0.346917,0.833436,0.905795,0.979601,0.945659,0.049222,2178.893452,2,2025
CU,2022-Q1,25653,0.334634,0.973611,1.207305,1.059835,1.006354,0.047675,2345.480833,2,2025
CU,2022-Q2,27362,0.30806,1.105093,1.522111,1.193159,1.092903,0.047548,2501.736504,2,2025
CU,2022-Q3,28672,0.27126,1.205878,1.263079,1.235998,1.137695,0.046108,2621.511185,2,2025
CU,2022-Q4,30356,0.273803,1.335436,1.207933,1.298626,1.129003,0.044604,2775.48108,2,2025
CU,2023-Q1,31757,0.237945,1.443222,0.989199,1.235283,1.1053,0.042258,2903.575987,0,2025
CU,2023-Q2,33538,0.225714,1.580243,0.998181,1.108194,1.057159,0.039448,3066.414695,0,2025
CU,2023-Q3,35000,0.220703,1.692722,0.842,1.002893,1.084943,0.0388,3200.086896,0,2025
CU,2023-Q4,36630,0.206681,1.818126,1.110456,0.986211,1.038302,0.0365,3349.119514,2,2025
CU,2024-Q1,38519,0.212929,1.963456,0.95558,0.97734,1.025001,0.034814,3521.832776,2,2025
CU,2024-Q2,39952,0.191246,2.073704,0.865839,0.943005,1.012515,0.03349,3652.853476,2,2025
CU,2024-Q3,41129,0.175114,2.164256,0.804493,0.929169,1.003258,0.032896,3760.467827,2,2025
CU,2024-Q4,42773,0.167704,2.290737,0.862413,0.870687,0.983962,0.032684,3910.78048,2,2025
CU,2025-Q1,44370,0.151899,2.413602,0.930651,0.867064,0.980437,0.031057,4056.795874,0,2025
CU,2025-Q2,45608,0.14157,2.508848,1.110945,0.931315,0.966673,0.030258,4169.987519,0,2025
CU,2025-Q3,47513,0.155219,2.655409,0.863153,0.942285,0.922884,0.027971,4344.163677,0,2025
CU,2025-Q4,49992,0.168775,2.84613,0.964494,0.966429,0.87578,0.025744,4570.82126,0,2025
CU,2026-Q1,52084,0.173856,3.007078,1.038419,0.99377,0.85892,0.024096,4762.095026,0,2025
CV,2020-Q1,1511,,0,0.85043,,1.524156,0.08405,2865.400151,0,2025
CV,2020-Q2,1670,,0.105228,1.427545,,1.535928,0.083234,3166.921411,0,2025
CV,2020-Q3,1821,,0.205162,1.265788,,1.505217,0.080725,3453.27179,0,2025
CV,2020-Q4,1932,,0.278623,1.037267,1.150562,1.506211,0.085921,3663.767764,0,2025
CV,2021-Q1,2108,0.395103,0.395103,1.251423,1.239012,1.601992,0.083491,3997.527146,0,2025
CV,2021-Q2,2256,0.350898,0.493051,1.679521,1.322656,1.739362,0.083777,4278.188445,0,2025
CV,2021-Q3,2354,0.292696,0.557909,1.418437,1.360694,1.772727,0.082413,4464.031737,0,2025
CV,2021-Q4,2513,0.300725,0.663137,1.03462,1.339617,1.961799,0.08078,4765.552998,0,2025
CV,2022-Q1,2665,0.264231,0.763733,1.153471,1.307928,2.13546,0.081801,5053.799737,0,2025
CV,2022-Q2,2844,0.260638,0.882197,1.29993,1.224942,2.045007,0.075949,5393.248199,0,2025
CV,2022-Q3,2989,0.269754,0.97816,1.177317,1.170648,2.009033,0.074607,5668.220418,0,2025
CV,2022-Q4,3199,0.272981,1.117141,1.363239,1.252543,2.133167,0.073148,6066.456044,0,2025
CV,2023-Q1,3393,0.273171,1.245533,1.180666,1.254165,2.186561,0.072797,6434.349909,0,2025
CV,2023-Q2,3580,0.25879,1.369292,1.159218,1.218448,2.213687,0.071229,6788.969252,0,2025
CV,2023-Q3,3751,0.254935,1.482462,0.775793,1.108023,2.203679,0.070115,7113.246834,0,2025
CV,2023-Q4,3956,0.236636,1.618134,0.870071,0.988283,2.123104,0.065217,7502.00066,0,2025
CV,2024-Q1,5548,0.635131,2.671741,0.780281,0.880962,1.681867,0.048666,10521.005981,0,2025
CV,2024-Q2,6058,0.692179,3.009265,0.933807,0.845959,1.567679,0.045395,11488.149646,0,2025
CV,2024-Q3,5837,0.556118,2.863005,0.798698,0.845367,1.773856,0.04934,11069.054058,0,2025
CV,2024-Q4,5358,0.354398,2.545996,0.908735,0.855971,1.979283,0.054125,10160.697557,0,2025
CV,2025-Q1,5810,0.047224,2.845136,1.524785,1.042666,1.923752,0.053356,11017.852334,0,2025
CV,2025-Q2,6114,0.009244,3.046327,1.476775,1.185994,1.845764,0.052993,11594.345813,0,2025
CV,2025-Q3,6325,0.083605,3.18597,0.9317,1.213623,1.873518,0.051858,11994.477799,0,2025
CV,2025-Q4,6832,0.275103,3.521509,1.050351,1.234281,1.73873,0.049912,12955.932383,0,2025
CV,2026-Q1,7526,0.295353,3.980807,1.246479,1.174721,1.726947,0.046373,14272.006311,0,2025
CW,2020-Q1,1406,,0,,,1.716927,0.081081,8997.651395,0,2025
CW,2020-Q2,1563,,0.111664,,,1.792067,0.079974,10002.367803,0,2025
CW,2020-Q3,1652,,0.174964,,,1.682809,0.070823,10571.920416,0,2025
CW,2020-Q4,1778,,0.26458,,,1.691226,0.070866,11378.253329,0,2025
CW,2021-Q1,1912,0.359886,0.359886,,,1.672594,0.07113,12235.781983,0,2025
CW,2021-Q2,2020,0.292386,0.4367,,,1.583663,0.070297,12926.92448,0,2025
CW,2021-Q3,2107,0.275424,0.498578,,,1.674893,0.065496,13483.678158,0,2025
CW,2021-Q4,2202,0.23847,0.566145,,,1.582652,0.061308,14091.627577,0,2025
CW,2022-Q1,2337,0.22228,0.662162,,,1.552846,0.064613,14955.555698,0,2025
CW,2022-Q2,2464,0.219802,0.752489,,,1.61039,0.061688,15768.288078,0,2025
CW,2022-Q3,2555,0.212625,0.817212,,,1.596869,0.06184,16350.639627,0,2025
CW,2022-Q4,2668,0.211626,0.897582,,,1.524363,0.06072,17073.779462,0,2025
CW,2023-Q1,2801,0.198545,0.992176,,,1.554088,0.062121,17924.908648,0,2025
CW,2023-Q2,2951,0.197646,1.098862,,,1.593019,0.058963,18884.828782,0,2025
CW,2023-Q3,3048,0.192955,1.167852,,,1.559055,0.058399,19505.577136,0,2025
CW,2023-Q4,3108,0.164918,1.210526,,,1.497426,0.056628,19889.54519,0,2025
CW,2024-Q1,3243,0.157801,1.306543,,,1.496454,0.055504,20753.473311,0,2025
CW,2024-Q2,3358,0.137919,1.388336,,,1.339786,0.055092,21489.412081,0,2025
CW,2024-Q3,3438,0.127953,1.445235,,,1.430774,0.056428,22001.369486,0,2025
CW,2024-Q4,3576,0.150579,1.543385,,,1.397371,0.053691,22884.49601,0,2025
CW,2025-Q1,3829,0.180697,1.723329,,,1.414469,0.050144,24503.561304,0,2025
CW,2025-Q2,4181,0.245086,1.973684,0.880172,,1.417603,0.051184,26756.173886,0,2025
CW,2025-Q3,4303,0.2516,2.060455,0.615385,,1.380432,0.050895,27536.908929,0,2025
CW,2025-Q4,4590,0.283557,2.26458,1.209368,,1.346187,0.048366,29373.55612,0,2025
CW,2026-Q1,5044,0.317315,2.587482,1.210349,0.992604,1.365385,0.047383,32278.914394,0,2025
CY,2020-Q1,14138,,0,1.334984,,2.291555,0.063941,10314.031548,0,2025
CY,2020-Q2,15712,,0.111331,1.551871,,2.168534,0.065364,11462.304688,0,2025
CY,2020-Q3,17220,,0.217994,1.520906,,2.203891,0.06475,12562.429145,0,2025
CY,2020-Q4,18400,,0.301457,1.405272,1.45569,2.105924,0.065761,13423.269237,0,2025
CY,2021-Q1,20433,0.445254,0.445254,1.533842,1.501721,2.064503,0.067195,14906.394583,0,2025
CY,2021-Q2,22079,0.405232,0.561678,1.258889,1.423015,2.078355,0.065854,16107.193559,0,2025
CY,2021-Q3,23605,0.37079,0.669614,1.202965,1.341612,2.147384,0.064393,17220.449475,2,2025
CY,2021-Q4,25812,0.402826,0.825718,1.379552,1.339523,2.264296,0.064272,18830.512258,2,2025
CY,2022-Q1,28252,0.382665,0.998302,1.534652,1.354985,2.225789,0.064066,20610.554483,2,2025
CY,2022-Q2,31513,0.427284,1.228957,1.941611,1.543734,2.520039,0.066195,22989.537145,2,2025
CY,2022-Q3,34352,0.455285,1.429764,2.091232,1.767629,2.641506,0.066546,25060.660045,2,2025
CY,2022-Q4,37993,0.471912,1.687297,2.374911,2.018099,2.839181,0.068144,27716.862398,2,2025
CY,2023-Q1,41519,0.469595,1.936695,2.351478,2.207261,2.858956,0.073099,30289.169318,0,2025
CY,2023-Q2,45295,0.437343,2.203777,2.165007,2.247834,2.837024,0.071664,33043.857614,0,2025
CY,2023-Q3,48129,0.401054,2.40423,2.051362,2.224262,2.792121,0.069833,35111.332887,2,2025
CY,2023-Q4,51267,0.34938,2.626185,1.950748,2.118221,2.723155,0.071235,37400.583912,2,2025
CY,2024-Q1,54607,0.315229,2.862428,1.822257,1.988535,2.598,0.071493,39837.199089,2,2025
CY,2024-Q2,57164,0.262038,3.043288,1.564481,1.835888,2.534497,0.069852,41702.595798,0,2025
CY,2024-Q3,58796,0.221634,3.158721,1.453636,1.687825,2.486938,0.070991,42893.181417,0,2025
CY,2024-Q4,63808,0.244621,3.513227,1.53451,1.588574,2.500078,0.071778,46549.563233,2,2025
CY,2025-Q1,69908,0.280202,3.944688,1.693883,1.566951,2.467729,0.077445,50999.668795,2,2025
CY,2025-Q2,73844,0.291792,4.223087,1.861492,1.649139,2.508396,0.074319,53871.081171,0,2025
CY,2025-Q3,77033,0.310174,4.448649,1.676593,1.69696,2.333571,0.072151,56197.537997,0,2025
CY,2025-Q4,86456,0.35494,5.115151,1.828479,1.767707,2.296347,0.070626,63071.856803,0,2025
CY,2026-Q1,96793,0.384577,5.846301,2.363849,1.955849,2.261992,0.072949,70612.961917,0,2025
CZ,2020-Q1,155721,,0,3.124498,,2.644871,0.067248,14303.549649,5,2025
CZ,2020-Q2,166849,,0.071461,3.22295,,2.613111,0.068493,15325.697597,6,2025
CZ,2020-Q3,176051,,0.130554,2.606517,,2.590834,0.068117,16170.935322,5,2025
CZ,2020-Q4,189136,,0.214582,2.827087,2.934001,2.545692,0.067364,17372.840956,6,2025
CZ,2021-Q1,202890,0.302907,0.302907,2.850668,2.870632,2.503943,0.066598,18636.196713,8,2025
CZ,2021-Q2,213752,0.28111,0.37266,2.596841,2.72059,2.512557,0.066063,19633.911577,9,2025
CZ,2021-Q3,223549,0.269797,0.435574,2.044858,2.562659,2.51331,0.065672,20533.802253,9,2025
CZ,2021-Q4,237034,0.253246,0.522171,2.371525,2.454,2.52182,0.065037,21772.449365,10,2025
CZ,2022-Q1,253414,0.249022,0.627359,2.471079,2.371917,2.507375,0.063209,23277.012932,11,2025
CZ,2022-Q2,268517,0.256208,0.724347,2.423727,2.337143,2.538126,0.062648,24664.279328,12,2025
CZ,2022-Q3,279861,0.2519,0.797195,2.088562,2.333073,2.518736,0.062274,25706.267674,9,2025
CZ,2022-Q4,295589,0.247032,0.898196,2.292125,2.313738,2.51465,0.061183,27150.94263,11,2025
CZ,2023-Q1,311778,0.230311,1.002158,2.425104,2.309281,2.488928,0.06138,28637.962141,12,2025
CZ,2023-Q2,328542,0.223543,1.109812,2.271971,2.273922,2.491201,0.061021,30177.797528,13,2025
CZ,2023-Q3,343417,0.227098,1.205335,1.903712,2.215093,2.461864,0.060364,31544.121281,13,2025
CZ,2023-Q4,363958,0.231298,1.337244,2.131702,2.175677,2.454033,0.059468,33430.888084,12,2025
CZ,2024-Q1,381771,0.224496,1.451635,2.113696,2.104132,2.419854,0.059413,35067.078,13,2025
CZ,2024-Q2,396884,0.208016,1.548686,2.07539,2.059349,2.408414,0.058801,36455.262932,12,2025
CZ,2024-Q3,411778,0.199061,1.644332,1.75429,2.01292,2.370714,0.05877,37823.331905,10,2025
CZ,2024-Q4,431559,0.185738,1.77136,1.949305,1.969341,2.374804,0.059762,39640.289898,11,2025
CZ,2025-Q1,462906,0.212523,1.972663,1.988298,1.942135,2.304137,0.060617,42519.627757,11,2025
CZ,2025-Q2,485665,0.223695,2.118815,2.133265,1.964423,2.30184,0.060472,44610.126062,11,2025
CZ,2025-Q3,516760,0.254948,2.318499,1.892366,1.990409,2.239012,0.059234,47466.31679,12,2025
CZ,2025-Q4,556332,0.289122,2.57262,2.085237,2.025278,2.18492,0.056662,51101.151313,16,2025
CZ,2026-Q1,606127,0.309395,2.892391,2.709972,2.224887,2.119894,0.056133,55675.006186,18,2025
DE,2020-Q1,1319588,,0,2.74523,,2.617209,0.063505,15805.105515,173,2025
DE,2020-Q2,1432550,,0.085604,2.939698,,2.555624,0.064624,17158.085634,201,2025
DE,2020-Q3,1519080,,0.151177,2.41375,,2.530206,0.064808,18194.481676,193,2025
DE,2020-Q4,1631022,,0.236009,2.512387,2.642772,2.48547,0.06459,19535.244945,215,2025
DE,2021-Q1,1741361,0.319625,0.319625,2.589375,2.60669,2.450179,0.064907,20856.808598,241,2025
DE,2021-Q2,1846894,0.289235,0.399599,2.422375,2.485375,2.452817,0.064781,22120.809332,233,2025
DE,2021-Q3,1930582,0.270889,0.463019,2.023728,2.37594,2.452421,0.064631,23123.165878,227,2025
DE,2021-Q4,2038582,0.24988,0.544862,2.164127,2.289357,2.440464,0.064009,24416.714619,241,2025
DE,2022-Q1,2180029,0.251911,0.652053,2.258836,2.215699,2.425716,0.063206,26110.868218,265,2025
DE,2022-Q2,2313149,0.252454,0.752933,2.09984,2.138923,2.443642,0.063156,27705.286814,265,2025
DE,2022-Q3,2417044,0.251977,0.831666,1.975899,2.119742,2.45323,0.062916,28949.668725,262,2025
DE,2022-Q4,2538291,0.245126,0.923548,2.029915,2.086034,2.433242,0.061906,30401.880801,283,2025
DE,2023-Q1,2676735,0.227844,1.028463,2.135199,2.061388,2.401539,0.062046,32060.066559,306,2025
DE,2023-Q2,2834959,0.225584,1.148367,1.943219,2.020885,2.377361,0.061278,33955.163373,301,2025
DE,2023-Q3,2972917,0.229981,1.252913,1.817456,1.975883,2.36575,0.061061,35607.528161,290,2025
DE,2023-Q4,3134538,0.234901,1.375391,1.856275,1.931813,2.329455,0.06048,37543.311875,307,2025
DE,2024-Q1,3316461,0.238995,1.513255,1.901306,1.87915,2.286025,0.059779,39722.258796,313,2025
DE,2024-Q2,3453380,0.218141,1.617014,1.781854,1.838952,2.278585,0.059735,41362.179167,301,2025
DE,2024-Q3,3594869,0.209206,1.724236,1.658843,1.795723,2.269522,0.059799,43056.835813,287,2025
DE,2024-Q4,3782196,0.20662,1.866195,1.664386,1.747193,2.249405,0.059396,45300.508081,297,2025
DE,2025-Q1,4006483,0.20806,2.036162,1.770273,1.718978,2.209266,0.05916,47986.861473,298,2025
DE,2025-Q2,4277766,0.238719,2.241744,1.759607,1.716211,2.146407,0.058011,51236.100205,305,2025
DE,2025-Q3,4530745,0.260337,2.433454,1.74136,1.735502,2.122081,0.057004,54266.10638,320,2025
DE,2025-Q4,4858805,0.284652,2.682062,1.805578,1.769985,2.053352,0.055597,58195.380452,333,2025
DE,2026-Q1,5255625,0.31178,2.982777,2.189787,1.886519,1.999133,0.054788,62948.21389,422,2025
DJ,2020-Q1,753,,0,,,0.961487,,635.938909,0,2025
DJ,2020-Q2,820,,0.088977,,,0.891463,,692.523115,0,2025
DJ,2020-Q3,889,,0.180611,,,0.87964,,750.796402,0,2025
DJ,2020-Q4,956,,0.269588,,,0.864017,,807.380607,0,2025
DJ,2021-Q1,1036,0.37583,0.37583,,,1.062741,0.09749,874.943838,0,2025
DJ,2021-Q2,1110,0.353659,0.474104,,,1.092793,0.095495,937.439826,0,2025
DJ,2021-Q3,1189,0.337458,0.579017,,,0.996636,0.089151,1004.158517,0,2025
DJ,2021-Q4,1267,0.325314,0.682603,,,1.041042,0.083662,1070.032667,0,2025
DJ,2022-Q1,1384,0.335907,0.837981,,,0.976879,0.077312,1168.843892,0,2025
DJ,2022-Q2,1515,0.364865,1.011952,,,1.163036,0.073927,1279.478682,0,2025
DJ,2022-Q3,1601,0.34651,1.126162,,,1.405372,0.074329,1352.109155,0,2025
DJ,2022-Q4,1710,0.349645,1.270916,,,1.435673,0.069591,1444.164057,0,2025
DJ,2023-Q1,1872,0.352601,1.486056,,,1.332799,0.065705,1580.979599,0,2025
DJ,2023-Q2,2027,0.337954,1.691899,,,1.364578,0.062161,1711.883359,0,2025
DJ,2023-Q3,2122,0.325422,1.818061,,,1.19557,0.058907,1792.114695,0,2025
DJ,2023-Q4,2442,0.42807,2.243028,,,1.150696,0.056102,2062.367618,0,2025
DJ,2024-Q1,2640,0.410256,2.505976,,,1.132955,0.050758,2229.586614,0,2025
DJ,2024-Q2,2870,0.415886,2.811421,,,1.168641,0.049826,2423.830903,0,2025
DJ,2024-Q3,3041,0.433082,3.038513,,,1.147649,0.048339,2568.247308,0,2025
DJ,2024-Q4,3411,0.396806,3.52988,0.431545,,1.195837,0.046321,2880.727251,0,2025
DJ,2025-Q1,3709,0.404924,3.925631,0.604476,,1.211378,0.045565,3132.400285,0,2025
DJ,2025-Q2,3992,0.390941,4.301461,0.951152,,1.203657,0.041583,3371.405214,0,2025
DJ,2025-Q3,4463,0.467609,4.926959,0.723952,0.689695,1.147883,0.038091,3769.183735,0,2025
DJ,2025-Q4,5156,0.51158,5.847278,1.060124,0.850808,1.104926,0.034523,4354.450221,0,2025
DJ,2026-Q1,5867,0.581828,6.791501,1.102267,0.973457,1.09562,0.032555,4954.918434,0,2025
DK,2020-Q1,177756,,0,2.304052,,2.505316,0.06231,29580.795614,2,2025
DK,2020-Q2,187717,,0.056037,2.590373,,2.483584,0.064176,31238.429141,1,2025
DK,2020-Q3,198968,,0.119332,1.712778,,2.446398,0.064392,33110.734612,1,2025
DK,2020-Q4,211440,,0.189496,2.390201,2.245174,2.452923,0.064534,35186.229577,2,2025
DK,2021-Q1,222468,0.251536,0.251536,2.056615,2.181301,2.438993,0.065596,37021.425092,4,2025
DK,2021-Q2,231435,0.232893,0.301981,2.278601,2.118509,2.444652,0.066792,38513.644732,3,2025
DK,2021-Q3,241348,0.212999,0.357749,1.502523,2.043578,2.44418,0.066651,40163.290465,3,2025
DK,2021-Q4,253517,0.199002,0.426208,2.324452,2.041382,2.464213,0.067203,42188.362484,4,2025
DK,2022-Q1,269000,0.209163,0.51331,2.082729,2.049152,2.45016,0.066398,44764.925067,5,2025
DK,2022-Q2,280283,0.211066,0.576785,2.314782,2.069598,2.449935,0.066212,46642.555734,4,2025
DK,2022-Q3,291541,0.207969,0.640119,1.627359,2.076846,2.442473,0.066262,48516.026093,4,2025
DK,2022-Q4,303995,0.199111,0.710181,2.20923,2.057168,2.468356,0.066281,50588.525635,6,2025
DK,2023-Q1,317817,0.181476,0.78794,2.058886,2.051865,2.453689,0.06842,52888.677286,5,2025
DK,2023-Q2,330524,0.179251,0.859425,2.202645,2.032687,2.44581,0.068482,55003.279156,7,2025
DK,2023-Q3,344148,0.180445,0.93607,1.486918,1.978961,2.424175,0.068918,57270.48116,6,2025
DK,2023-Q4,358428,0.179059,1.016405,2.20754,1.987791,2.431161,0.06856,59646.849673,7,2025
DK,2024-Q1,374840,0.179421,1.108733,1.839163,1.932173,2.386584,0.068869,62378.009339,6,2025
DK,2024-Q2,387094,0.171152,1.177671,2.13063,1.923585,2.375681,0.069409,64417.226409,5,2025
DK,2024-Q3,400769,0.164525,1.254602,1.405732,1.885941,2.352729,0.069961,66692.915443,7,2025
DK,2024-Q4,417886,0.165885,1.350897,2.069483,1.861539,2.345944,0.070421,69541.395824,7,2025
DK,2025-Q1,439537,0.172599,1.472699,1.764541,1.840724,2.309266,0.071546,73144.389848,5,2025
DK,2025-Q2,459292,0.186513,1.583834,2.067571,1.836047,2.296119,0.070443,76431.866037,5,2025
DK,2025-Q3,483401,0.206184,1.719464,1.507229,1.84355,2.232989,0.069392,80443.901644,5,2025
DK,2025-Q4,510212,0.220936,1.870294,2.11957,1.868076,2.191683,0.068713,84905.583451,6,2025
DK,2026-Q1,543334,0.236151,2.056628,2.240727,1.992301,2.148093,0.068709,90417.493667,8,2025
DM,2020-Q1,296,,0,,,1.064189,,4493.631492,0,2025
DM,2020-Q2,345,,0.165541,,,1.014493,,5237.509678,0,2025
DM,2020-Q3,381,,0.287162,,,1.03937,,5784.032427,0,2025
DM,2020-Q4,420,,0.418919,,,0.997619,,6376.098738,0,2025
DM,2021-Q1,471,0.591216,0.591216,,,1.154989,,7150.3393,0,2025
DM,2021-Q2,516,0.495652,0.743243,,,1.141473,,7833.492736,0,2025
DM,2021-Q3,559,0.467192,0.888514,,,1.177102,,8486.283797,0,2025
DM,2021-Q4,683,0.62619,1.307432,,,1.231332,,10368.751044,0,2025
DM,2022-Q1,733,0.556263,1.476351,,,1.028649,,11127.810417,0,2025
DM,2022-Q2,781,0.513566,1.638514,,,0.997439,,11856.507416,0,2025
DM,2022-Q3,839,0.500894,1.834459,,,1.042908,,12737.016289,0,2025
DM,2022-Q4,894,0.308931,2.02027,,,1.019016,,13571.9816,0,2025
DM,2023-Q1,958,0.306958,2.236486,,,0.935282,,14543.577599,0,2025
DM,2023-Q2,1010,0.293214,2.412162,,,1.10198,,15332.999347,0,2025
DM,2023-Q3,1043,0.243147,2.523649,,,1.100671,,15833.978534,0,2025
DM,2023-Q4,1083,0.211409,2.658784,,,0.827331,,16441.226033,0,2025
DM,2024-Q1,1131,0.180585,2.820946,,,1.035367,,17169.923031,0,2025
DM,2024-Q2,1191,0.179208,3.023649,,,0.99916,,18080.79428,0,2025
DM,2024-Q3,1222,0.17162,3.128378,,,0.981997,,18551.411091,0,2025
DM,2024-Q4,1277,0.179132,3.314189,,,1.115897,,19386.376402,0,2025
DM,2025-Q1,1359,0.201592,3.591216,,,1.019868,,20631.233775,0,2025
DM,2025-Q2,1478,0.240974,3.993243,,,0.929635,,22437.795084,0,2025
DM,2025-Q3,1523,0.246318,4.14527,,,0.953381,,23120.948521,0,2025
DM,2025-Q4,1672,0.309319,4.648649,,,1.013756,,25382.945454,0,2025
DM,2026-Q1,1803,0.326711,5.091216,,,0.87188,,27371.681013,0,2025
DO,2020-Q1,38046,,0,1.353467,,2.063029,0.092414,3302.464557,0,2025
DO,2020-Q2,43098,,0.132787,1.485011,,2.023249,0.087986,3740.987686,0,2025
DO,2020-Q3,47859,,0.257925,1.335423,,2.070603,0.083328,4154.251465,0,2025
DO,2020-Q4,51993,,0.366583,1.156021,1.3233,2.069586,0.078857,4513.090462,0,2025
DO,2021-Q1,55675,0.46336,0.46336,1.195079,1.281581,2.113211,0.076803,4832.695007,0,2025
DO,2021-Q2,59641,0.383846,0.567602,1.224108,1.224903,2.136198,0.074261,5176.951287,2,2025
DO,2021-Q3,63522,0.327274,0.66961,1.108089,1.169843,2.14565,0.071676,5513.829407,2,2025
DO,2021-Q4,67172,0.291943,0.765547,1.07856,1.14784,2.168076,0.069017,5830.656291,2,2025
DO,2022-Q1,72082,0.294692,0.894601,1.011626,1.100401,2.151092,0.066827,6256.853551,2,2025
DO,2022-Q2,76989,0.290874,1.023577,1.09552,1.072686,2.147593,0.064568,6682.790406,2,2025
DO,2022-Q3,82085,0.292229,1.15752,1.058159,1.061151,2.153414,0.061534,7125.132818,2,2025
DO,2022-Q4,86973,0.294781,1.285996,0.992745,1.038774,2.147414,0.059133,7549.420437,2,2025
DO,2023-Q1,92849,0.288102,1.440441,0.994636,1.032455,2.11369,0.058601,8059.468319,2,2025
DO,2023-Q2,99701,0.295003,1.620538,1.00009,1.010105,2.064372,0.055847,8654.234843,2,2025
DO,2023-Q3,106058,0.292051,1.787626,0.924984,0.976461,2.06256,0.054319,9206.034432,2,2025
DO,2023-Q4,112174,0.289757,1.948378,0.872983,0.944757,2.037959,0.052561,9736.914768,2,2025
DO,2024-Q1,119980,0.292206,2.153551,0.763286,0.884461,2.006593,0.050583,10414.49029,2,2025
DO,2024-Q2,126140,0.265183,2.31546,0.931085,0.872299,2.003338,0.049707,10949.189908,2,2025
DO,2024-Q3,132498,0.249298,2.482574,0.928882,0.87619,2.009917,0.049088,11501.0763,2,2025
DO,2024-Q4,139113,0.240154,2.656442,0.908506,0.885568,2.045804,0.048457,12075.270776,2,2025
DO,2025-Q1,149792,0.248475,2.937129,0.955605,0.931523,2.023806,0.047099,13002.228118,2,2025
DO,2025-Q2,159180,0.261931,3.183883,1.184489,1.000975,2.016949,0.045917,13817.124224,2,2025
DO,2025-Q3,176394,0.331296,3.636335,1.176758,1.065924,1.925151,0.042887,15311.331891,2,2025
DO,2025-Q4,196190,0.410292,4.156652,1.244003,1.149316,1.832158,0.039931,17029.662027,0,2025
DO,2026-Q1,217451,0.451686,4.715476,1.657583,1.335563,1.772096,0.038289,18875.156927,2,2025
DZ,2020-Q1,91819,,0,0.46364,,1.083632,0.122175,1935.667673,0,2025
DZ,2020-Q2,103633,,0.128666,0.590237,,1.081451,0.111142,2184.722639,0,2025
DZ,2020-Q3,112889,,0.229473,0.501439,,1.088299,0.104138,2379.851533,0,2025
DZ,2020-Q4,122426,,0.333341,0.475577,0.507395,1.085652,0.097365,2580.904285,0,2025
DZ,2021-Q1,132744,0.445714,0.445714,0.423168,0.492209,1.095741,0.090746,2798.421564,2,2025
DZ,2021-Q2,145009,0.399255,0.579292,0.4374,0.456918,1.110703,0.084809,3056.984215,2,2025
DZ,2021-Q3,157075,0.391411,0.710703,0.486844,0.456334,1.153806,0.07937,3311.351678,2,2025
DZ,2021-Q4,169045,0.380793,0.841068,0.417315,0.44151,1.148239,0.074525,3563.695333,2,2025
DZ,2022-Q1,181881,0.370164,0.980865,0.4572,0.449609,1.156723,0.070123,3834.29543,2,2025
DZ,2022-Q2,193177,0.332172,1.103889,0.480093,0.460532,1.182537,0.066607,4072.43026,2,2025
DZ,2022-Q3,205340,0.307274,1.236356,0.4736,0.458598,1.198515,0.063563,4328.842614,2,2025
DZ,2022-Q4,219383,0.297779,1.389299,0.469963,0.470441,1.178938,0.060059,4624.887889,2,2025
DZ,2023-Q1,238157,0.309411,1.593766,0.543083,0.493464,1.155943,0.058193,5020.66899,2,2025
DZ,2023-Q2,256873,0.329729,1.797602,0.486968,0.494458,1.129706,0.054704,5415.227373,2,2025
DZ,2023-Q3,273534,0.332103,1.979057,0.55422,0.515339,1.137124,0.052213,5766.4636,2,2025
DZ,2023-Q4,291726,0.329757,2.177186,0.479069,0.514749,1.11579,0.049738,6149.97536,2,2025
DZ,2024-Q1,313294,0.315494,2.412082,0.486399,0.500983,1.098112,0.047489,6604.657728,2,2025
DZ,2024-Q2,331205,0.289373,2.607151,0.479187,0.497992,1.103111,0.045851,6982.245632,2,2025
DZ,2024-Q3,346777,0.267766,2.776746,0.455347,0.474478,1.120187,0.044928,7310.524278,2,2025
DZ,2024-Q4,367363,0.259274,3.000948,0.461636,0.47002,1.112341,0.043927,7744.504769,2,2025
DZ,2025-Q1,393565,0.256216,3.286313,0.505017,0.476026,1.12215,0.042489,8296.878073,2,2025
DZ,2025-Q2,422835,0.276656,3.605093,0.730098,0.545533,1.118382,0.040351,8913.928931,2,2025
DZ,2025-Q3,467820,0.349051,4.095024,0.655008,0.595478,1.093619,0.037166,9862.273068,2,2025
DZ,2025-Q4,532883,0.450563,4.803625,0.849999,0.697178,1.041553,0.03349,11233.888374,2,2025
DZ,2026-Q1,586990,0.491469,5.392903,1.063013,0.841602,1.039255,0.031541,12374.536506,3,2025
EC,2020-Q1,70527,,0,1.255633,,1.968438,0.07736,3856.063479,0,2025
EC,2020-Q2,80365,,0.139493,1.479363,,1.906215,0.072457,4393.956095,0,2025
EC,2020-Q3,90657,,0.285423,1.560233,,1.872553,0.067761,4956.671159,0,2025
EC,2020-Q4,99378,,0.409077,1.104631,1.345353,1.863602,0.063827,5433.491803,0,2025
EC,2021-Q1,107074,0.518199,0.518199,1.245335,1.333745,1.891262,0.06177,5854.270576,2,2025
EC,2021-Q2,116303,0.447185,0.649056,1.190735,1.265205,1.907827,0.06036,6358.866119,2,2025
EC,2021-Q3,125033,0.379187,0.772839,1.325842,1.222407,1.95638,0.057401,6836.178839,2,2025
EC,2021-Q4,132928,0.3376,0.884782,1.008824,1.187739,1.980787,0.055248,7267.837936,2,2025
EC,2022-Q1,142291,0.328903,1.017539,1.257283,1.194957,2.003957,0.05337,7779.759929,2,2025
EC,2022-Q2,152157,0.308281,1.157429,1.181405,1.192113,2.026059,0.051329,8319.183444,2,2025
EC,2022-Q3,161205,0.2893,1.28572,1.247418,1.178852,2.063342,0.049663,8813.882813,2,2025
EC,2022-Q4,170122,0.279806,1.412154,1.033229,1.175381,2.088919,0.047954,9301.419757,2,2025
EC,2023-Q1,180536,0.26878,1.559814,1.156207,1.152617,2.117949,0.047614,9870.80517,2,2025
EC,2023-Q2,195414,0.284292,1.770769,1.100837,1.132118,2.107735,0.045555,10684.259768,2,2025
EC,2023-Q3,208560,0.293756,1.957165,1.141297,1.110024,2.096308,0.043877,11403.017272,2,2025
EC,2023-Q4,221762,0.303547,2.144356,0.955502,1.083727,2.098218,0.042532,12124.836576,2,2025
EC,2024-Q1,236684,0.311007,2.355935,1.023618,1.052058,2.092575,0.041004,12940.696874,2,2025
EC,2024-Q2,250587,0.282339,2.553065,1.094746,1.053328,2.114451,0.039898,13700.843351,2,2025
EC,2024-Q3,263112,0.261565,2.730656,1.16081,1.063545,2.140948,0.039363,14385.647682,2,2025
EC,2024-Q4,276454,0.246625,2.919832,1.043638,1.081519,2.168495,0.038889,15115.121486,2,2025
EC,2025-Q1,294790,0.2455,3.179818,1.170243,1.118258,2.17677,0.03837,16117.642222,2,2025
EC,2025-Q2,314487,0.255001,3.459101,1.381415,1.195424,2.215637,0.037518,17194.575628,2,2025
EC,2025-Q3,347719,0.321563,3.930296,1.284112,1.227809,2.151763,0.035261,19011.535112,2,2025
EC,2025-Q4,383385,0.386795,4.436003,1.396807,1.314132,2.10359,0.033319,20961.573538,2,2025
EC,2026-Q1,418829,0.420771,4.938563,1.554857,1.411945,2.069391,0.032178,22899.474114,3,2025
EE,2020-Q1,40432,,0,2.323333,,3.184928,0.058889,29588.539856,0,2025
EE,2020-Q2,42924,,0.061634,2.611942,,3.158489,0.061108,31412.210249,0,2025
EE,2020-Q3,45746,,0.131431,2.03985,,3.175709,0.063,33477.377925,0,2025
EE,2020-Q4,48999,,0.211887,2.479908,2.363153,3.181391,0.062042,35857.955689,0,2025
EE,2021-Q1,51852,0.28245,0.28245,2.12742,2.307153,3.194766,0.062582,37945.809473,0,2025
EE,2021-Q2,54042,0.259016,0.336615,2.088024,2.182926,3.174438,0.062636,39548.473261,2,2025
EE,2021-Q3,56894,0.243693,0.407153,1.654797,2.071954,3.198773,0.062379,41635.595236,2,2025
EE,2021-Q4,60318,0.231005,0.491838,2.20125,2.017315,3.328509,0.06164,44141.312501,2,2025
EE,2022-Q1,64671,0.247223,0.5995,1.995346,1.987093,3.359002,0.061171,47326.881209,2,2025
EE,2022-Q2,68457,0.266737,0.693139,1.86615,1.932232,3.391998,0.061674,50097.513676,2,2025
EE,2022-Q3,71919,0.264088,0.778764,1.563982,1.891911,3.401744,0.062237,52631.039719,2,2025
EE,2022-Q4,75676,0.254617,0.871686,2.045061,1.86673,3.331188,0.060072,55380.449697,2,2025
EE,2023-Q1,79333,0.226717,0.962134,1.962059,1.864174,3.244098,0.060845,58056.678681,0,2025
EE,2023-Q2,83321,0.217129,1.060769,1.788493,1.843413,3.226378,0.060081,60975.136757,2,2025
EE,2023-Q3,87150,0.21178,1.155471,1.546873,1.825756,3.166701,0.059575,63777.237052,2,2025
EE,2023-Q4,91613,0.210595,1.265854,1.94229,1.808416,3.190759,0.058758,67043.304854,2,2025
EE,2024-Q1,97048,0.223299,1.400277,1.814618,1.776152,3.104814,0.058744,71020.691926,2,2025
EE,2024-Q2,100231,0.20295,1.479002,1.821921,1.785617,3.158574,0.059233,73350.042994,2,2025
EE,2024-Q3,104593,0.200149,1.586887,1.363179,1.726206,3.115897,0.060444,76542.197991,2,2025
EE,2024-Q4,107649,0.175041,1.66247,1.840398,1.707883,3.168427,0.062815,78778.609195,2,2025
EE,2025-Q1,115679,0.191977,1.861075,2.008515,1.764915,3.090379,0.064091,84655.043085,2,2025
EE,2025-Q2,119176,0.189013,1.947566,1.813998,1.765219,3.158312,0.065911,87214.182477,0,2025
EE,2025-Q3,126626,0.210655,2.131826,1.574108,1.80327,3.115869,0.064837,92666.166597,0,2025
EE,2025-Q4,136016,0.263514,2.364068,2.0718,1.868652,3.063132,0.063015,99537.862017,0,2025
EE,2026-Q1,149001,0.288056,2.685225,2.493399,2.013539,2.964074,0.063859,109040.414204,0,2025
EG,2020-Q1,236751,,0,0.933356,,1.828432,0.090023,2000.160604,0,2025
EG,2020-Q2,269768,,0.139459,1.257777,,1.817221,0.082667,2279.100514,3,2025
EG,2020-Q3,297793,,0.257832,0.975483,,1.821779,0.078397,2515.866149,2,2025
EG,2020-Q4,329651,,0.392395,0.870114,1.003214,1.874704,0.074913,2785.014395,1,2025
EG,2021-Q1,360922,0.524479,0.524479,1.040441,1.027038,1.933401,0.071661,3049.203447,5,2025
EG,2021-Q2,393395,0.458272,0.66164,1.141217,1.014497,1.862045,0.067952,3323.547443,6,2025
EG,2021-Q3,427799,0.436565,0.806958,1.02554,1.025307,1.892681,0.06514,3614.205245,8,2025
EG,2021-Q4,464402,0.408769,0.961563,0.951264,1.035495,1.916503,0.061266,3923.441019,7,2025
EG,2022-Q1,503619,0.395368,1.12721,1.055957,1.040257,1.944972,0.057542,4254.760837,10,2025
EG,2022-Q2,542611,0.379303,1.291906,1.330941,1.101136,1.988026,0.054654,4584.179772,13,2025
EG,2022-Q3,591402,0.38243,1.497992,1.335435,1.182441,1.99975,0.051574,4996.384308,15,2025
EG,2022-Q4,640531,0.37926,1.705505,1.248961,1.248269,2.011953,0.048903,5411.444393,14,2025
EG,2023-Q1,687838,0.36579,1.905322,1.926817,1.477146,2.053373,0.04776,5811.111544,17,2025
EG,2023-Q2,737955,0.360007,2.117009,1.807603,1.598752,2.061592,0.046031,6234.518622,17,2025
EG,2023-Q3,792790,0.340526,2.348624,2.19255,1.81787,2.087557,0.044289,6697.78512,18,2025
EG,2023-Q4,841653,0.313993,2.555013,1.529369,1.857601,2.096682,0.043123,7110.597938,14,2025
EG,2024-Q1,892496,0.297538,2.769767,1.38584,1.714058,2.11753,0.042107,7540.138534,19,2025
EG,2024-Q2,941000,0.275146,2.97464,1.415953,1.613263,2.155661,0.041593,7949.918387,20,2025
EG,2024-Q3,994433,0.254346,3.200333,1.38277,1.42565,2.203476,0.041087,8401.340267,22,2025
EG,2024-Q4,1061997,0.261799,3.485713,1.292134,1.366757,2.211727,0.040478,8972.146097,21,2025
EG,2025-Q1,1130281,0.266427,3.774134,1.130903,1.298047,2.207127,0.040125,9549.034754,18,2025
EG,2025-Q2,1210216,0.286096,4.111767,1.553576,1.343146,2.220043,0.039132,10224.355399,22,2025
EG,2025-Q3,1340900,0.348407,4.663756,1.491263,1.37671,2.175069,0.037152,11328.422492,23,2025
EG,2025-Q4,1498289,0.410822,5.328543,1.511307,1.432985,2.087223,0.034882,12658.103368,24,2025
EG,2026-Q1,1626418,0.43895,5.869741,1.570559,1.532563,2.051602,0.034134,13740.58487,37,2025
ER,2020-Q1,129,,0,,,,,35.763763,0,2025
ER,2020-Q2,132,,0.023256,,,1.143939,,36.595478,0,2025
ER,2020-Q3,139,,0.077519,,,1.115108,,38.536148,0,2025
ER,2020-Q4,549,,3.255814,,,1.786885,,152.203921,0,2025
ER,2021-Q1,1015,6.868217,6.868217,2.100493,,2.336946,,281.397049,0,2025
ER,2021-Q2,1329,9.068182,9.302326,1.113619,,2.422122,,368.449929,0,2025
ER,2021-Q3,1382,8.942446,9.713178,3.015195,,1.869754,,383.143568,0,2025
ER,2021-Q4,1454,1.648452,10.271318,,,1.622421,,403.104738,0,2025
ER,2022-Q1,1581,0.557635,11.255814,3.230867,,1.482606,,438.314024,0,2025
ER,2022-Q2,1738,0.30775,12.472868,1.680092,,1.197353,,481.840464,0,2025
ER,2022-Q3,1663,0.203329,11.891473,,,1.078172,,461.047579,0,2025
ER,2022-Q4,1639,0.127235,11.705426,,,1.080537,,454.393856,0,2025
ER,2023-Q1,1601,0.01265,11.410853,,,1.043098,,443.858794,0,2025
ER,2023-Q2,1577,-0.092635,11.224806,,,1.01078,,437.20507,0,2025
ER,2023-Q3,1590,-0.043897,11.325581,,,1.032075,,440.80917,0,2025
ER,2023-Q4,1637,-0.00122,11.689922,,,1.04215,,453.839379,0,2025
ER,2024-Q1,1688,0.054341,12.085271,,,1.043839,,467.978541,0,2025
ER,2024-Q2,1767,0.120482,12.697674,,,1.091681,,489.88038,0,2025
ER,2024-Q3,1754,0.103145,12.596899,,,1.068985,,486.27628,0,2025
ER,2024-Q4,1708,0.043372,12.24031,,,1.016979,,473.52331,0,2025
ER,2025-Q1,1677,-0.006517,12,,,0.974955,,464.928917,0,2025
ER,2025-Q2,1676,-0.0515,11.992248,,,0.921241,,464.651679,0,2025
ER,2025-Q3,1680,-0.042189,12.023256,,,0.906548,,465.760633,0,2025
ER,2025-Q4,1651,-0.033372,11.79845,,,0.909752,,457.720717,0,2025
ER,2026-Q1,1628,-0.029219,11.620155,,,0.900491,,451.344232,0,2025
ES,2020-Q1,650592,,0,2.27032,,2.681227,0.061819,13181.848141,25,2025
ES,2020-Q2,711308,,0.093324,2.485811,,2.598104,0.061436,14412.03402,34,2025
ES,2020-Q3,753123,,0.157596,1.599315,,2.571073,0.060821,15259.260823,26,2025
ES,2020-Q4,812307,,0.248566,2.126634,2.110179,2.569428,0.059894,16458.406371,32,2025
ES,2021-Q1,869221,0.336046,0.336046,2.12249,2.080463,2.595378,0.059634,17611.558739,36,2025
ES,2021-Q2,917477,0.289845,0.410219,2.129894,2.007979,2.603732,0.059549,18589.288658,34,2025
ES,2021-Q3,960915,0.275907,0.476986,1.415255,1.934443,2.596393,0.058841,19469.399572,34,2025
ES,2021-Q4,1019602,0.255193,0.567191,1.948961,1.896931,2.618604,0.058089,20658.475247,45,2025
ES,2022-Q1,1094467,0.259135,0.682263,1.984762,1.871901,2.645413,0.056965,22175.338444,49,2025
ES,2022-Q2,1155246,0.259155,0.775684,1.962915,1.840801,2.696568,0.056305,23406.800787,57,2025
ES,2022-Q3,1210960,0.260216,0.86132,1.468232,1.83137,2.699645,0.05571,24535.639579,53,2025
ES,2022-Q4,1285942,0.26122,0.976572,1.943327,1.836442,2.698737,0.054754,26054.873349,63,2025
ES,2023-Q1,1370198,0.251932,1.106079,2.012069,1.852035,2.686278,0.054881,27762.010537,67,2025
ES,2023-Q2,1453100,0.257827,1.233504,1.89923,1.840848,2.665406,0.054168,29441.713906,64,2025
ES,2023-Q3,1521688,0.256596,1.338928,1.323567,1.781192,2.617357,0.053854,30831.396841,53,2025
ES,2023-Q4,1612713,0.25411,1.478839,1.825042,1.758066,2.612546,0.053603,32675.682856,60,2025
ES,2024-Q1,1720498,0.255656,1.644511,1.792473,1.712277,2.583554,0.052927,34859.548477,67,2025
ES,2024-Q2,1807052,0.243584,1.77755,1.794927,1.693918,2.568217,0.052481,36613.246162,63,2025
ES,2024-Q3,1882940,0.237402,1.894195,1.228393,1.649352,2.534125,0.052208,38150.836682,60,2025
ES,2024-Q4,1989867,0.233863,2.058548,1.752673,1.638847,2.53396,0.052419,40317.318096,63,2025
ES,2025-Q1,2116788,0.230334,2.253634,1.756591,1.636913,2.497662,0.05221,42888.904202,66,2025
ES,2025-Q2,2233283,0.235871,2.432694,1.802448,1.647147,2.462492,0.051607,45249.245859,70,2025
ES,2025-Q3,2380413,0.2642,2.658841,1.359621,1.659079,2.384017,0.050547,48230.292839,68,2025
ES,2025-Q4,2574611,0.293861,2.957336,1.9056,1.707274,2.254979,0.04924,52164.999299,82,2025
ES,2026-Q1,2802085,0.323744,3.306977,2.236116,1.845153,2.192758,0.04881,56773.92121,115,2025
ET,2020-Q1,23109,,0,0.895539,,1.439872,0.068501,170.581311,0,2025
ET,2020-Q2,26677,,0.154399,0.686659,,1.425685,0.066087,196.918846,0,2025
ET,2020-Q3,29308,,0.26825,0.55565,,1.417804,0.06517,216.339826,0,2025
ET,2020-Q4,32068,,0.387684,0.651054,0.68527,1.439878,0.063771,236.713032,0,2025
ET,2021-Q1,35422,0.532823,0.532823,1.473745,0.872112,1.492519,0.06112,261.470907,0,2025
ET,2021-Q2,39133,0.466919,0.693409,1.54693,1.10278,1.537833,0.061738,288.864011,2,2025
ET,2021-Q3,43175,0.473147,0.86832,2.956039,1.743975,1.660081,0.061656,318.700423,2,2025
ET,2021-Q4,46902,0.46258,1.029599,1.773784,1.965353,1.757793,0.060445,346.211633,2,2025
ET,2022-Q1,55274,0.560443,1.391882,5.817473,3.213894,1.935413,0.05527,408.010358,2,2025
ET,2022-Q2,63891,0.632663,1.764767,9.097369,5.322144,2.103708,0.051557,471.617574,2,2025
ET,2022-Q3,73199,0.695402,2.167554,7.470362,6.406309,2.177134,0.048594,540.325473,2,2025
ET,2022-Q4,79983,0.705322,2.461119,7.059175,7.39583,2.313292,0.04701,590.402223,2,2025
ET,2023-Q1,85868,0.553497,2.715782,7.040306,7.583041,2.381493,0.046944,633.842917,2,2025
ET,2023-Q2,83920,0.313487,2.631486,3.067743,6.110224,2.011809,0.044662,619.463567,2,2025
ET,2023-Q3,93735,0.28055,3.056212,4.024132,5.25114,2.368091,0.047517,691.913936,2,2025
ET,2023-Q4,104714,0.309203,3.531308,3.477424,4.354041,2.50275,0.047281,772.956482,2,2025
ET,2024-Q1,115757,0.348081,4.009174,3.185527,3.434915,2.550325,0.047185,854.471451,2,2025
ET,2024-Q2,126466,0.506983,4.472586,2.311515,3.18244,2.569094,0.046684,933.520967,2,2025
ET,2024-Q3,137035,0.461941,4.929941,2.295851,2.768387,2.604335,0.046404,1011.537059,2,2025
ET,2024-Q4,150898,0.441049,5.529837,2.136006,2.448347,2.600604,0.046031,1113.868129,2,2025
ET,2025-Q1,164402,0.420234,6.114198,2.164773,2.220369,2.614098,0.045553,1213.549207,2,2025
ET,2025-Q2,178436,0.41094,6.721494,2.355192,2.240235,2.640482,0.045422,1317.14253,2,2025
ET,2025-Q3,200648,0.46421,7.682678,2.30704,2.248563,2.576183,0.043459,1481.102549,2,2025
ET,2025-Q4,227715,0.509066,8.853953,2.183282,2.251311,2.482665,0.040595,1680.900218,2,2025
ET,2026-Q1,251351,0.52888,9.876758,2.45368,2.327163,2.432893,0.039495,1855.371629,2,2025
EU,2020-Q1,6983489,,0,2.459472,,2.565034,0.062125,15480.081302,179,2025
EU,2020-Q2,7553818,,0.081668,2.639186,,2.523025,0.06279,16744.311731,205,2025
EU,2020-Q3,7994501,,0.144772,1.964538,,2.501077,0.062717,17721.159932,193,2025
EU,2020-Q4,8582973,,0.229038,2.291855,2.329698,2.472583,0.062282,19025.60738,217,2025
EU,2021-Q1,9161191,0.311836,0.311836,2.309136,2.296819,2.455222,0.062164,20307.325107,245,2025
EU,2021-Q2,9657304,0.278467,0.382877,2.201984,2.19788,2.461198,0.062063,21407.043253,235,2025
EU,2021-Q3,10099285,0.263279,0.446166,1.681094,2.10845,2.467265,0.061685,22386.76869,231,2025
EU,2021-Q4,10681529,0.244502,0.52954,2.010201,2.042196,2.466602,0.06099,23677.410726,242,2025
EU,2022-Q1,11454780,0.250359,0.640266,2.055479,1.987453,2.453418,0.05957,25391.451995,271,2025
EU,2022-Q2,12117799,0.254781,0.735207,1.997741,1.943552,2.474702,0.059062,26861.145443,273,2025
EU,2022-Q3,12665121,0.254061,0.813581,1.678658,1.928542,2.478067,0.058774,28074.376975,266,2025
EU,2022-Q4,13339629,0.24885,0.910167,1.951469,1.917117,2.470739,0.057946,29569.537729,290,2025
EU,2023-Q1,14086752,0.229771,1.017151,2.025789,1.916082,2.45499,0.058049,31225.661878,314,2025
EU,2023-Q2,14858245,0.22615,1.127625,1.902063,1.894283,2.44281,0.057459,32935.806244,308,2025
EU,2023-Q3,15528470,0.226081,1.223598,1.554047,1.850133,2.427342,0.057294,34421.473006,299,2025
EU,2023-Q4,16336752,0.224678,1.33934,1.802129,1.815008,2.411029,0.056986,36213.166395,314,2025
EU,2024-Q1,17281528,0.226793,1.474627,1.801329,1.764924,2.373943,0.056496,38307.421759,318,2025
EU,2024-Q2,17968168,0.209306,1.57295,1.726984,1.724406,2.376652,0.056355,39829.475137,309,2025
EU,2024-Q3,18657077,0.201476,1.671598,1.412501,1.679223,2.357507,0.056481,41356.558137,294,2025
EU,2024-Q4,19565717,0.19765,1.801711,1.659727,1.646703,2.349533,0.056698,43370.711961,303,2025
EU,2025-Q1,20716181,0.198747,1.966451,1.707716,1.628392,2.319354,0.056935,45920.90947,302,2025
EU,2025-Q2,21898485,0.218738,2.135751,1.762332,1.642761,2.286656,0.056333,48541.68571,313,2025
EU,2025-Q3,23225835,0.244881,2.325821,1.547296,1.6671,2.237489,0.055454,51483.980875,328,2025
EU,2025-Q4,24927137,0.274021,2.569439,1.840744,1.716377,2.16977,0.053879,55255.203723,342,2025
EU,2026-Q1,26953868,0.301102,2.859656,2.232375,1.861601,2.102574,0.053675,59747.794842,436,2025
FI,2020-Q1,145464,,0,3.106899,,2.880128,0.058647,25762.091344,3,2025
FI,2020-Q2,154161,,0.059788,2.917087,,2.858635,0.059522,27302.354972,4,2025
FI,2020-Q3,162910,,0.119933,2.375766,,2.840611,0.059849,28851.82795,4,2025
FI,2020-Q4,172901,,0.188617,2.867849,2.80836,2.820695,0.060376,30621.262687,5,2025
FI,2021-Q1,183288,0.260023,0.260023,2.792889,2.739646,2.81193,0.060953,32460.830159,6,2025
FI,2021-Q2,191775,0.243992,0.318367,2.508002,2.638674,2.810293,0.061082,33963.902185,6,2025
FI,2021-Q3,200264,0.229292,0.376726,2.014666,2.5289,2.825001,0.061139,35467.328417,6,2025
FI,2021-Q4,210319,0.216413,0.445849,2.641949,2.484569,2.834043,0.061198,37248.097738,8,2025
FI,2022-Q1,225454,0.230053,0.549896,2.528746,2.428335,2.80655,0.059888,39928.54962,8,2025
FI,2022-Q2,237619,0.239051,0.633524,2.293386,2.374144,2.814813,0.059503,42083.005988,8,2025
FI,2022-Q3,247938,0.238056,0.704463,1.873174,2.317466,2.802959,0.058757,43910.530466,7,2025
FI,2022-Q4,261156,0.241714,0.795331,2.555802,2.311292,2.81925,0.05849,46251.476152,9,2025
FI,2023-Q1,276673,0.227182,0.902003,2.493294,2.312591,2.798987,0.059409,48999.581329,10,2025
FI,2023-Q2,291618,0.22725,1.004743,2.14292,2.270901,2.780898,0.059149,51646.383666,9,2025
FI,2023-Q3,304883,0.229674,1.095934,1.842356,2.242652,2.768724,0.058688,53995.653187,8,2025
FI,2023-Q4,319853,0.224758,1.198846,2.366412,2.207283,2.757908,0.058855,56646.883096,9,2025
FI,2024-Q1,338521,0.223542,1.327181,2.296578,2.168312,2.734117,0.059544,59953.039404,10,2025
FI,2024-Q2,351130,0.204075,1.413862,1.970772,2.121174,2.718087,0.058705,62186.129445,10,2025
FI,2024-Q3,364222,0.194629,1.503863,1.692877,2.069499,2.726969,0.059066,64504.760171,8,2025
FI,2024-Q4,383819,0.199986,1.638584,2.231682,2.04674,2.755906,0.060458,67975.445042,10,2025
FI,2025-Q1,408980,0.208138,1.811555,2.156123,2.020324,2.750792,0.063404,72431.530261,8,2025
FI,2025-Q2,430829,0.226979,1.961757,2.067372,2.044047,2.751347,0.062461,76301.050787,9,2025
FI,2025-Q3,458053,0.25762,2.14891,1.823977,2.060162,2.690387,0.061089,81122.499219,8,2025
FI,2025-Q4,492059,0.282008,2.382686,2.27692,2.08297,2.635623,0.0597,87145.05929,10,2025
FI,2026-Q1,538218,0.316001,2.700008,2.45793,2.172537,2.555622,0.059881,95319.950496,14,2025
FJ,2020-Q1,1813,,0,,,1.087148,,1942.873309,0,2025
FJ,2020-Q2,2016,,0.111969,,,0.99504,0.050595,2160.415108,0,2025
FJ,2020-Q3,2246,,0.238831,,,0.995102,0.050312,2406.891038,0,2025
FJ,2020-Q4,2398,,0.32267,,,0.943703,0.047957,2569.779479,0,2025
FJ,2021-Q1,2521,0.390513,0.390513,,,0.942483,0.049187,2701.59052,0,2025
FJ,2021-Q2,2726,0.352183,0.503585,,,0.960382,0.048789,2921.275588,0,2025
FJ,2021-Q3,2991,0.331701,0.649752,0.26212,,0.943831,0.04547,3205.258725,0,2025
FJ,2021-Q4,3178,0.325271,0.752896,0.307741,,0.931089,0.042794,3405.654372,0,2025
FJ,2022-Q1,3360,0.332804,0.853282,,,0.978571,0.04256,3600.691847,0,2025
FJ,2022-Q2,3619,0.327586,0.996139,,,0.88367,0.040619,3878.245177,0,2025
FJ,2022-Q3,3964,0.325309,1.186431,0.333249,,0.926337,0.038093,4247.959072,0,2025
FJ,2022-Q4,4252,0.337948,1.345284,0.350894,,0.914393,0.0381,4556.589802,0,2025
FJ,2023-Q1,4557,0.35625,1.513514,,,0.882379,0.037964,4883.438318,0,2025
FJ,2023-Q2,4926,0.361149,1.717044,0.393017,,0.841657,0.034917,5278.87144,0,2025
FJ,2023-Q3,5305,0.338295,1.926089,0.424505,,0.868049,0.034873,5685.020908,0,2025
FJ,2023-Q4,5555,0.306444,2.063982,,,0.868407,0.032583,5952.929527,0,2025
FJ,2024-Q1,5925,0.300197,2.268064,0.665823,,0.842869,0.031224,6349.434284,0,2025
FJ,2024-Q2,6231,0.264921,2.436845,0.334938,,0.828599,0.034505,6677.354435,0,2025
FJ,2024-Q3,6587,0.241659,2.633205,0.270533,,0.829209,0.033551,7058.856309,0,2025
FJ,2024-Q4,6953,0.251665,2.83508,0.517043,0.443999,0.83935,0.034374,7451.074528,0,2025
FJ,2025-Q1,7637,0.288945,3.212355,0.359827,0.372592,0.836061,0.032866,8184.072511,0,2025
FJ,2025-Q2,8096,0.29931,3.465527,0.628211,0.451303,0.843503,0.032485,8675.952737,0,2025
FJ,2025-Q3,9052,0.374222,3.99283,0.456474,0.490296,0.790654,0.029275,9700.435298,0,2025
FJ,2025-Q4,9826,0.413203,4.419746,0.520558,0.493514,0.783839,0.027478,10529.880384,0,2025
FJ,2026-Q1,10906,0.428048,5.015444,0.926279,0.645063,0.761324,0.026316,11687.245621,0,2025
FM,2020-Q1,121,,0,,,1.38843,,1064.363185,0,2025
FM,2020-Q2,129,,0.066116,,,1.139535,,1134.734305,0,2025
FM,2020-Q3,135,,0.115702,,,1,,1187.512645,0,2025
FM,2020-Q4,138,,0.140496,,,0.985507,,1213.901815,0,2025
FM,2021-Q1,154,0.272727,0.272727,,,,,1354.644054,0,2025
FM,2021-Q2,159,0.232558,0.31405,,,0.949686,,1398.626004,0,2025
FM,2021-Q3,170,0.259259,0.404959,,,0.911765,,1495.386293,0,2025
FM,2021-Q4,177,0.282609,0.46281,,,0.926554,,1556.961023,0,2025
FM,2022-Q1,181,0.175325,0.495868,,,0.955801,,1592.146583,0,2025
FM,2022-Q2,182,0.144654,0.504132,,,0.912088,,1600.942973,0,2025
FM,2022-Q3,191,0.123529,0.578512,,,0.890052,,1680.110483,0,2025
FM,2022-Q4,203,0.146893,0.677686,,,0.847291,,1785.667162,0,2025
FM,2023-Q1,215,0.187845,0.77686,,,0.837209,,1891.223842,0,2025
FM,2023-Q2,231,0.269231,0.909091,,,0.844156,,2031.966081,0,2025
FM,2023-Q3,238,0.246073,0.966942,,,0.848739,,2093.540811,0,2025
FM,2023-Q4,248,0.221675,1.049587,,,0.854839,,2181.50471,0,2025
FM,2024-Q1,282,0.311628,1.330579,,,0.85461,,2480.581969,0,2025
FM,2024-Q2,297,0.285714,1.454545,,,0.811448,,2612.527819,0,2025
FM,2024-Q3,335,0.407563,1.768595,,,0.764179,,2946.790637,0,2025
FM,2024-Q4,348,0.403226,1.876033,,,0.772989,,3061.143707,0,2025
FM,2025-Q1,382,0.35461,2.157025,,,1.015707,,3360.220965,0,2025
FM,2025-Q2,478,0.609428,2.950413,,,0.864017,,4204.674402,0,2025
FM,2025-Q3,477,0.423881,2.942149,,,0.505241,,4195.878012,0,2025
FM,2025-Q4,523,0.502874,3.322314,,,0.621415,,4600.51195,0,2025
FM,2026-Q1,570,0.492147,3.710744,,,0.638596,,5013.942278,0,2025
FO,2020-Q1,796,,0,,,1.753769,,14499.089253,0,2025
FO,2020-Q2,864,,0.085427,,,1.780093,,15737.704918,0,2025
FO,2020-Q3,942,,0.183417,,,1.819533,,17158.469945,0,2025
FO,2020-Q4,969,,0.217337,,,1.760578,,17650.273224,0,2025
FO,2021-Q1,1055,0.325377,0.325377,,,1.848341,,19216.757741,0,2025
FO,2021-Q2,1118,0.293981,0.404523,,,1.808587,,20364.298725,0,2025
FO,2021-Q3,1162,0.233546,0.459799,,,1.898451,,21165.75592,0,2025
FO,2021-Q4,1189,0.227038,0.493719,,,1.867956,,21657.559199,0,2025
FO,2022-Q1,1274,0.207583,0.600503,,,1.854788,,23205.82878,0,2025
FO,2022-Q2,1298,0.161002,0.630653,,,1.737288,,23642.98725,0,2025
FO,2022-Q3,1370,0.179002,0.721106,,,1.776642,0.073723,24954.462659,0,2025
FO,2022-Q4,1400,0.17746,0.758794,,,1.774286,0.074286,25500.910747,0,2025
FO,2023-Q1,1459,0.145212,0.832915,,,1.762166,0.072653,26575.591985,0,2025
FO,2023-Q2,1510,0.163328,0.896985,,,1.678808,0.069536,27504.553734,0,2025
FO,2023-Q3,1587,0.158394,0.993719,,,1.760555,0.070573,28907.103825,0,2025
FO,2023-Q4,1650,0.178571,1.072864,,,1.752121,0.073333,30054.644809,0,2025
FO,2024-Q1,1738,0.191227,1.183417,,,1.715765,0.079402,31657.559199,0,2025
FO,2024-Q2,1772,0.17351,1.226131,,,1.687923,0.078442,32276.867031,0,2025
FO,2024-Q3,1845,0.162571,1.317839,,,1.610298,0.076423,33606.557377,0,2025
FO,2024-Q4,1916,0.161212,1.407035,,,1.557933,0.074635,34899.817851,0,2025
FO,2025-Q1,2023,0.163982,1.541457,,,1.525457,0.077608,36848.816029,0,2025
FO,2025-Q2,2110,0.190745,1.650754,,,1.56019,0.085782,38433.515483,0,2025
FO,2025-Q3,2229,0.20813,1.800251,2.279498,,1.729475,0.078511,40601.092896,0,2025
FO,2025-Q4,2350,0.226514,1.952261,1.614043,,1.566809,0.074894,42805.100182,0,2025
FO,2026-Q1,2508,0.239743,2.150754,1.975678,,1.627193,0.077751,45683.060109,0,2025
FR,2020-Q1,1067323,,0,2.753086,,2.709532,0.064801,15531.399388,75,2025
FR,2020-Q2,1154301,,0.081492,2.914358,,2.674759,0.065446,16797.080026,86,2025
FR,2020-Q3,1217848,,0.14103,1.98923,,2.629136,0.065191,17721.799007,87,2025
FR,2020-Q4,1310873,,0.228188,2.53016,2.534927,2.594862,0.064826,19075.473975,103,2025
FR,2021-Q1,1400063,0.311752,0.311752,2.520607,2.485175,2.573461,0.064578,20373.343047,108,2025
FR,2021-Q2,1475345,0.278128,0.382285,2.428028,2.377902,2.573173,0.064594,21468.826615,110,2025
FR,2021-Q3,1540101,0.264609,0.442957,1.79082,2.302667,2.574279,0.064194,22411.138642,107,2025
FR,2021-Q4,1630862,0.244104,0.527993,2.179333,2.220079,2.567557,0.063308,23731.868486,119,2025
FR,2022-Q1,1760940,0.257758,0.649866,2.321072,2.182167,2.541973,0.061364,25624.728819,136,2025
FR,2022-Q2,1860335,0.260949,0.742992,2.150143,2.119992,2.52179,0.06051,27071.098327,143,2025
FR,2022-Q3,1936463,0.257361,0.814318,1.746346,2.089862,2.514296,0.060251,28178.892662,130,2025
FR,2022-Q4,2037520,0.249352,0.909,2.059458,2.062494,2.516204,0.059345,29649.44715,138,2025
FR,2023-Q1,2156516,0.224639,1.020491,2.227947,2.050163,2.494885,0.05928,31381.045177,152,2025
FR,2023-Q2,2271129,0.220817,1.127874,2.024507,2.021089,2.461045,0.058167,33048.862959,148,2025
FR,2023-Q3,2372522,0.225183,1.222872,1.608706,1.970583,2.451635,0.057957,34524.306829,145,2025
FR,2023-Q4,2501700,0.227816,1.343902,1.952571,1.946271,2.440367,0.057656,36404.070603,154,2025
FR,2024-Q1,2644936,0.226486,1.478103,1.991619,1.896477,2.407999,0.056984,38488.40264,151,2025
FR,2024-Q2,2730260,0.20216,1.558045,1.828095,1.849892,2.406568,0.0572,39730.014712,152,2025
FR,2024-Q3,2837148,0.195836,1.658191,1.471036,1.802977,2.376958,0.057032,41285.420355,135,2025
FR,2024-Q4,2978496,0.190589,1.790623,1.827592,1.776087,2.364272,0.057119,43342.27872,148,2025
FR,2025-Q1,3153280,0.192195,1.954382,1.935535,1.770336,2.343364,0.057258,45885.688832,150,2025
FR,2025-Q2,3327893,0.218892,2.117981,1.888843,1.789583,2.306062,0.056596,48426.610597,151,2025
FR,2025-Q3,3505211,0.23547,2.284115,1.614802,1.812037,2.246702,0.055461,51006.8948,144,2025
FR,2025-Q4,3756972,0.261365,2.519995,2.010202,1.862838,2.190737,0.053784,54670.453668,165,2025
FR,2026-Q1,4034001,0.279303,2.77955,2.41244,1.998769,2.105792,0.052929,58701.705727,227,2025
GA,2020-Q1,1514,,0,1.167107,,1.521797,0.094452,583.850405,0,2025
GA,2020-Q2,1664,,0.099075,,,1.460938,0.084736,641.695557,0,2025
GA,2020-Q3,1809,,0.194848,0.648977,,1.579326,0.080155,697.612538,0,2025
GA,2020-Q4,1966,,0.298547,,,1.61648,0.078332,758.157131,0,2025
GA,2021-Q1,2129,0.406209,0.406209,0.549554,,1.552842,0.075622,821.015529,0,2025
GA,2021-Q2,2322,0.395433,0.533686,,,1.57149,0.073643,895.442959,0,2025
GA,2021-Q3,2552,0.410724,0.685601,0.446708,,1.624608,0.06779,984.138859,0,2025
GA,2021-Q4,2782,0.415056,0.837517,0.669303,,1.621136,0.061826,1072.83476,0,2025
GA,2022-Q1,3030,0.423203,1.001321,0.666007,,1.631023,0.065677,1168.472078,0,2025
GA,2022-Q2,3321,0.430233,1.193527,0.782596,0.652033,1.560373,0.060223,1280.691674,0,2025
GA,2022-Q3,3597,0.409483,1.375826,0.976369,0.784839,1.63414,0.058104,1387.126754,0,2025
GA,2022-Q4,3919,0.408699,1.588507,0.666241,0.774501,1.69482,0.054606,1511.301015,0,2025
GA,2023-Q1,4292,0.416502,1.834875,0.582246,0.741688,1.658201,0.054054,1655.142627,0,2025
GA,2023-Q2,4766,0.43511,2.147952,0.479018,0.657958,1.596517,0.048678,1837.933308,0,2025
GA,2023-Q3,5189,0.442591,2.427345,0.555598,0.565672,1.72037,0.046637,2001.056638,0,2025
GA,2023-Q4,5575,0.422557,2.682299,0.768072,0.602714,1.678744,0.043767,2149.911497,0,2025
GA,2024-Q1,6041,0.407502,2.990092,0.682172,0.629039,1.705843,0.041053,2329.617104,0,2025
GA,2024-Q2,6656,0.396559,3.396301,0.598558,0.650867,1.676833,0.039814,2566.782228,0,2025
GA,2024-Q3,7234,0.394103,3.778071,0.820293,0.718302,1.779237,0.038291,2789.678882,0,2025
GA,2024-Q4,7871,0.411839,4.198811,0.911955,0.763147,1.791132,0.036971,3035.327963,0,2025
GA,2025-Q1,10331,0.710147,5.823646,0.838641,0.802692,1.535573,0.029136,3983.988462,0,2025
GA,2025-Q2,10275,0.54372,5.786658,1.156691,0.942595,1.721363,0.031436,3962.392938,0,2025
GA,2025-Q3,12148,0.679292,7.023778,1.17435,1.033674,1.564702,0.028811,4684.686074,0,2025
GA,2025-Q4,14202,0.804345,8.380449,1.145754,1.087976,1.476975,0.025912,5476.779028,0,2025
GA,2026-Q1,16223,0.570322,9.715324,1.311595,1.205363,1.430438,0.023115,6256.146047,0,2025
GB,2020-Q1,1635516,,0,2.433781,,2.550697,0.057527,23537.006922,103,2025
GB,2020-Q2,1749625,,0.069769,2.579805,,2.480091,0.05885,25179.170204,113,2025
GB,2020-Q3,1843208,,0.126989,2.100832,,2.432315,0.058932,26525.940104,112,2025
GB,2020-Q4,1956184,,0.196065,2.082489,2.288274,2.422187,0.059072,28151.798178,114,2025
GB,2021-Q1,2075096,0.268771,0.268771,2.224561,2.239719,2.387491,0.059448,29863.082303,124,2025
GB,2021-Q2,2175726,0.243538,0.330299,1.95737,2.089495,2.41101,0.05945,31311.266856,126,2025
GB,2021-Q3,2272740,0.233035,0.389616,1.704082,1.983732,2.40279,0.05898,32707.412897,118,2025
GB,2021-Q4,2398439,0.22608,0.466472,1.769817,1.904574,2.420424,0.05826,34516.369968,129,2025
GB,2022-Q1,2555010,0.231273,0.562204,1.89055,1.830139,2.401103,0.057252,36769.611582,140,2025
GB,2022-Q2,2686737,0.234869,0.642746,1.732346,1.775708,2.393776,0.056738,38665.318693,149,2025
GB,2022-Q3,2805910,0.234593,0.715611,1.617537,1.748806,2.389234,0.056334,40380.358916,151,2025
GB,2022-Q4,2946458,0.22849,0.801546,1.684644,1.727026,2.388863,0.055791,42403.010635,153,2025
GB,2023-Q1,3110915,0.217574,0.9021,1.831859,1.719089,2.374966,0.05582,44769.741103,177,2025
GB,2023-Q2,3278228,0.220152,1.0044,1.603232,1.684874,2.362715,0.05528,47177.572783,167,2025
GB,2023-Q3,3422806,0.219856,1.092799,1.482822,1.645477,2.339062,0.054788,49258.220962,160,2025
GB,2023-Q4,3595978,0.220441,1.198681,1.501566,1.598273,2.314041,0.054412,51750.370573,164,2025
GB,2024-Q1,3796457,0.220367,1.321259,1.550829,1.533932,2.28544,0.053754,54635.500165,165,2025
GB,2024-Q2,3935798,0.200587,1.406456,1.431163,1.491111,2.268422,0.053703,56640.781729,159,2025
GB,2024-Q3,4080458,0.192138,1.494906,1.321847,1.448128,2.250705,0.053564,58722.609985,155,2025
GB,2024-Q4,4258046,0.184113,1.603488,1.366702,1.414597,2.224923,0.053425,61278.311051,151,2025
GB,2025-Q1,4465829,0.176315,1.730532,1.448945,1.392864,2.185118,0.053496,64268.55383,155,2025
GB,2025-Q2,4684240,0.190163,1.864075,1.440357,1.396966,2.140311,0.053179,67411.746082,166,2025
GB,2025-Q3,4927421,0.207566,2.012762,1.423587,1.420837,2.087189,0.052393,70911.407889,171,2025
GB,2025-Q4,5220983,0.226145,2.192254,1.481439,1.449177,2.041512,0.051337,75136.111791,175,2025
GB,2026-Q1,5559767,0.244957,2.399396,1.882488,1.567365,1.981881,0.050924,80011.613683,228,2025
GD,2020-Q1,614,,0,,,1.42671,,5234.307733,0,2025
GD,2020-Q2,702,,0.143322,,,1.39886,,5984.501675,0,2025
GD,2020-Q3,774,,0.260586,,,1.275194,,6598.296719,0,2025
GD,2020-Q4,844,,0.374593,,,1.312796,,7195.0419,0,2025
GD,2021-Q1,904,0.472313,0.472313,,,1.315265,,7706.53777,0,2025
GD,2021-Q2,953,0.35755,0.552117,,,1.359916,,8124.259397,0,2025
GD,2021-Q3,1058,0.366925,0.723127,,,1.510397,,9019.377169,0,2025
GD,2021-Q4,1156,0.369668,0.882736,,,1.262111,,9854.820422,0,2025
GD,2022-Q1,1258,0.391593,1.04886,,,1.434817,,10724.363401,0,2025
GD,2022-Q2,1331,0.396642,1.167752,,,1.433509,,11346.683376,0,2025
GD,2022-Q3,1397,0.320416,1.275244,,,1.352899,,11909.328832,0,2025
GD,2022-Q4,1482,0.282007,1.413681,,,1.274629,,12633.947981,0,2025
GD,2023-Q1,1599,0.271065,1.604235,,,1.397749,,13631.364927,0,2025
GD,2023-Q2,1686,0.266717,1.745928,,,1.285291,,14373.033938,0,2025
GD,2023-Q3,1778,0.272727,1.895765,,,1.260405,,15157.327605,0,2025
GD,2023-Q4,1840,0.241565,1.996743,,,1.258696,,15685.873337,0,2025
GD,2024-Q1,1909,0.193871,2.109121,,,1.256155,,16274.093587,0,2025
GD,2024-Q2,2018,0.196916,2.286645,,,1.304262,,17203.311083,0,2025
GD,2024-Q3,2073,0.165917,2.376221,,,1.299083,,17672.182297,0,2025
GD,2024-Q4,2171,0.179891,2.535831,,,1.270843,,18507.625551,0,2025
GD,2025-Q1,2440,0.278156,2.973941,,,1.158197,,20800.832033,0,2025
GD,2025-Q2,3133,0.552527,4.102606,0.966805,,1.033833,,26708.609328,0,2025
GD,2025-Q3,2659,0.282682,3.330619,,,1.308387,,22667.791958,0,2025
GD,2025-Q4,2892,0.332105,3.710098,1.138658,,1.348548,,24654.100918,0,2025
GD,2026-Q1,3085,0.264344,4.02443,1.230146,,1.330956,0.032739,26299.412632,0,2025
GE,2020-Q1,29777,,0,1.156665,,1.627464,0.089499,7565.744508,0,2025
GE,2020-Q2,33381,,0.121033,1.327552,,1.585872,0.084,8481.449354,0,2025
GE,2020-Q3,36217,,0.216274,1.151365,,1.612171,0.080294,9202.020649,0,2025
GE,2020-Q4,39813,,0.337039,1.30053,1.23742,1.658529,0.075026,10115.692854,0,2025
GE,2021-Q1,43214,0.451254,0.451254,1.474314,1.320249,1.702134,0.072014,10979.81943,0,2025
GE,2021-Q2,46342,0.388275,0.556302,1.49275,1.367054,1.776963,0.070109,11774.582127,2,2025
GE,2021-Q3,49759,0.373913,0.671055,1.459555,1.436358,1.865954,0.068711,12642.773986,2,2025
GE,2021-Q4,53984,0.355939,0.812943,1.396969,1.453334,1.931591,0.065575,13716.262603,2,2025
GE,2022-Q1,59732,0.382237,1.005978,1.601302,1.491138,2.038221,0.062379,15176.715282,2,2025
GE,2022-Q2,73610,0.588408,1.472042,2.724073,1.873623,2.920459,0.0662,18702.839549,2,2025
GE,2022-Q3,79896,0.605659,1.683145,2.533957,2.148158,2.983816,0.064759,20299.987347,2,2025
GE,2022-Q4,92758,0.71825,2.115089,3.074915,2.561615,3.27686,0.06227,23567.966185,2,2025
GE,2023-Q1,103337,0.730011,2.470363,3.291725,2.941502,3.339472,0.061798,26255.88005,6,2025
GE,2023-Q2,110827,0.505597,2.721899,2.878883,2.964937,3.306081,0.059561,28158.940344,4,2025
GE,2023-Q3,116440,0.457395,2.910401,2.531948,2.927183,3.259146,0.058296,29585.092203,4,2025
GE,2023-Q4,122527,0.320932,3.11482,2.219699,2.705637,3.175308,0.056437,31131.678052,2,2025
GE,2024-Q1,129930,0.257342,3.363435,2.095482,2.414132,3.07795,0.053968,33012.633373,2,2025
GE,2024-Q2,135694,0.224377,3.557007,2.022639,2.206775,3.069915,0.053459,34477.151335,2,2025
GE,2024-Q3,140644,0.207867,3.723243,1.825716,2.033822,3.070803,0.054485,35734.848058,2,2025
GE,2024-Q4,147127,0.200772,3.940961,1.786694,1.926965,3.024503,0.053872,37382.049644,2,2025
GE,2025-Q1,155082,0.193581,4.208114,1.884796,1.877816,2.983899,0.053294,39403.257206,2,2025
GE,2025-Q2,161237,0.18824,4.414817,1.875047,1.844546,3.006611,0.054454,40967.120505,2,2025
GE,2025-Q3,171024,0.216006,4.743493,1.752888,1.824014,2.934816,0.053338,43453.802894,2,2025
GE,2025-Q4,183911,0.250015,5.176277,1.80782,1.827757,2.83405,0.053026,46728.133736,1,2025
GE,2026-Q1,198539,0.280219,5.667529,2.242522,1.930597,2.746146,0.051778,50444.818112,2,2025
GF,2020-Q1,753,,0,,,1.12749,,,0,
GF,2020-Q2,867,,0.151394,,,1.175317,,,0,
GF,2020-Q3,932,,0.237716,,,0.921674,,,0,
GF,2020-Q4,965,,0.281541,,,0.916062,,,0,
GF,2021-Q1,1057,0.403718,0.403718,,,1.033113,,,0,
GF,2021-Q2,1145,0.320646,0.520584,,,1.046288,,,0,
GF,2021-Q3,1210,0.298283,0.606906,,,0.987603,,,0,
GF,2021-Q4,1275,0.321244,0.693227,,,1.032157,,,0,
GF,2022-Q1,1346,0.273415,0.787517,,,1.023774,,,0,
GF,2022-Q2,1515,0.323144,1.011952,,,1.135314,,,0,
GF,2022-Q3,1620,0.338843,1.151394,,,1.214198,,,0,
GF,2022-Q4,1677,0.315294,1.227092,,,1.078712,,,0,
GF,2023-Q1,1790,0.329866,1.377158,,,1.117318,,,0,
GF,2023-Q2,1908,0.259406,1.533865,,,1.041929,,,0,
GF,2023-Q3,1989,0.227778,1.641434,,,1.001508,,,0,
GF,2023-Q4,2115,0.261181,1.808765,,,0.962648,,,0,
GF,2024-Q1,2272,0.269274,2.017264,,,0.951144,,,0,
GF,2024-Q2,2342,0.227463,2.110226,,,0.953032,,,0,
GF,2024-Q3,2470,0.24183,2.280212,,,0.939271,,,0,
GF,2024-Q4,2645,0.250591,2.512616,,,1.055577,,,0,
GF,2025-Q1,2990,0.316021,2.970784,0.658528,,1.025084,,,0,
GF,2025-Q2,3158,0.34842,3.193891,0.723876,,1.075364,0.033566,,0,
GF,2025-Q3,3318,0.34332,3.406375,0.712779,,0.932791,,,0,
GF,2025-Q4,3600,0.361059,3.780876,0.948611,0.768024,1.07,,,0,
GF,2026-Q1,3915,0.309365,4.199203,1.601277,1.024587,1.071264,0.027331,,0,
GG,2020-Q1,813,,0,,,1.335793,,,0,
GG,2020-Q2,853,,0.0492,,,1.146542,,,0,
GG,2020-Q3,883,,0.086101,,,1.272933,,,0,
GG,2020-Q4,909,,0.118081,,,1.237624,,,0,
GG,2021-Q1,1052,0.293973,0.293973,,,1.476236,,,0,
GG,2021-Q2,1099,0.288394,0.351784,,,1.56051,,,0,
GG,2021-Q3,1163,0.317101,0.430504,,,1.544282,,,0,
GG,2021-Q4,1180,0.29813,0.451415,,,1.40339,,,0,
GG,2022-Q1,1252,0.190114,0.539975,,,1.381789,,,0,
GG,2022-Q2,1298,0.181074,0.596556,,,1.359784,,,0,
GG,2022-Q3,1369,0.177128,0.683887,,,1.330168,,,0,
GG,2022-Q4,1430,0.211864,0.758918,,,1.365734,,,0,
GG,2023-Q1,1469,0.173323,0.806888,,,1.343771,,,0,
GG,2023-Q2,1549,0.193374,0.905289,,,1.322143,,,0,
GG,2023-Q3,1633,0.192841,1.00861,,,1.385793,,,0,
GG,2023-Q4,1675,0.171329,1.060271,,,1.291343,,,0,
GG,2024-Q1,1752,0.192648,1.154982,,,1.273973,,,0,
GG,2024-Q2,1794,0.158167,1.206642,,,1.27592,,,0,
GG,2024-Q3,1873,0.146969,1.303813,,,1.320876,,,0,
GG,2024-Q4,1939,0.157612,1.384994,,,1.301702,,,0,
GG,2025-Q1,2024,0.155251,1.489545,,,1.306324,0.052372,,0,
GG,2025-Q2,2367,0.319398,1.911439,,,1.220955,0.052387,,0,
GG,2025-Q3,2350,0.254672,1.890529,1.455745,,1.545957,0.05617,,0,
GG,2025-Q4,2477,0.277463,2.04674,,,1.386354,0.054098,,0,
GG,2026-Q1,2691,0.329545,2.309963,2.674099,,1.369379,0.06243,,0,
GH,2020-Q1,42569,,0,1.026663,,2.016068,0.094294,1214.027772,0,2025
GH,2020-Q2,49033,,0.151848,1.2606,,1.990109,0.089103,1398.374961,0,2025
GH,2020-Q3,55278,,0.298551,1.218695,,2.047903,0.084518,1576.476477,0,2025
GH,2020-Q4,59738,,0.403322,0.980096,1.120091,2.044578,0.08251,1703.671475,0,2025
GH,2021-Q1,64799,0.522211,0.522211,0.987484,1.099922,2.07247,0.080387,1848.006427,2,2025
GH,2021-Q2,70575,0.439337,0.657897,1.16435,1.086617,2.117719,0.078767,2012.732504,2,2025
GH,2021-Q3,76245,0.379301,0.791092,1.212539,1.095092,2.20745,0.076648,2174.435562,2,2025
GH,2021-Q4,82027,0.373113,0.926919,1.169322,1.139222,2.278469,0.07428,2339.332754,2,2025
GH,2022-Q1,90202,0.392028,1.11896,1.782488,1.351905,2.331611,0.07073,2572.476052,2,2025
GH,2022-Q2,98686,0.398314,1.31826,2.453347,1.703137,2.390663,0.068277,2814.431738,2,2025
GH,2022-Q3,108077,0.417496,1.538866,2.924258,2.150061,2.442444,0.065999,3082.25421,2,2025
GH,2022-Q4,115790,0.411608,1.720054,3.1734,2.632041,2.490845,0.06365,3302.221703,3,2025
GH,2023-Q1,130935,0.451575,2.07583,4.841272,3.438891,2.488594,0.061756,3734.142833,2,2025
GH,2023-Q2,143402,0.453114,2.368696,3.581017,3.675021,2.481325,0.059574,4089.689927,2,2025
GH,2023-Q3,153191,0.417425,2.598652,3.37401,3.739491,2.513424,0.058228,4368.862984,2,2025
GH,2023-Q4,160756,0.388341,2.776363,2.109296,3.405442,2.544602,0.058138,4584.609656,2,2025
GH,2024-Q1,171415,0.309161,3.026757,1.666978,2.632498,2.536073,0.057527,4888.594293,2,2025
GH,2024-Q2,182458,0.272353,3.286171,1.500784,2.119621,2.538628,0.055859,5203.530249,2,2025
GH,2024-Q3,193179,0.261034,3.538021,1.433153,1.660778,2.526905,0.054809,5509.283067,2,2025
GH,2024-Q4,205106,0.275884,3.818201,1.19368,1.437545,2.515646,0.055108,5849.42987,2,2025
GH,2025-Q1,223235,0.302307,4.244074,1.172773,1.315111,2.471472,0.055036,6366.451869,2,2025
GH,2025-Q2,244370,0.339322,4.740562,1.449642,1.313953,2.460286,0.053276,6969.202155,2,2025
GH,2025-Q3,273163,0.414041,5.416947,1.606349,1.374051,2.38629,0.051061,7790.351387,2,2025
GH,2025-Q4,297331,0.449646,5.984684,1.529444,1.454196,2.314464,0.04904,8479.599976,2,2025
GH,2026-Q1,328387,0.471037,6.714229,1.807258,1.610561,2.244218,0.047599,9365.287835,3,2025
GI,2020-Q1,813,,0,,,1.831488,,20261.177292,0,2025
GI,2020-Q2,855,,0.051661,,,2.046784,,21307.880177,0,2025
GI,2020-Q3,871,,0.071341,,,1.947187,,21706.624134,0,2025
GI,2020-Q4,903,,0.110701,,,1.912514,,22504.112047,0,2025
GI,2021-Q1,934,0.148831,0.148831,,,1.883298,,23276.678463,0,2025
GI,2021-Q2,997,0.166082,0.226322,,,2.242728,,24846.732792,0,2025
GI,2021-Q3,1042,0.196326,0.281673,,,2.12476,,25968.200169,0,2025
GI,2021-Q4,1099,0.217054,0.351784,,,1.936306,,27388.725515,0,2025
GI,2022-Q1,1160,0.24197,0.426814,,,1.934483,,28908.936849,0,2025
GI,2022-Q2,1218,0.221665,0.498155,,,1.908046,,30354.383691,0,2025
GI,2022-Q3,1277,0.225528,0.570726,,,1.589663,,31824.752031,0,2025
GI,2022-Q4,1337,0.216561,0.644526,,,1.910995,,33320.041868,0,2025
GI,2023-Q1,1365,0.176724,0.678967,,,1.860073,,34017.843792,0,2025
GI,2023-Q2,1430,0.174056,0.758918,,,1.74965,,35637.741115,0,2025
GI,2023-Q3,1493,0.169146,0.836408,,,2.046216,,37207.795444,0,2025
GI,2023-Q4,1600,0.196709,0.96802,,,1.805625,,39874.395654,0,2025
GI,2024-Q1,1655,0.212454,1.03567,,,1.583082,,41245.078004,0,2025
GI,2024-Q2,1754,0.226573,1.157442,,,1.613455,,43712.306235,0,2025
GI,2024-Q3,1906,0.276624,1.344403,,,1.741868,,47500.373822,0,2025
GI,2024-Q4,2097,0.310625,1.579336,,,2.189318,0.070577,52260.379804,0,2025
GI,2025-Q1,2580,0.558912,2.173432,1.405814,,2.133721,0.067442,64297.462992,0,2025
GI,2025-Q2,2815,0.604903,2.462485,1.077087,,2.060391,0.065009,70154.014853,0,2025
GI,2025-Q3,2745,0.440189,2.376384,0.649909,,1.595264,0.056466,68409.510043,0,2025
GI,2025-Q4,2891,0.378636,2.555966,1.1266,1.060647,1.567624,0.062262,72048.048647,0,2025
GI,2026-Q1,3007,0.165504,2.698647,1.66578,1.141735,1.52278,0.069504,74938.942332,0,2025
GL,2020-Q1,346,,0,,,0.852601,,6088.226496,0,2025
GL,2020-Q2,386,,0.115607,,,0.870466,,6792.06771,0,2025
GL,2020-Q3,431,,0.245665,,,1.067285,,7583.889075,0,2025
GL,2020-Q4,471,,0.361272,,,0.815287,,8287.730288,0,2025
GL,2021-Q1,511,0.476879,0.476879,,,0.806262,,8991.571501,0,2025
GL,2021-Q2,579,0.5,0.67341,,,1.184801,,10188.101564,0,2025
GL,2021-Q3,617,0.431555,0.783237,,,0.967585,,10856.750717,0,2025
GL,2021-Q4,658,0.397028,0.901734,,,0.8769,,11578.187961,0,2025
GL,2022-Q1,718,0.405088,1.075145,,,0.937326,,12633.949781,0,2025
GL,2022-Q2,783,0.352332,1.263006,,,0.793103,,13777.691753,0,2025
GL,2022-Q3,811,0.314425,1.343931,,,0.819975,,14270.380602,0,2025
GL,2022-Q4,857,0.302432,1.476879,,,0.854142,,15079.797998,0,2025
GL,2023-Q1,915,0.274373,1.644509,,,0.839344,,16100.367757,0,2025
GL,2023-Q2,993,0.268199,1.869942,,,1.130916,,17472.858123,0,2025
GL,2023-Q3,1048,0.292232,2.028902,,,0.956107,,18440.639792,0,2025
GL,2023-Q4,1113,0.298716,2.216763,,,0.858041,,19584.381763,0,2025
GL,2024-Q1,1163,0.271038,2.361272,,,0.766122,,20464.18328,0,2025
GL,2024-Q2,1169,0.177241,2.378613,,,0.828058,,20569.759462,0,2025
GL,2024-Q3,1222,0.166031,2.531792,,,0.888707,,21502.34907,0,2025
GL,2024-Q4,1410,0.266846,3.075145,,,0.929787,,24810.402773,0,2025
GL,2025-Q1,1404,0.207223,3.057803,,,1.017094,0.083333,24704.826591,0,2025
GL,2025-Q2,1395,0.193328,3.031792,,,1.146237,,24546.462318,0,2025
GL,2025-Q3,1446,0.183306,3.179191,,,0.863071,,25443.859865,0,2025
GL,2025-Q4,1545,0.095745,3.465318,,,0.80712,,27185.866868,0,2025
GL,2026-Q1,1682,0.198006,3.861272,,,0.768133,0.064804,29596.523024,0,2025
GM,2020-Q1,1440,,0,,,1.401389,0.070833,510.259584,0,2025
GM,2020-Q2,1608,,0.116667,1.296642,,1.473881,0.069652,569.789869,0,2025
GM,2020-Q3,1740,,0.208333,,,1.456322,0.07069,616.563664,0,2025
GM,2020-Q4,1859,,0.290972,,,1.513717,0.068316,658.730949,0,2025
GM,2021-Q1,1999,0.388194,0.388194,0.649825,,1.667334,0.074037,708.33952,0,2025
GM,2021-Q2,2139,0.330224,0.485417,0.521272,,1.741,0.071996,757.94809,0,2025
GM,2021-Q3,2272,0.305747,0.577778,0.730634,,1.74912,0.068222,805.076232,0,2025
GM,2021-Q4,2451,0.318451,0.702083,0.672787,0.645864,1.822113,0.064463,868.504333,0,2025
GM,2022-Q1,2617,0.309155,0.817361,0.695071,0.658614,1.901414,0.062667,927.325924,0,2025
GM,2022-Q2,2872,0.342683,0.994444,1.38266,0.891011,1.881964,0.060237,1017.684392,0,2025
GM,2022-Q3,3073,0.352553,1.134028,1.881874,1.200581,1.974618,0.055321,1088.908126,0,2025
GM,2022-Q4,3314,0.352101,1.301389,1.673506,1.441479,2.093241,0.054617,1174.305737,0,2025
GM,2023-Q1,3513,0.342377,1.439583,2.260746,1.819762,2.071449,0.054369,1244.820777,0,2025
GM,2023-Q2,3695,0.28656,1.565972,1.44249,1.809562,2.075778,0.054398,1309.311918,0,2025
GM,2023-Q3,3912,0.273023,1.716667,1.684049,1.76015,2.090491,0.054448,1386.205203,0,2025
GM,2023-Q4,4102,0.237779,1.848611,1.282058,1.650177,2.107021,0.053876,1453.53112,0,2025
GM,2024-Q1,4802,0.366923,2.334722,0.813411,1.276906,1.864015,0.046855,1701.573974,0,2025
GM,2024-Q2,4983,0.348579,2.460417,0.568934,1.044328,1.866346,0.046558,1765.710769,0,2025
GM,2024-Q3,5178,0.32362,2.595833,0.554654,0.780068,1.760332,0.043067,1834.808421,0,2025
GM,2024-Q4,5412,0.319356,2.758333,0.759239,0.673472,1.847191,0.044161,1917.725603,0,2025
GM,2025-Q1,5940,0.236985,3.125,0.892088,0.702598,1.836195,0.045286,2104.820784,0,2025
GM,2025-Q2,6351,0.274533,3.410417,0.760038,0.747651,1.939695,0.047709,2250.457373,0,2025
GM,2025-Q3,7065,0.364426,3.90625,1.00184,0.860505,1.835103,0.045718,2503.461084,0,2025
GM,2025-Q4,7784,0.438285,4.405556,0.945144,0.904974,1.735098,0.043037,2758.236529,0,2025
GM,2026-Q1,8554,0.440067,4.940278,1.179916,0.98659,1.667056,0.042086,3031.083667,0,2025
GN,2020-Q1,1430,,0,,,1.109091,0.141958,94.703699,0,2025
GN,2020-Q2,1609,,0.125175,0.36358,,1.075823,0.134866,106.558218,0,2025
GN,2020-Q3,1799,,0.258042,,,1.050584,0.122846,119.141227,0,2025
GN,2020-Q4,1953,,0.365734,,,1.166411,0.11828,129.340087,0,2025
GN,2021-Q1,2123,0.484615,0.484615,0.441828,,1.163919,0.113519,140.598568,0,2025
GN,2021-Q2,2349,0.459913,0.642657,0.902937,,1.269476,0.103023,155.565726,0,2025
GN,2021-Q3,2563,0.42468,0.792308,0.891143,,1.269996,0.095981,169.738168,0,2025
GN,2021-Q4,2834,0.451101,0.981818,0.614326,0.717803,1.368737,0.093155,187.685512,0,2025
GN,2022-Q1,3136,0.477155,1.193007,0.449936,0.69445,1.300064,0.081952,207.685874,0,2025
GN,2022-Q2,3442,0.465304,1.406993,0.531668,0.606764,1.332655,0.078443,227.951141,0,2025
GN,2022-Q3,3824,0.492002,1.674126,0.603818,0.550846,1.404289,0.073745,253.249612,0,2025
GN,2022-Q4,4161,0.468243,1.90979,0.471041,0.51569,1.464071,0.074742,275.567896,0,2025
GN,2023-Q1,4643,0.480548,2.246853,0.912772,0.643248,1.495154,0.07409,307.489003,0,2025
GN,2023-Q2,5019,0.458164,2.50979,0.610281,0.655636,1.444511,0.066746,332.390115,0,2025
GN,2023-Q3,5516,0.442469,2.857343,0.6405,0.661565,1.426577,0.063452,365.304618,0,2025
GN,2023-Q4,5970,0.434751,3.174825,0.476717,0.64687,1.437186,0.060637,395.371387,0,2025
GN,2024-Q1,6205,0.33642,3.339161,0.314585,0.501717,1.334569,0.05834,410.934582,0,2025
GN,2024-Q2,6733,0.341502,3.708392,0.557701,0.494841,1.559186,0.057181,445.902101,0,2025
GN,2024-Q3,7236,0.31182,4.06014,0.436153,0.447866,1.521282,0.056523,479.213962,0,2025
GN,2024-Q4,7844,0.313903,4.485315,0.403748,0.429367,1.500255,0.056731,519.479591,0,2025
GN,2025-Q1,8939,0.440612,5.251049,0.572547,0.494147,1.478241,0.05269,591.997458,0,2025
GN,2025-Q2,10136,0.505421,6.088112,0.857242,0.589372,1.534728,0.0515,671.270414,0,2025
GN,2025-Q3,11925,0.64801,7.339161,0.794214,0.6808,1.486792,0.046876,789.749378,0,2025
GN,2025-Q4,13611,0.735212,8.518182,0.810007,0.768936,1.44802,0.0432,901.407025,0,2025
GN,2026-Q1,15644,0.750084,9.93986,1.266684,0.954887,1.404308,0.04091,1036.045221,0,2025
GP,2020-Q1,2054,,0,1.106134,,1.522882,0.082765,,0,
GP,2020-Q2,2307,,0.123174,1.566537,,1.393585,0.07629,,0,
GP,2020-Q3,2484,,0.209348,,,1.347424,0.073269,,0,
GP,2020-Q4,2703,,0.315969,1.104698,,1.302997,0.068812,,0,
GP,2021-Q1,2934,0.428432,0.428432,0.986026,,1.320041,0.065781,,0,
GP,2021-Q2,3131,0.357174,0.524343,0.999681,,1.363143,0.063239,,0,
GP,2021-Q3,3328,0.339775,0.620253,0.975361,1.013145,1.439002,0.0622,,0,
GP,2021-Q4,3500,0.294858,0.703992,1.031429,0.998914,1.508571,0.062571,,0,
GP,2022-Q1,3686,0.256305,0.794547,0.821758,0.953829,1.578947,0.059685,,0,
GP,2022-Q2,3848,0.229,0.873418,0.835759,0.912199,1.511954,0.055353,,0,
GP,2022-Q3,3992,0.199519,0.943525,0.813627,0.872022,1.418838,0.05486,,0,
GP,2022-Q4,4136,0.181714,1.013632,0.841393,0.828311,1.357834,0.05295,,0,
GP,2023-Q1,4326,0.17363,1.106134,0.740407,0.806465,1.371244,0.05178,,0,
GP,2023-Q2,4614,0.199064,1.246349,0.939965,0.83595,1.365843,0.049848,,0,
GP,2023-Q3,4832,0.210421,1.352483,0.56995,0.769153,1.400869,0.047599,,0,
GP,2023-Q4,5067,0.225097,1.466894,0.447799,0.666861,1.339846,0.048747,,0,
GP,2024-Q1,5416,0.251965,1.636806,0.537482,0.615736,1.316839,0.044498,,0,
GP,2024-Q2,5682,0.231469,1.76631,0.523583,0.51955,1.327174,0.045935,,0,
GP,2024-Q3,5941,0.229512,1.892405,0.474668,0.496472,1.281602,0.042585,,0,
GP,2024-Q4,6196,0.222814,2.016553,0.591188,0.532343,1.229019,0.041801,,0,
GP,2025-Q1,6750,0.246307,2.286271,0.748593,0.590622,1.262815,0.045481,,0,
GP,2025-Q2,7298,0.284407,2.553067,1.256646,0.790796,1.276925,0.041655,,0,
GP,2025-Q3,7847,0.320821,2.820351,1.384096,1.023388,1.194597,0.039251,,0,
GP,2025-Q4,8619,0.391059,3.196203,1.438102,1.228289,1.236686,0.036315,,0,
GP,2026-Q1,9550,0.414815,3.649464,1.88911,1.514919,1.291204,0.033927,,0,
GQ,2020-Q1,231,,0,,,0.770563,,119.168544,0,2025
GQ,2020-Q2,257,,0.112554,,,0.758755,,132.581454,0,2025
GQ,2020-Q3,293,,0.268398,,,2.303754,,151.153175,0,2025
GQ,2020-Q4,327,,0.415584,,,2.262997,,168.693134,0,2025
GQ,2021-Q1,364,0.575758,0.575758,,,2.307692,,187.780736,0,2025
GQ,2021-Q2,407,0.583658,0.761905,,,2.267813,,209.963625,0,2025
GQ,2021-Q3,445,0.518771,0.926407,,,1.11236,,229.567109,0,2025
GQ,2021-Q4,477,0.458716,1.064935,,,1.125786,,246.075305,0,2025
GQ,2022-Q1,498,0.368132,1.155844,,,1.024096,,256.908809,0,2025
GQ,2022-Q2,554,0.361179,1.398268,,,1.041516,,285.798153,0,2025
GQ,2022-Q3,589,0.323596,1.549784,,,1.011885,,303.853993,0,2025
GQ,2022-Q4,637,0.33543,1.757576,,,1.020408,,328.616288,0,2025
GQ,2023-Q1,693,0.391566,2,,,1.46176,,357.505632,0,2025
GQ,2023-Q2,775,0.398917,2.354978,,,1.496774,,399.807886,0,2025
GQ,2023-Q3,841,0.427844,2.640693,,,1.439952,,433.856041,0,2025
GQ,2023-Q4,968,0.519623,3.190476,,,1.39876,,499.372946,0,2025
GQ,2024-Q1,1045,0.507937,3.52381,,,1.429665,,539.095794,0,2025
GQ,2024-Q2,1114,0.437419,3.822511,,,1.432675,,574.691593,0,2025
GQ,2024-Q3,1170,0.391201,4.064935,,,1.489744,,603.580937,0,2025
GQ,2024-Q4,1255,0.296488,4.4329,,,1.36494,,647.430835,0,2025
GQ,2025-Q1,1450,0.38756,5.277056,0.524138,,1.346897,,748.027657,0,2025
GQ,2025-Q2,1597,0.433573,5.91342,,,1.262367,,823.862185,0,2025
GQ,2025-Q3,1762,0.505983,6.627706,,,1.301362,,908.982574,0,2025
GQ,2025-Q4,1966,0.566534,7.510823,,,1.277721,,1014.222327,0,2025
GQ,2026-Q1,2289,0.578621,8.909091,1.20664,,1.265618,,1180.851936,0,2025
GR,2020-Q1,114553,,0,1.686198,,2.173693,0.054909,10999.944113,1,2025
GR,2020-Q2,124884,,0.090185,1.922808,,2.15701,0.055075,11991.977693,2,2025
GR,2020-Q3,132636,,0.157857,1.600267,,2.231559,0.054774,12736.362971,1,2025
GR,2020-Q4,144381,,0.260386,1.806463,1.754966,2.178161,0.053809,13864.175806,2,2025
GR,2021-Q1,154874,0.351986,0.351986,1.808083,1.783889,2.165231,0.053172,14871.765424,4,2025
GR,2021-Q2,162866,0.304138,0.421752,1.673357,1.724452,2.181438,0.053332,15639.196686,4,2025
GR,2021-Q3,170670,0.286755,0.489878,1.357813,1.651596,2.261604,0.053454,16388.575261,5,2025
GR,2021-Q4,178668,0.237476,0.559697,1.440236,1.561467,2.209898,0.052001,17156.582672,4,2025
GR,2022-Q1,189845,0.225803,0.657268,1.526419,1.497585,2.178788,0.051042,18229.853345,6,2025
GR,2022-Q2,198779,0.220506,0.735258,1.580167,1.481037,2.190342,0.051675,19087.740094,5,2025
GR,2022-Q3,207257,0.214373,0.809267,1.27175,1.452187,2.255456,0.052182,19901.839473,6,2025
GR,2022-Q4,216055,0.209254,0.88607,1.496378,1.466576,2.207415,0.050756,20746.666831,7,2025
GR,2023-Q1,225160,0.18602,0.965553,1.544484,1.473871,2.18855,0.049734,21620.973843,6,2025
GR,2023-Q2,235213,0.183289,1.053312,1.447586,1.442964,2.179021,0.049177,22586.312491,6,2025
GR,2023-Q3,244973,0.181977,1.138512,1.259171,1.432612,2.217453,0.050075,23523.515834,6,2025
GR,2023-Q4,255187,0.181121,1.227676,1.301767,1.383507,2.161509,0.049376,24504.314496,6,2025
GR,2024-Q1,267659,0.18875,1.336552,1.340041,1.335772,2.128963,0.049567,25701.937457,6,2025
GR,2024-Q2,277889,0.181436,1.425855,1.334634,1.310319,2.135216,0.048883,26684.272518,4,2025
GR,2024-Q3,288763,0.178754,1.520781,1.198381,1.292151,2.183098,0.049948,27728.447636,5,2025
GR,2024-Q4,299578,0.173955,1.615191,1.292935,1.290194,2.144817,0.050007,28766.957283,4,2025
GR,2025-Q1,316219,0.181425,1.76046,1.346874,1.294068,2.118272,0.051158,30364.908188,5,2025
GR,2025-Q2,328863,0.183433,1.870837,1.471227,1.332164,2.125919,0.050036,31579.047437,5,2025
GR,2025-Q3,347926,0.204884,2.037249,1.357694,1.368923,2.096837,0.049387,33409.570728,4,2025
GR,2025-Q4,369884,0.234683,2.228933,1.52368,1.427627,2.015943,0.047691,35518.0862,6,2025
GR,2026-Q1,394067,0.246184,2.440041,1.854218,1.562031,1.955135,0.047159,37840.257147,10,2025
GT,2020-Q1,34807,,0,1.463269,,2.541414,0.059614,1862.543966,0,2025
GT,2020-Q2,38947,,0.118942,1.957352,,2.516677,0.058464,2084.077911,0,2025
GT,2020-Q3,44331,,0.273623,1.961111,,2.492635,0.055853,2372.179061,0,2025
GT,2020-Q4,47283,,0.358434,1.76776,1.800155,2.525178,0.054332,2530.142395,0,2025
GT,2021-Q1,51587,0.482087,0.482087,1.499137,1.779278,2.537248,0.052649,2760.452081,0,2025
GT,2021-Q2,55889,0.435001,0.605683,1.988763,1.80325,2.598221,0.051209,2990.654746,2,2025
GT,2021-Q3,60656,0.368252,0.742638,1.58596,1.709579,2.637431,0.049525,3245.739846,2,2025
GT,2021-Q4,63803,0.349386,0.833051,1.267777,1.576183,2.649484,0.047913,3414.137751,2,2025
GT,2022-Q1,69353,0.344389,0.992502,1.252246,1.502129,2.636036,0.04604,3711.121662,2,2025
GT,2022-Q2,74106,0.32595,1.129055,1.428116,1.380142,2.649354,0.044328,3965.457614,2,2025
GT,2022-Q3,79653,0.313192,1.288419,1.322587,1.320652,2.648048,0.042999,4262.280994,2,2025
GT,2022-Q4,83574,0.309876,1.401069,1.199631,1.298674,2.6634,0.041724,4472.096114,2,2025
GT,2023-Q1,89310,0.28776,1.565863,1.104568,1.255459,2.657754,0.040779,4779.033,0,2025
GT,2023-Q2,95788,0.292581,1.751975,1.275682,1.224288,2.641072,0.040172,5125.674762,0,2025
GT,2023-Q3,102359,0.285061,1.940759,1.084721,1.164682,2.618939,0.039469,5477.293011,2,2025
GT,2023-Q4,107349,0.284478,2.084121,1.027993,1.120117,2.609535,0.038808,5744.310979,2,2025
GT,2024-Q1,114891,0.286429,2.300802,0.999269,1.090393,2.59197,0.03734,6147.888035,2,2025
GT,2024-Q2,121096,0.264208,2.47907,1.236061,1.090149,2.604793,0.036781,6479.921399,2,2025
GT,2024-Q3,127520,0.245811,2.663631,1.176474,1.114708,2.645389,0.036786,6823.673588,2,2025
GT,2024-Q4,132681,0.235978,2.811906,1.127185,1.136805,2.655414,0.03678,7099.841871,2,2025
GT,2025-Q1,142624,0.241385,3.097567,1.072674,1.149507,2.622953,0.036558,7631.897913,2,2025
GT,2025-Q2,149980,0.238522,3.308903,1.287478,1.16798,2.65232,0.036472,8025.521995,0,2025
GT,2025-Q3,164505,0.290033,3.726204,1.401714,1.231337,2.615234,0.034169,8802.763673,0,2025
GT,2025-Q4,178072,0.342106,4.115982,1.20453,1.245577,2.534318,0.033071,9528.742183,0,2025
GT,2026-Q1,195658,0.371845,4.621226,1.287543,1.29334,2.449059,0.031908,10469.779854,0,2025
GU,2020-Q1,1555,,0,,,1.261093,,9201.237877,0,2025
GU,2020-Q2,1726,,0.109968,,,1.196408,,10213.078184,0,2025
GU,2020-Q3,1922,,0.236013,,,1.204475,,11372.84836,0,2025
GU,2020-Q4,2089,,0.343408,,,1.364289,,12361.019888,0,2025
GU,2021-Q1,2228,0.432797,0.432797,,,1.25763,,13183.509962,0,2025
GU,2021-Q2,2389,0.384125,0.536334,,,1.239012,,14136.178321,0,2025
GU,2021-Q3,2528,0.315297,0.625723,,,1.300237,,14958.668394,0,2025
GU,2021-Q4,2640,0.263763,0.697749,,,1.343182,,15621.394209,0,2025
GU,2022-Q1,2832,0.271095,0.821222,,,1.275424,,16757.495606,0,2025
GU,2022-Q2,2928,0.225617,0.882958,,,1.227117,,17325.546305,0,2025
GU,2022-Q3,3058,0.209652,0.966559,,,1.214519,,18094.781626,0,2025
GU,2022-Q4,3185,0.206439,1.048232,,,1.098901,0.034537,18846.265363,0,2025
GU,2023-Q1,3343,0.180438,1.149839,,,1.045767,0.033503,19781.182137,0,2025
GU,2023-Q2,3479,0.188183,1.237299,,,0.996263,0.031906,20585.920627,0,2025
GU,2023-Q3,3654,0.194899,1.349839,,,0.967159,0.030925,21621.429713,0,2025
GU,2023-Q4,3817,0.19843,1.454662,,,0.920094,0.0317,22585.932461,0,2025
GU,2024-Q1,4596,0.374813,1.955627,0.19517,,0.788729,0.02785,27195.427192,0,2025
GU,2024-Q2,4599,0.321932,1.957556,,,0.785606,0.02805,27213.178776,0,2025
GU,2024-Q3,4579,0.253147,1.944695,,,0.760865,0.029482,27094.834881,0,2025
GU,2024-Q4,4800,0.257532,2.086817,,,0.766667,0.044583,28402.534926,0,2025
GU,2025-Q1,5078,0.104874,2.265595,0.443088,,0.782001,0.107326,30047.515074,0,2025
GU,2025-Q2,5261,0.143944,2.38328,0.48888,,0.842045,0.056643,31130.361718,0,2025
GU,2025-Q3,5398,0.17886,2.471383,,,0.913301,0.051871,31941.017402,0,2025
GU,2025-Q4,5679,0.183125,2.65209,0.765628,,0.967952,0.049833,33603.749135,0,2025
GU,2026-Q1,6030,0.187475,2.877814,0.808955,,0.877778,0.048093,35680.684501,0,2025
GW,2020-Q2,106,,,,,,,47.121268,0,2025
GW,2020-Q3,118,,,,,,,52.455752,0,2025
GW,2020-Q4,134,,,,,0.970149,,59.568396,0,2025
GW,2021-Q1,156,,,,,,,69.348282,0,2025
GW,2021-Q2,165,0.556604,,,,0.763636,,73.349144,0,2025
GW,2021-Q3,185,0.567797,,,,0.745946,,82.23995,0,2025
GW,2021-Q4,201,0.5,,,,0.850746,,89.352594,0,2025
GW,2022-Q1,210,0.346154,,,,0.842857,,93.353456,0,2025
GW,2022-Q2,213,0.290909,,,,0.741784,,94.687077,0,2025
GW,2022-Q3,223,0.205405,,,,0.860987,,99.13248,0,2025
GW,2022-Q4,233,0.159204,,,,0.793991,,103.577882,0,2025
GW,2023-Q1,289,0.37619,,,,1.231834,,128.472137,0,2025
GW,2023-Q2,343,0.610329,,,,1.262391,,152.477312,0,2025
GW,2023-Q3,397,0.780269,,,,1.415617,,176.482486,0,2025
GW,2023-Q4,433,0.858369,,,,1.387991,,192.485936,0,2025
GW,2024-Q1,489,0.692042,,,,1.411043,,217.380191,0,2025
GW,2024-Q2,532,0.55102,,,,1.383459,,236.495422,0,2025
GW,2024-Q3,593,0.493703,,,,1.338954,,263.612379,0,2025
GW,2024-Q4,635,0.466513,,,,1.322835,,282.28307,0,2025
GW,2025-Q1,825,0.687117,,,,1.249697,,366.745721,0,2025
GW,2025-Q2,833,0.565789,,,,1.403361,,370.302043,0,2025
GW,2025-Q3,1003,0.6914,,,,1.144566,,445.873888,0,2025
GW,2025-Q4,1216,0.914961,,,,1.028783,,540.560965,0,2025
GW,2026-Q1,1521,0.843636,,1.04668,,1.143984,,676.145747,0,2025
GY,2020-Q1,1746,,0,,,1.197022,0.058419,2088.551722,0,2025
GY,2020-Q2,2020,,0.15693,,,1.072772,0.053465,2416.308407,0,2025
GY,2020-Q3,2269,,0.299542,0.307625,,1.01234,0.047598,2714.160285,0,2025
GY,2020-Q4,2491,,0.42669,0.410277,,1.07507,0.044962,2979.714971,0,2025
GY,2021-Q1,2714,0.55441,0.55441,,,1.058954,0.04311,3246.46585,0,2025
GY,2021-Q2,2975,0.472772,0.703895,,,1.089748,0.043361,3558.672035,0,2025
GY,2021-Q3,3195,0.408109,0.829897,0.408138,,1.069797,0.041628,3821.834337,0,2025
GY,2021-Q4,3422,0.373745,0.959908,0.509059,,1.073641,0.039743,4093.369985,0,2025
GY,2022-Q1,3735,0.376197,1.139175,0.547523,,1.06988,0.036412,4467.778169,0,2025
GY,2022-Q2,4019,0.350924,1.301833,0.539686,0.505184,1.038816,0.034337,4807.496776,0,2025
GY,2022-Q3,4276,0.338341,1.449026,0.523386,0.530287,1.031104,0.031805,5114.918192,0,2025
GY,2022-Q4,4526,0.322618,1.592211,,,0.978789,0.030711,5413.966263,0,2025
GY,2023-Q1,4793,0.283266,1.745132,0.47173,,0.951387,0.029209,5733.349602,0,2025
GY,2023-Q2,5117,0.273202,1.930699,0.429549,,0.93375,0.028728,6120.915901,0,2025
GY,2023-Q3,5423,0.268241,2.105956,0.428545,,0.917942,0.028213,6486.950738,0,2025
GY,2023-Q4,5682,0.255413,2.254296,0.371524,0.423222,0.973425,0.027983,6796.764539,0,2025
GY,2024-Q1,6027,0.257459,2.45189,0.384934,0.4024,0.940601,0.027045,7209.450876,0,2025
GY,2024-Q2,6295,0.230213,2.605384,0.419063,0.400948,0.938523,0.02494,7530.030407,0,2025
GY,2024-Q3,6564,0.2104,2.75945,0.41103,0.39755,0.962371,0.024071,7851.806131,0,2025
GY,2024-Q4,6865,0.208201,2.931844,0.452877,0.418042,0.940568,0.023307,8211.860007,0,2025
GY,2025-Q1,8595,0.426083,3.92268,0.464572,0.43921,0.890052,0.020361,10281.272653,0,2025
GY,2025-Q2,8090,0.285147,3.633448,0.966255,0.58501,1.000247,0.023733,9677.195551,0,2025
GY,2025-Q3,8923,0.359385,4.110538,0.809145,0.681766,0.976129,0.021742,10673.623721,0,2025
GY,2025-Q4,10103,0.471668,4.786369,0.770365,0.750833,0.920519,0.019598,12085.130612,0,2025
GY,2026-Q1,11193,0.302269,5.410653,0.87242,0.850583,0.861699,0.018494,13388.980198,0,2025
HK,2020-Q1,401680,,0,1.845935,,4.763695,0.067504,53565.189561,9,2025
HK,2020-Q2,463352,,0.153535,2.241087,,5.100744,0.068225,61789.329102,13,2025
HK,2020-Q3,520962,,0.296958,2.247765,,5.307548,0.067032,69471.789196,16,2025
HK,2020-Q4,566027,,0.409149,2.081798,2.115367,5.236708,0.06676,75481.337263,13,2025
HK,2021-Q1,628664,0.565087,0.565087,2.131676,2.16974,5.333802,0.067492,83834.162344,18,2025
HK,2021-Q2,731760,0.579275,0.821749,2.392496,2.222835,5.551945,0.068391,97582.312072,25,2025
HK,2021-Q3,820433,0.574842,1.042504,2.254005,2.227417,5.598521,0.068522,109407.113043,30,2025
HK,2021-Q4,896584,0.583995,1.232085,2.059216,2.205196,5.600877,0.068091,119562.069103,31,2025
HK,2022-Q1,1023342,0.627804,1.547655,2.264094,2.235867,6.164098,0.07133,136465.614957,51,2025
HK,2022-Q2,1188477,0.624135,1.958766,2.573365,2.308787,6.303841,0.072816,158486.844737,68,2025
HK,2022-Q3,1284351,0.565455,2.197448,2.195855,2.286,6.037373,0.070278,171271.919882,67,2025
HK,2022-Q4,1361757,0.518828,2.390154,1.967377,2.23854,5.892204,0.068473,181594.233821,64,2025
HK,2023-Q1,1470028,0.436497,2.659699,1.827916,2.119818,5.611155,0.067665,196032.484764,70,2025
HK,2023-Q2,1561463,0.313835,2.887331,1.719745,1.914849,5.126014,0.063444,208225.606422,61,2025
HK,2023-Q3,1697072,0.321346,3.224935,1.613148,1.77152,5.129897,0.063477,226309.458721,63,2025
HK,2023-Q4,1827597,0.342087,3.549883,1.491052,1.652656,4.986409,0.062261,243715.344917,61,2025
HK,2024-Q1,1977504,0.345215,3.923083,1.378657,1.539474,4.767619,0.06068,263705.876862,61,2025
HK,2024-Q2,2078964,0.331421,4.175672,1.398412,1.463661,4.587053,0.058726,277235.86126,61,2025
HK,2024-Q3,2212019,0.303433,4.506918,1.345923,1.400158,4.480714,0.05783,294979.130272,58,2025
HK,2024-Q4,2379648,0.302064,4.924238,1.291989,1.351185,4.315277,0.055859,317332.942165,54,2025
HK,2025-Q1,2561230,0.295183,5.376295,1.178065,1.297272,4.055383,0.054189,341547.426956,53,2025
HK,2025-Q2,2780776,0.337578,5.922864,1.258684,1.265303,3.959551,0.052425,370824.52093,56,2025
HK,2025-Q3,3026820,0.368352,6.535401,1.169179,1.221642,3.740505,0.049338,403635.199829,55,2025
HK,2025-Q4,3262120,0.370841,7.121191,1.141659,1.184817,3.429113,0.04566,435013.13526,52,2025
HK,2026-Q1,3485551,0.360889,7.677432,1.276602,1.211675,3.112568,0.04196,464808.305218,73,2025
HN,2020-Q1,16225,,0,1.653128,,2.618059,0.062989,1474.215985,0,2025
HN,2020-Q2,18125,,0.117103,1.651476,,2.51851,0.061959,1646.851447,0,2025
HN,2020-Q3,20582,,0.268536,1.613935,,2.394374,0.060538,1870.096358,0,2025
HN,2020-Q4,22496,,0.386502,1.405094,1.570259,2.344195,0.057566,2044.003871,0,2025
HN,2021-Q1,24618,0.517288,0.517288,1.449143,1.519849,2.312292,0.056341,2236.810424,0,2025
HN,2021-Q2,26774,0.477186,0.650169,1.374505,1.453403,2.3447,0.054531,2432.706243,0,2025
HN,2021-Q3,29291,0.423137,0.8053,1.359667,1.39477,2.349493,0.051825,2661.402799,2,2025
HN,2021-Q4,31202,0.387002,0.923082,1.094289,1.308898,2.352381,0.049772,2835.03773,0,2025
HN,2022-Q1,33918,0.377772,1.090478,1.255322,1.265412,2.335279,0.048116,3081.81558,2,2025
HN,2022-Q2,36111,0.348734,1.225639,1.019357,1.174959,2.325524,0.046412,3281.073247,2,2025
HN,2022-Q3,38936,0.329282,1.399753,1.100961,1.115805,2.279382,0.045254,3537.754921,0,2025
HN,2022-Q4,41176,0.319659,1.537812,1.03638,1.098494,2.293059,0.043715,3741.283045,0,2025
HN,2023-Q1,44012,0.2976,1.712604,0.932019,1.019571,2.271699,0.043056,3998.964187,0,2025
HN,2023-Q2,47382,0.312121,1.920308,0.874319,0.979488,2.227555,0.041345,4305.16498,0,2025
HN,2023-Q3,50640,0.300596,2.121109,0.96797,0.950489,2.186118,0.039929,4601.189367,0,2025
HN,2023-Q4,53188,0.291723,2.278151,0.758761,0.880136,2.190983,0.038881,4832.702608,0,2025
HN,2024-Q1,56748,0.289376,2.497565,0.70873,0.822382,2.169028,0.037464,5156.166948,0,2025
HN,2024-Q2,59907,0.264341,2.692265,0.857563,0.82078,2.162585,0.037224,5443.196118,0,2025
HN,2024-Q3,63561,0.255154,2.917473,0.903526,0.811379,2.170513,0.037082,5775.20137,0,2025
HN,2024-Q4,66778,0.255509,3.115747,0.905029,0.848029,2.159034,0.036943,6067.500466,0,2025
HN,2025-Q1,72187,0.272062,3.449122,0.957236,0.90819,2.118996,0.036516,6558.966368,0,2025
HN,2025-Q2,75521,0.260637,3.654607,1.091988,0.96902,2.131659,0.036599,6861.896173,0,2025
HN,2025-Q3,84471,0.328975,4.206225,1.156527,1.035925,2.017071,0.032283,7675.10006,0,2025
HN,2025-Q4,93071,0.393737,4.736271,1.045309,1.065485,1.922221,0.030106,8456.502678,0,2025
HN,2026-Q1,103171,0.429219,5.358767,1.147115,1.111062,1.836107,0.040389,9374.19645,0,2025
HR,2020-Q1,58042,,0,1.809982,,2.17067,0.048,14973.943553,0,2025
HR,2020-Q2,62191,,0.071483,1.875834,,2.171729,0.048753,16044.321758,0,2025
HR,2020-Q3,66018,,0.137418,1.640447,,2.20714,0.049638,17031.628915,0,2025
HR,2020-Q4,70856,,0.220771,1.922124,1.813284,2.154115,0.049622,18279.758526,0,2025
HR,2021-Q1,75376,0.298646,0.298646,1.784825,1.806166,2.136874,0.049273,19445.849027,0,2025
HR,2021-Q2,79280,0.274783,0.365907,1.740149,1.773351,2.157846,0.04971,20453.021,2,2025
HR,2021-Q3,83036,0.257778,0.430619,1.594345,1.753614,2.225432,0.049978,21422.011248,2,2025
HR,2021-Q4,87610,0.236451,0.509424,1.623536,1.681877,2.199178,0.049549,22602.032919,2,2025
HR,2022-Q1,93633,0.242212,0.613194,1.692416,1.662163,2.160307,0.047782,24155.87431,2,2025
HR,2022-Q2,99040,0.249243,0.706351,1.676696,1.649107,2.207118,0.04793,25550.797172,2,2025
HR,2022-Q3,103503,0.246483,0.783243,1.424519,1.600387,2.225684,0.047612,26702.18255,2,2025
HR,2022-Q4,108379,0.237062,0.867251,1.548842,1.581565,2.223078,0.047205,27960.115577,2,2025
HR,2023-Q1,113587,0.213109,0.956979,1.72128,1.594499,2.223195,0.046502,29303.6995,2,2025
HR,2023-Q2,119237,0.203928,1.054323,1.620235,1.583093,2.226758,0.046529,30761.312626,2,2025
HR,2023-Q3,124212,0.200081,1.140037,1.296871,1.54197,2.237827,0.047403,32044.786131,2,2025
HR,2023-Q4,129473,0.194632,1.230678,1.435249,1.512038,2.210646,0.047284,33402.043238,2,2025
HR,2024-Q1,134842,0.187125,1.32318,1.527402,1.469311,2.178824,0.047315,34787.162685,2,2025
HR,2024-Q2,139411,0.169192,1.401899,1.435095,1.426188,2.195322,0.047643,35965.894433,2,2025
HR,2024-Q3,144157,0.160572,1.483667,1.110865,1.372539,2.212893,0.048537,37190.289459,2,2025
HR,2024-Q4,148878,0.149877,1.565005,1.292071,1.337109,2.188792,0.048261,38408.234869,2,2025
HR,2025-Q1,156590,0.161285,1.697874,1.329216,1.291449,2.140903,0.048151,40397.81229,2,2025
HR,2025-Q2,161726,0.160066,1.786362,1.356578,1.275922,2.146173,0.048403,41722.82132,1,2025
HR,2025-Q3,169981,0.179138,1.928586,1.255582,1.307839,2.12069,0.048294,43852.484392,0,2025
HR,2025-Q4,179941,0.208647,2.100186,1.453115,1.350471,2.07493,0.048132,46422.011248,0,2025
HR,2026-Q1,191502,0.222952,2.299369,1.906706,1.506694,2.030318,0.048172,49404.571488,0,2025
HT,2020-Q1,4347,,0,0.793191,,3.862204,0.149068,365.107115,0,2025
HT,2020-Q2,4767,,0.096618,0.883784,,3.669604,0.140759,400.383165,0,2025
HT,2020-Q3,5160,,0.187026,0.760078,,3.506395,0.135271,433.391469,0,2025
HT,2020-Q4,5609,,0.290315,0.669638,0.771463,3.282582,0.127295,471.103246,0,2025
HT,2021-Q1,6056,0.393145,0.393145,0.926684,0.810624,3.147127,0.124339,508.647042,0,2025
HT,2021-Q2,6621,0.388924,0.523119,0.897599,0.820311,2.91965,0.114031,556.101728,0,2025
HT,2021-Q3,7087,0.37345,0.63032,0.757302,0.814961,2.750106,0.106392,595.241345,0,2025
HT,2021-Q4,7813,0.39294,0.797331,0.660566,0.800776,2.558172,0.09689,656.218517,0,2025
HT,2022-Q1,8322,0.374174,0.914424,0.53641,0.701505,2.480654,0.093727,698.969729,0,2025
HT,2022-Q2,8861,0.338317,1.038417,0.598691,0.63264,2.420494,0.088816,744.24066,0,2025
HT,2022-Q3,9374,0.322704,1.15643,0.945167,0.692173,2.482078,0.088543,787.327835,0,2025
HT,2022-Q4,9903,0.267503,1.278123,0.83914,0.738865,2.381198,0.08351,831.75886,0,2025
HT,2023-Q1,10464,0.25739,1.407177,0.729358,0.779934,2.288704,0.080849,878.877583,0,2025
HT,2023-Q2,11070,0.249295,1.546584,0.556098,0.75857,2.132249,0.076603,929.775884,0,2025
HT,2023-Q3,11666,0.244506,1.68369,0.62215,0.681066,2.001629,0.073118,979.834278,0,2025
HT,2023-Q4,12350,0.247097,1.84104,0.600081,0.624742,1.991336,0.068745,1037.283845,0,2025
HT,2024-Q1,13034,0.245604,1.99839,0.600276,0.595366,1.922357,0.064677,1094.733412,0,2025
HT,2024-Q2,13750,0.242096,2.163101,0.444582,0.56311,1.891636,0.062327,1154.870678,0,2025
HT,2024-Q3,14803,0.268901,2.405337,0.561981,0.550031,1.917517,0.058907,1243.312774,0,2025
HT,2024-Q4,16949,0.372389,2.899011,0.610537,0.556991,1.739926,0.053159,1423.55659,0,2025
HT,2025-Q1,18800,0.442381,3.324822,0.49,0.528631,1.677819,0.048723,1579.023181,0,2025
HT,2025-Q2,20423,0.485309,3.698183,1.076189,0.702473,1.74514,0.045047,1715.339916,0,2025
HT,2025-Q3,23300,0.574005,4.360018,1.080858,0.839579,1.732403,0.041202,1956.980857,0,2025
HT,2025-Q4,26621,0.570653,5.123994,1.082754,0.955746,1.647008,0.036325,2235.913622,0,2025
HT,2026-Q1,29835,0.586968,5.863354,1.32539,1.153236,1.619373,0.034087,2505.859394,0,2025
HU,2020-Q1,134568,,0,1.903618,,2.238511,0.056767,14143.83539,0,2025
HU,2020-Q2,151979,,0.129384,2.185374,,2.212154,0.055014,15973.827052,1,2025
HU,2020-Q3,165000,,0.226146,1.645055,,2.187345,0.053533,17342.405619,2,2025
HU,2020-Q4,175475,,0.303988,2.0327,1.939994,2.192569,0.052919,18443.385612,3,2025
HU,2021-Q1,186751,0.387782,0.387782,1.917618,1.941049,2.199496,0.05291,19628.555101,5,2025
HU,2021-Q2,194862,0.282164,0.448056,1.697258,1.823836,2.197981,0.052868,20481.065719,4,2025
HU,2021-Q3,205811,0.247339,0.52942,1.29858,1.720802,2.211767,0.052067,21631.865714,5,2025
HU,2021-Q4,215996,0.230922,0.605107,1.727018,1.654351,2.236949,0.051779,22702.365115,6,2025
HU,2022-Q1,229715,0.23006,0.707055,1.645665,1.593905,2.258486,0.051033,24144.307313,7,2025
HU,2022-Q2,242331,0.243603,0.800807,1.521733,1.551808,2.264758,0.050489,25470.318157,6,2025
HU,2022-Q3,252304,0.225901,0.874918,1.268783,1.531293,2.24933,0.050483,26518.535195,7,2025
HU,2022-Q4,262982,0.217532,0.954268,1.605543,1.508252,2.282578,0.049962,27640.851603,8,2025
HU,2023-Q1,276022,0.201585,1.051171,1.557702,1.490918,2.308762,0.049695,29011.427174,8,2025
HU,2023-Q2,287709,0.187256,1.138019,1.518614,1.491382,2.319375,0.0498,30239.795019,8,2025
HU,2023-Q3,298937,0.184829,1.221457,1.153521,1.451551,2.303388,0.049626,31419.919445,6,2025
HU,2023-Q4,310935,0.182343,1.310616,1.469223,1.421726,2.303118,0.049814,32680.975097,7,2025
HU,2024-Q1,324720,0.176428,1.413055,1.40716,1.38715,2.295008,0.04976,34129.854258,7,2025
HU,2024-Q2,334749,0.163499,1.487582,1.321387,1.34001,2.30243,0.050106,35183.957203,5,2025
HU,2024-Q3,345326,0.15518,1.566182,1.026543,1.300108,2.283862,0.050703,36295.657956,7,2025
HU,2024-Q4,358575,0.153215,1.664638,1.35416,1.275755,2.298668,0.051035,37688.200574,7,2025
HU,2025-Q1,376897,0.160683,1.800792,1.424233,1.285144,2.274828,0.051773,39613.943336,6,2025
HU,2025-Q2,392190,0.171594,1.914437,1.375142,1.30087,2.270063,0.051215,41221.321573,4,2025
HU,2025-Q3,411715,0.19225,2.059531,1.164403,1.32591,2.220835,0.049923,43273.506238,5,2025
HU,2025-Q4,435919,0.215698,2.239396,1.535577,1.376177,2.185711,0.048867,45817.479484,6,2025
HU,2026-Q1,464901,0.233496,2.454766,1.805612,1.482666,2.135889,0.048255,48863.646755,8,2025
ID,2020-Q1,880038,,0,0.982445,,1.869382,0.114026,3080.058075,10,2025
ID,2020-Q2,978184,,0.111525,1.13776,,1.860602,0.106034,3423.560718,16,2025
ID,2020-Q3,1091831,,0.240663,0.9482,,1.817636,0.097878,3821.315543,15,2025
ID,2020-Q4,1234657,,0.402959,1.091759,1.042067,1.810371,0.089153,4321.194383,20,2025
ID,2021-Q1,1365576,0.551724,0.551724,0.998882,1.040675,1.779861,0.083893,4779.399736,23,2025
ID,2021-Q2,1483474,0.516559,0.685693,1.006626,1.012566,1.8042,0.079612,5192.032699,24,2025
ID,2021-Q3,1641667,0.503591,0.86545,0.95928,1.009562,1.790292,0.075372,5745.69473,29,2025
ID,2021-Q4,1795600,0.454331,1.040366,1.107506,1.021394,1.818979,0.071462,6284.447125,35,2025
ID,2022-Q1,1943182,0.422976,1.208066,1.002464,1.020514,1.843763,0.06615,6800.97156,35,2025
ID,2022-Q2,2071045,0.396078,1.353359,0.975572,1.010788,1.87682,0.063563,7248.481173,39,2025
ID,2022-Q3,2224991,0.355324,1.52829,0.933515,0.999914,1.890545,0.060493,7787.279067,40,2025
ID,2022-Q4,2379999,0.325462,1.704428,1.03859,0.988179,1.930907,0.057639,8329.793869,42,2025
ID,2023-Q1,2518881,0.296266,1.862241,0.871211,0.953118,1.952588,0.057096,8815.869045,42,2025
ID,2023-Q2,2712048,0.309507,2.08174,0.916048,0.938168,1.943626,0.054259,9491.937099,39,2025
ID,2023-Q3,2938205,0.320547,2.338725,0.824923,0.907608,1.89534,0.051354,10283.467344,39,2025
ID,2023-Q4,3119277,0.310621,2.54448,1.016885,0.910188,1.919458,0.049944,10917.203928,40,2025
ID,2024-Q1,3321239,0.318537,2.773972,0.829241,0.896073,1.923375,0.051046,11624.053733,39,2025
ID,2024-Q2,3448732,0.271634,2.918844,0.893479,0.891152,1.963859,0.052473,12070.268379,40,2025
ID,2024-Q3,3602191,0.225984,3.093222,0.802458,0.881895,1.984629,0.052552,12607.361813,37,2025
ID,2024-Q4,3791126,0.215386,3.307912,1.017184,0.888378,2.014913,0.055131,13268.618228,37,2025
ID,2025-Q1,3980276,0.198431,3.522846,0.862386,0.894649,2.024488,0.056464,13930.627124,35,2025
ID,2025-Q2,4184779,0.213425,3.755225,1.222777,0.983166,2.060018,0.052211,14646.370212,45,2025
ID,2025-Q3,4504346,0.250446,4.118354,1.089229,1.051736,2.038746,0.050455,15764.827505,49,2025
ID,2025-Q4,4896524,0.291575,4.563992,1.329841,1.136715,2.019858,0.045326,17137.417115,58,2025
ID,2026-Q1,5270032,0.324037,4.988414,1.305672,1.241846,1.995779,0.043414,18444.663315,74,2025
IE,2020-Q1,145859,,0,2.455337,,3.244702,0.050391,26595.412014,2,2025
IE,2020-Q2,156763,,0.074757,2.648463,,3.243029,0.051741,28583.608646,2,2025
IE,2020-Q3,165544,,0.134959,1.94004,,3.180472,0.051436,30184.704999,2,2025
IE,2020-Q4,175999,,0.206638,2.255967,2.315438,3.162012,0.051591,32091.032566,3,2025
IE,2021-Q1,187690,0.286791,0.286791,2.348479,2.294732,3.140982,0.052107,34222.727983,6,2025
IE,2021-Q2,196617,0.254231,0.347994,2.247176,2.205454,3.111776,0.051354,35850.445457,6,2025
IE,2021-Q3,204898,0.237725,0.404768,1.832736,2.163072,3.121431,0.050518,37360.373586,5,2025
IE,2021-Q4,215097,0.222149,0.474691,2.034654,2.108401,3.128946,0.050094,39220.023022,5,2025
IE,2022-Q1,228094,0.21527,0.563798,1.857076,1.987192,3.084939,0.04905,41589.84984,7,2025
IE,2022-Q2,239057,0.215851,0.63896,1.711709,1.855338,3.082633,0.048854,43588.804323,6,2025
IE,2022-Q3,249892,0.219592,0.713244,1.568185,1.783325,3.109319,0.048781,45564.419741,6,2025
IE,2022-Q4,261778,0.217023,0.794733,1.874955,1.752601,3.107106,0.047907,47731.670765,6,2025
IE,2023-Q1,275288,0.206906,0.887357,1.756186,1.730337,3.078147,0.04807,50195.036182,6,2025
IE,2023-Q2,288412,0.206457,0.977334,1.636076,1.709198,3.056877,0.047848,52588.01973,6,2025
IE,2023-Q3,299801,0.199722,1.055417,1.471009,1.677053,3.041598,0.047228,54664.649539,5,2025
IE,2023-Q4,314276,0.200544,1.154656,1.744769,1.651136,3.037728,0.047255,57303.969629,6,2025
IE,2024-Q1,330765,0.201523,1.267704,1.664475,1.631264,2.980739,0.046919,60310.515325,6,2025
IE,2024-Q2,343418,0.19072,1.354452,1.562326,1.61181,3.270434,0.046922,62617.618405,5,2025
IE,2024-Q3,356095,0.187771,1.441365,1.347034,1.573081,2.938477,0.046507,64929.09756,6,2025
IE,2024-Q4,371670,0.182623,1.548146,1.631509,1.550083,2.931477,0.047295,67768.987743,5,2025
IE,2025-Q1,391998,0.185125,1.687513,1.542758,1.522261,2.869754,0.047559,71475.523064,5,2025
IE,2025-Q2,410351,0.194902,1.81334,1.630541,1.542308,2.866239,0.047535,74821.9439,6,2025
IE,2025-Q3,431886,0.212839,1.960983,1.483565,1.56981,2.804861,0.047223,78748.559314,5,2025
IE,2025-Q4,455142,0.224586,2.120425,1.711015,1.594279,2.770737,0.046996,82988.975756,6,2025
IE,2026-Q1,487502,0.243634,2.342283,2.02056,1.722023,2.695527,0.048714,88889.383223,12,2025
IL,2020-Q1,252164,,0,2.308133,,2.434539,0.051145,24910.499071,5,2025
IL,2020-Q2,272006,,0.078687,2.710319,,2.428935,0.052484,26870.62868,7,2025
IL,2020-Q3,289058,,0.14631,2.293955,,2.421594,0.05264,28555.142846,7,2025
IL,2020-Q4,311392,,0.234879,2.358253,2.415641,2.405877,0.052146,30761.449401,9,2025
IL,2021-Q1,330976,0.312543,0.312543,2.278337,2.400406,2.415933,0.051753,32696.09199,12,2025
IL,2021-Q2,349215,0.28385,0.384873,2.234904,2.28945,2.44761,0.052861,34497.866203,11,2025
IL,2021-Q3,368148,0.273613,0.459955,1.961741,2.199765,2.470001,0.052552,36368.198522,13,2025
IL,2021-Q4,392151,0.259348,0.555143,2.10853,2.140667,2.472716,0.052355,38739.380409,13,2025
IL,2022-Q1,418028,0.263016,0.657762,2.07543,2.092985,2.47394,0.052066,41295.68894,14,2025
IL,2022-Q2,442036,0.265799,0.75297,2.075989,2.057763,2.50773,0.052084,43667.364761,16,2025
IL,2022-Q3,463178,0.25813,0.836813,1.847689,2.021648,2.576351,0.052423,45755.917335,17,2025
IL,2022-Q4,486392,0.240318,0.928872,1.867031,1.961263,2.596223,0.052098,48049.15636,19,2025
IL,2023-Q1,511035,0.22249,1.026598,2.001879,1.947088,2.589893,0.052971,50483.56186,19,2025
IL,2023-Q2,537831,0.216713,1.132862,1.9875,1.929452,2.559432,0.053128,53130.65555,18,2025
IL,2023-Q3,561204,0.211638,1.225552,1.766994,1.904028,2.545721,0.053514,55439.601691,17,2025
IL,2023-Q4,579645,0.191724,1.298683,1.439538,1.789289,2.492172,0.053616,57261.330857,13,2025
IL,2024-Q1,609261,0.19221,1.41613,1.714559,1.721905,2.482767,0.053747,60187.003596,15,2025
IL,2024-Q2,631756,0.174637,1.505338,1.627055,1.636776,2.461297,0.054219,62409.214842,15,2025
IL,2024-Q3,654843,0.166854,1.596893,1.737358,1.633862,2.448506,0.054677,64689.907931,16,2025
IL,2024-Q4,685593,0.182781,1.718838,1.61343,1.67207,2.420779,0.054677,67727.60501,13,2025
IL,2025-Q1,720587,0.182723,1.857613,1.808198,1.698884,2.383601,0.055197,71184.553681,15,2025
IL,2025-Q2,758265,0.20025,2.007031,1.945973,1.781436,2.359934,0.05519,74906.646382,16,2025
IL,2025-Q3,809104,0.235569,2.208642,1.868718,1.814892,2.287511,0.055056,79928.873434,15,2025
IL,2025-Q4,861265,0.256234,2.415495,1.795865,1.853547,2.25558,0.054494,85081.696764,17,2025
IL,2026-Q1,935953,0.298876,2.711684,2.610211,2.073747,2.189175,0.053983,92459.89252,27,2025
IM,2020-Q1,1702,,0,,,1.714454,,20233.481538,0,2025
IM,2020-Q2,1923,,0.129847,1.482059,,1.855954,,22860.743242,0,2025
IM,2020-Q3,2055,,0.207403,1.216058,,1.895377,0.057421,24429.967427,0,2025
IM,2020-Q4,2169,,0.274383,1.062702,,1.980175,0.059935,25785.206496,0,2025
IM,2021-Q1,2382,0.39953,0.39953,1.748531,1.385743,1.924013,0.055416,28317.363703,0,2025
IM,2021-Q2,2495,0.297452,0.465922,1.568737,1.415559,1.901804,0.05491,29660.71471,0,2025
IM,2021-Q3,2640,0.284672,0.551116,1.070076,1.363721,1.966288,0.06553,31384.483701,0,2025
IM,2021-Q4,2750,0.267865,0.615746,0.781091,1.271257,1.904364,0.056364,32692.170522,0,2025
IM,2022-Q1,2922,0.2267,0.716804,0.900411,1.065791,1.936003,0.054073,34736.917188,0,2025
IM,2022-Q2,2984,0.195992,0.753231,1.368298,1.034614,1.932641,0.051944,35473.977032,0,2025
IM,2022-Q3,3080,0.166667,0.809636,0.799351,0.964894,1.955195,0.054221,36615.230985,0,2025
IM,2022-Q4,3195,0.161818,0.877203,0.983725,1.011329,1.910485,0.056025,37982.358116,0,2025
IM,2023-Q1,3361,0.15024,0.974736,1.094912,1.059271,1.940791,0.055341,39955.776409,0,2025
IM,2023-Q2,3568,0.19571,1.096357,1.047646,0.986292,2.026345,0.054092,42416.605245,0,2025
IM,2023-Q3,3746,0.216234,1.20094,0.829952,0.98558,1.999466,0.056327,44532.680282,0,2025
IM,2023-Q4,3943,0.234116,1.316686,1.072534,1.00944,1.970327,0.062389,46874.628498,0,2025
IM,2024-Q1,4161,0.238024,1.444771,1.266282,1.060125,1.753425,0.063927,49466.226016,0,2025
IM,2024-Q2,4026,0.128363,1.365452,1.0539,1.06135,1.841282,0.059116,47861.337645,0,2025
IM,2024-Q3,4138,0.104645,1.431257,1.12059,1.129702,1.946109,0.062107,49192.80059,0,2025
IM,2024-Q4,4397,0.115141,1.583431,0.973618,1.102141,1.878326,0.059359,52271.80865,0,2025
IM,2025-Q1,4607,0.107186,1.706816,1.10484,1.063082,1.992837,0.115694,54768.301671,0,2025
IM,2025-Q2,4690,0.164928,1.755582,0.903625,1.023217,1.829211,0.066311,55755.010818,0,2025
IM,2025-Q3,4921,0.189222,1.891304,1.191831,1.046146,1.887624,0.075391,58501.153142,0,2025
IM,2025-Q4,5180,0.178076,2.043478,1.559459,1.19966,1.898069,0.070849,61580.161202,0,2025
IM,2026-Q1,5564,0.207727,2.269095,2.138749,1.477819,1.778397,0.072789,66145.177013,0,2025
IN,2020-Q1,4194257,,0,1.054439,,2.206478,0.058939,2865.192826,123,2025
IN,2020-Q2,4684375,,0.116855,1.568368,,2.242213,0.057374,3200.003634,252,2025
IN,2020-Q3,5206926,,0.241442,1.504196,,2.270746,0.05528,3556.970166,276,2025
IN,2020-Q4,5653924,,0.348016,1.289618,1.362399,2.334352,0.053394,3862.324717,277,2025
IN,2021-Q1,6083067,0.450332,0.450332,1.163909,1.366294,2.392918,0.052109,4155.48211,240,2025
IN,2021-Q2,6652622,0.420173,0.586126,1.479123,1.357988,2.471094,0.050963,4544.558149,322,2025
IN,2021-Q3,7243683,0.391163,0.727048,1.348536,1.325618,2.531451,0.048808,4948.325428,315,2025
IN,2021-Q4,7790683,0.377925,0.857464,1.141312,1.281241,2.563589,0.046889,5321.993631,304,2025
IN,2022-Q1,8463763,0.391364,1.017941,1.23192,1.291069,2.583601,0.04496,5781.789963,294,2025
IN,2022-Q2,9071304,0.363568,1.162792,1.150327,1.213457,2.606423,0.043373,6196.815107,292,2025
IN,2022-Q3,9796437,0.352411,1.335679,1.24347,1.193969,2.611152,0.041731,6692.170034,326,2025
IN,2022-Q4,10567593,0.35644,1.519539,1.23815,1.217113,2.598315,0.039811,7218.964324,367,2025
IN,2023-Q1,11443487,0.352057,1.72837,1.119205,1.186639,2.580845,0.038507,7817.307536,382,2025
IN,2023-Q2,12258702,0.351372,1.922735,1.135251,1.179819,2.590612,0.03735,8374.199536,386,2025
IN,2023-Q3,13326416,0.360333,2.177301,1.224371,1.179192,2.589068,0.035869,9103.579374,399,2025
IN,2023-Q4,14211676,0.344836,2.388366,1.070502,1.136887,2.597754,0.034878,9708.320715,378,2025
IN,2024-Q1,15209709,0.329115,2.626318,1.15035,1.144288,2.610045,0.034198,10390.099869,402,2025
IN,2024-Q2,16049909,0.309267,2.826639,1.108369,1.136368,2.641407,0.033594,10964.059694,414,2025
IN,2024-Q3,17114921,0.284285,3.080561,1.227342,1.142508,2.668668,0.033042,11691.593734,442,2025
IN,2024-Q4,18062761,0.27098,3.306546,1.077501,1.140236,2.680375,0.032746,12339.084903,407,2025
IN,2025-Q1,19257589,0.266138,3.591418,1.254153,1.169178,2.685082,0.032495,13155.299221,415,2025
IN,2025-Q2,20532032,0.279262,3.895273,1.362664,1.235188,2.697222,0.03188,14025.900364,488,2025
IN,2025-Q3,22682855,0.325326,4.408075,1.492726,1.309392,2.643544,0.030452,15495.176717,542,2025
IN,2025-Q4,24576236,0.360602,4.859497,1.298922,1.354554,2.60681,0.029361,16788.588556,544,2025
IN,2026-Q1,26727004,0.387869,5.372286,1.67093,1.464472,2.591077,0.02859,18257.827337,795,2025
IQ,2020-Q1,51669,,0,0.399679,,0.981885,0.123827,1098.854732,0,2025
IQ,2020-Q2,60447,,0.169889,0.896091,,0.963042,0.109732,1285.538175,0,2025
IQ,2020-Q3,69901,,0.352861,0.448248,,0.894594,0.097881,1486.598243,0,2025
IQ,2020-Q4,78815,,0.525383,0.351291,0.513116,0.862298,0.089526,1676.174025,0,2025
IQ,2021-Q1,89485,0.73189,0.73189,0.406068,0.500666,0.85744,0.080885,1903.095002,2,2025
IQ,2021-Q2,99350,0.643589,0.922816,0.644066,0.472062,0.897564,0.074555,2112.895887,2,2025
IQ,2021-Q3,109878,0.571909,1.126575,0.56894,0.504667,0.963323,0.069149,2336.796923,2,2025
IQ,2021-Q4,120522,0.529176,1.332579,0.503925,0.533288,0.99498,0.06427,2563.164953,2,2025
IQ,2022-Q1,136487,0.52525,1.641565,0.412831,0.522442,0.994637,0.057793,2902.695732,2,2025
IQ,2022-Q2,148725,0.49698,1.878418,0.448714,0.477741,1.013636,0.05408,3162.963672,2,2025
IQ,2022-Q3,158885,0.446013,2.075055,0.649835,0.508421,1.046531,0.051849,3379.03838,2,2025
IQ,2022-Q4,170772,0.416936,2.305115,0.365282,0.469547,1.058411,0.049054,3631.841535,2,2025
IQ,2023-Q1,181131,0.327093,2.505603,0.383231,0.457579,1.05565,0.048744,3852.148414,2,2025
IQ,2023-Q2,193560,0.301462,2.746153,0.355977,0.43153,1.037864,0.046182,4116.478389,2,2025
IQ,2023-Q3,202936,0.277251,2.927616,0.331366,0.358023,1.033966,0.044561,4315.879615,2,2025
IQ,2023-Q4,211049,0.235852,3.084635,0.265971,0.331818,1.024572,0.043445,4488.420374,2,2025
IQ,2024-Q1,223854,0.235868,3.332462,0.302143,0.312627,1.029774,0.041599,4760.746814,2,2025
IQ,2024-Q2,234388,0.210932,3.536337,0.272023,0.292096,1.026614,0.040574,4984.775453,2,2025
IQ,2024-Q3,245565,0.210061,3.752656,0.30622,0.287176,1.016635,0.03959,5222.478898,2,2025
IQ,2024-Q4,258981,0.227113,4.012309,0.298505,0.294872,1.007367,0.038628,5507.799595,2,2025
IQ,2025-Q1,277446,0.239406,4.36968,0.344777,0.306893,0.985212,0.036991,5900.498363,2,2025
IQ,2025-Q2,297405,0.268858,4.755966,0.52328,0.374086,0.980508,0.035329,6324.970321,2,2025
IQ,2025-Q3,347113,0.413528,5.718013,0.530297,0.434113,0.912176,0.030973,7382.120082,2,2025
IQ,2025-Q4,401159,0.54899,6.764017,0.545165,0.494326,0.847415,0.027293,8531.526937,0,2025
IQ,2026-Q1,454373,0.637699,7.793919,0.899479,0.644709,0.829537,0.024911,9663.239486,0,2025
IR,2020-Q1,210145,,0,0.706826,,1.239202,0.097471,2273.861427,1,2025
IR,2020-Q2,230216,,0.09551,0.764847,,1.234723,0.09174,2491.038484,1,2025
IR,2020-Q3,249142,,0.185572,0.764849,,1.252177,0.087019,2695.826137,1,2025
IR,2020-Q4,271203,,0.290552,0.809416,0.764738,1.239747,0.082595,2934.535871,1,2025
IR,2021-Q1,291772,0.388432,0.388432,0.781,0.780965,1.248245,0.080097,3157.101507,3,2025
IR,2021-Q2,311413,0.352699,0.481896,0.806684,0.791397,1.273534,0.07668,3369.625775,4,2025
IR,2021-Q3,332689,0.335339,0.58314,0.945793,0.83943,1.308339,0.073925,3599.841463,6,2025
IR,2021-Q4,358613,0.322305,0.706503,0.906849,0.864396,1.359962,0.071615,3880.350558,7,2025
IR,2022-Q1,380170,0.302969,0.809084,0.883247,0.887174,1.383244,0.068469,4113.606789,7,2025
IR,2022-Q2,402480,0.292432,0.915249,0.883798,0.903257,1.410863,0.066436,4355.010812,7,2025
IR,2022-Q3,430640,0.294422,1.049252,0.985015,0.916653,1.418147,0.064211,4659.714411,10,2025
IR,2022-Q4,452334,0.261343,1.152485,0.687302,0.856479,1.386093,0.06092,4894.453043,7,2025
IR,2023-Q1,488928,0.286077,1.326622,0.884488,0.858462,1.438741,0.06022,5290.416235,11,2025
IR,2023-Q2,524447,0.303039,1.495643,0.958333,0.880704,1.454332,0.057716,5674.747454,13,2025
IR,2023-Q3,565825,0.313916,1.692546,0.973147,0.88434,1.42224,0.054918,6122.475633,14,2025
IR,2023-Q4,598531,0.323206,1.848181,0.835557,0.911859,1.398031,0.052769,6476.368954,9,2025
IR,2024-Q1,636347,0.301515,2.028133,0.846023,0.899597,1.417057,0.051703,6885.554724,10,2025
IR,2024-Q2,663945,0.265991,2.159461,0.763244,0.850366,1.407383,0.050206,7184.177236,9,2025
IR,2024-Q3,686606,0.21346,2.267296,0.827393,0.817395,1.416546,0.049759,7429.379233,10,2025
IR,2024-Q4,715452,0.195347,2.404564,0.737138,0.792124,1.413587,0.049634,7741.505654,9,2025
IR,2025-Q1,750295,0.179066,2.570368,0.754115,0.769819,1.402466,0.048946,8118.522255,9,2025
IR,2025-Q2,781401,0.176906,2.71839,0.804322,0.780497,1.409749,0.048345,8455.102871,8,2025
IR,2025-Q3,834119,0.214844,2.969255,0.966838,0.820491,1.389422,0.046191,9025.534843,12,2025
IR,2025-Q4,889642,0.243468,3.233467,0.89735,0.859813,1.343969,0.043942,9626.31815,12,2025
IR,2026-Q1,898557,0.197605,3.27589,0.368415,0.753387,1.271272,0.041303,9722.782375,4,2025
IS,2020-Q1,15189,,0,2.001975,,2.929028,0.094476,38707.556498,0,2025
IS,2020-Q2,15950,,0.050102,2.37931,,2.942884,0.095611,40646.884333,0,2025
IS,2020-Q3,17138,,0.128317,1.795425,,2.921344,0.095577,43674.376408,0,2025
IS,2020-Q4,17910,,0.179143,2.181742,2.088069,2.866108,0.094696,45641.736578,0,2025
IS,2021-Q1,18849,0.240964,0.240964,1.981219,2.077956,2.849382,0.094647,48034.678546,0,2025
IS,2021-Q2,19480,0.221317,0.282507,2.040708,2.002562,2.829004,0.094867,49642.715161,0,2025
IS,2021-Q3,20448,0.193138,0.346237,1.363459,1.878441,2.857737,0.091696,52109.560555,0,2025
IS,2021-Q4,21139,0.18029,0.391731,2.010076,1.845288,2.817825,0.090922,53870.50081,0,2025
IS,2022-Q1,22258,0.180858,0.465403,1.667895,1.767153,2.813685,0.089631,56722.153699,0,2025
IS,2022-Q2,22908,0.175975,0.508197,1.631395,1.669879,2.808757,0.089445,58378.6098,0,2025
IS,2022-Q3,24065,0.176888,0.58437,1.238728,1.6244,2.766424,0.088136,61327.101661,0,2025
IS,2022-Q4,24793,0.172856,0.6323,1.683903,1.55338,2.753882,0.087646,63182.332494,0,2025
IS,2023-Q1,25991,0.167715,0.711173,1.640683,1.550518,2.723866,0.087223,66235.308509,0,2025
IS,2023-Q2,27107,0.183298,0.784647,1.741801,1.583203,2.659018,0.086435,69079.316215,0,2025
IS,2023-Q3,28383,0.179431,0.868655,1.31836,1.590474,2.624705,0.08713,72331.066962,0,2025
IS,2023-Q4,29326,0.182834,0.930739,1.887711,1.648235,2.594285,0.086237,74734.202506,0,2025
IS,2024-Q1,30894,0.188642,1.033972,1.579983,1.631709,2.540979,0.086263,78730.084301,0,2025
IS,2024-Q2,31929,0.177888,1.102113,1.60431,1.599691,2.531554,0.085502,81367.672093,0,2025
IS,2024-Q3,32737,0.153402,1.15531,1.16376,1.549357,2.530776,0.085836,83426.774447,0,2025
IS,2024-Q4,33924,0.156789,1.233458,1.718046,1.516921,2.506574,0.087932,86451.718127,0,2025
IS,2025-Q1,35655,0.154108,1.347422,1.509213,1.500361,2.463329,0.095975,90862.988145,0,2025
IS,2025-Q2,36652,0.147922,1.413062,1.474517,1.469662,2.431764,0.088645,93403.736965,0,2025
IS,2025-Q3,38210,0.167181,1.515636,1.254148,1.481982,2.412902,0.083983,97374.13482,0,2025
IS,2025-Q4,39956,0.177809,1.630588,1.735259,1.496016,2.375713,0.082816,101823.630748,0,2025
IS,2026-Q1,42927,0.203955,1.82619,2.228644,1.692402,2.283435,0.081068,109394.909328,0,2025
IT,2020-Q1,468484,,0,1.926,,1.866798,0.058572,7951.774313,14,2025
IT,2020-Q2,521524,,0.113216,2.145512,,1.803,0.057777,8852.044353,18,2025
IT,2020-Q3,553803,,0.182117,1.597689,,1.823587,0.057416,9399.929282,17,2025
IT,2020-Q4,600518,,0.281832,1.91364,1.891135,1.79304,0.056265,10192.842459,25,2025
IT,2021-Q1,647818,0.382796,0.382796,2.027384,1.922091,1.78686,0.05565,10995.685086,28,2025
IT,2021-Q2,689401,0.321897,0.471557,1.85317,1.856255,1.795533,0.054779,11701.490687,25,2025
IT,2021-Q3,721920,0.303568,0.54097,1.445897,1.798709,1.826932,0.054337,12253.449236,27,2025
IT,2021-Q4,765847,0.275311,0.634735,1.722793,1.753698,1.82178,0.053311,12999.040527,28,2025
IT,2022-Q1,822968,0.270369,0.756662,1.864143,1.724897,1.82605,0.051495,13968.579082,37,2025
IT,2022-Q2,868759,0.260165,0.854405,1.81057,1.720493,1.879201,0.050671,14745.808822,37,2025
IT,2022-Q3,906492,0.255668,0.934948,1.510522,1.722841,1.908283,0.050544,15386.266768,36,2025
IT,2022-Q4,952924,0.244275,1.034059,1.724707,1.723352,1.915527,0.049627,16174.376468,42,2025
IT,2023-Q1,1009526,0.226689,1.154878,1.842519,1.724539,1.91648,0.049233,17135.10582,47,2025
IT,2023-Q2,1065048,0.225942,1.273392,1.726785,1.706148,1.895082,0.048617,18077.503881,42,2025
IT,2023-Q3,1112253,0.226986,1.374154,1.412692,1.670141,1.901543,0.048383,18878.734033,38,2025
IT,2023-Q4,1176773,0.234908,1.511874,1.578003,1.633377,1.887347,0.047774,19973.858901,39,2025
IT,2024-Q1,1260832,0.248935,1.691302,1.629358,1.586528,1.855661,0.046843,21400.627365,43,2025
IT,2024-Q2,1304444,0.224775,1.784394,1.577599,1.553356,1.87607,0.04688,22140.872029,39,2025
IT,2024-Q3,1371508,0.23309,1.927545,1.253973,1.503654,1.864903,0.046383,23279.17727,36,2025
IT,2024-Q4,1430971,0.216013,2.054471,1.432401,1.46836,1.84931,0.046615,24288.467568,41,2025
IT,2025-Q1,1508146,0.196151,2.219205,1.496028,1.43964,1.831163,0.046595,25598.391029,42,2025
IT,2025-Q2,1595946,0.223468,2.406618,1.578458,1.44668,1.808631,0.045835,27088.657046,41,2025
IT,2025-Q3,1697430,0.237638,2.62324,1.457052,1.491912,1.770379,0.04524,28811.187301,42,2025
IT,2025-Q4,1829959,0.278823,2.906129,1.607815,1.536737,1.709349,0.04356,31060.657289,46,2025
IT,2026-Q1,1989642,0.319264,3.24698,2.01798,1.679982,1.659238,0.042761,33771.023444,74,2025
JE,2020-Q1,1606,,0,,,1.691781,0.070361,,0,
JE,2020-Q2,1794,,0.117061,1.805463,,1.710702,0.067447,,0,
JE,2020-Q3,1897,,0.181196,1.910385,,1.726937,0.065894,,0,
JE,2020-Q4,2011,,0.252179,,,2.052213,0.065639,,0,
JE,2021-Q1,2153,0.340598,0.340598,2.149094,,1.691129,0.061774,,0,
JE,2021-Q2,2245,0.251394,0.397883,1.812918,,2.095768,0.064588,,0,
JE,2021-Q3,2363,0.245651,0.471357,1.614896,,2.108337,0.069826,,0,
JE,2021-Q4,2420,0.203381,0.506849,1.494215,1.75678,2.089669,0.069835,,0,
JE,2022-Q1,2503,0.162564,0.558531,1.094287,1.494177,2.047543,0.069117,,0,
JE,2022-Q2,2587,0.152339,0.610834,,,1.984925,0.068419,,0,
JE,2022-Q3,2659,0.125264,0.655666,,,1.999248,0.06619,,0,
JE,2022-Q4,2730,0.128099,0.699875,,,1.956044,0.065568,,0,
JE,2023-Q1,2869,0.146225,0.786426,1.440572,,1.610666,0.068665,,0,
JE,2023-Q2,2966,0.146502,0.846824,0.477748,,1.755563,0.065071,,0,
JE,2023-Q3,3118,0.172621,0.941469,0.858884,,1.822963,0.067351,,0,
JE,2023-Q4,3278,0.200733,1.041096,0.727273,0.867631,1.775473,0.070165,,0,
JE,2024-Q1,3379,0.177762,1.103985,,,1.724475,0.063924,,0,
JE,2024-Q2,3550,0.196898,1.210461,0.858592,,1.755493,0.070141,,0,
JE,2024-Q3,3634,0.165491,1.262765,1.362961,,1.786186,0.067969,,0,
JE,2024-Q4,3842,0.172056,1.392279,1.019521,,1.719938,0.068454,,0,
JE,2025-Q1,3984,0.179047,1.480697,0.846135,1.018588,1.666416,0.098645,,0,
JE,2025-Q2,4420,0.24507,1.752179,1.45905,1.176952,1.774208,0.060181,,0,
JE,2025-Q3,4478,0.232251,1.788294,1.794105,1.301782,1.900179,0.063421,,0,
JE,2025-Q4,4776,0.243103,1.973848,1.485553,1.412901,1.612647,0.062605,,0,
JE,2026-Q1,5168,0.297189,2.217933,2.051277,1.707834,1.695627,0.069272,,0,
JM,2020-Q1,11149,,0,1.030048,,2.448291,0.064849,3929.748822,0,2025
JM,2020-Q2,12534,,0.124226,1.119036,,2.391096,0.063826,4417.927324,0,2025
JM,2020-Q3,13920,,0.248542,1.202299,,2.307902,0.062716,4906.458302,0,2025
JM,2020-Q4,15398,,0.38111,1.307832,1.177034,2.244317,0.057735,5427.417021,0,2025
JM,2021-Q1,16810,0.507759,0.507759,0.954253,1.141131,2.219393,0.056276,5925.11236,0,2025
JM,2021-Q2,18168,0.449497,0.629563,0.999009,1.105279,2.165896,0.055923,6403.774025,0,2025
JM,2021-Q3,19555,0.404813,0.753969,0.866377,1.019162,2.145589,0.053695,6892.657478,2,2025
JM,2021-Q4,21219,0.378036,0.90322,1.107828,0.985321,2.036241,0.050898,7479.176631,2,2025
JM,2022-Q1,23131,0.376026,1.074715,0.841036,0.951019,2.009468,0.048982,8153.109697,2,2025
JM,2022-Q2,24700,0.359533,1.215445,0.908381,0.929293,1.997328,0.047004,8706.143682,2,2025
JM,2022-Q3,26200,0.339811,1.349987,0.795573,0.905428,1.932099,0.045916,9234.856861,0,2025
JM,2022-Q4,27652,0.303172,1.480222,0.951975,0.875849,1.916317,0.043975,9746.651219,0,2025
JM,2023-Q1,29349,0.268817,1.632433,0.746192,0.848046,1.935773,0.043749,10344.802062,0,2025
JM,2023-Q2,31028,0.256194,1.78303,0.699755,0.794719,1.862125,0.042961,10936.608347,0,2025
JM,2023-Q3,32489,0.240038,1.914073,0.565484,0.732737,1.817169,0.041953,11451.574984,0,2025
JM,2023-Q4,34067,0.23199,2.05561,0.734376,0.685417,1.797751,0.04136,12007.781248,0,2025
JM,2024-Q1,35988,0.226209,2.227913,0.593753,0.647366,1.782733,0.040291,12684.886593,0,2025
JM,2024-Q2,37516,0.209101,2.364965,0.591454,0.620784,1.752266,0.04017,13223.469085,0,2025
JM,2024-Q3,39040,0.201637,2.501659,0.525999,0.607799,1.706173,0.038397,13760.641675,0,2025
JM,2024-Q4,40658,0.193472,2.646784,0.721703,0.609881,1.688548,0.037705,14330.946957,0,2025
JM,2025-Q1,44013,0.222991,2.947708,0.571831,0.603094,1.603685,0.037557,15513.502101,0,2025
JM,2025-Q2,46028,0.22689,3.128442,0.776571,0.652708,1.576801,0.037064,16223.740138,0,2025
JM,2025-Q3,49885,0.277792,3.474392,0.775724,0.714083,1.507327,0.034159,17583.237959,0,2025
JM,2025-Q4,53762,0.322298,3.822137,0.986217,0.78802,1.515383,0.032625,18949.78529,0,2025
JM,2026-Q1,58587,0.331129,4.254911,1.381177,1.000571,1.480397,0.031714,20650.479349,0,2025
JO,2020-Q1,37209,,0,1.294096,,1.590879,0.082668,3229.75615,0,2025
JO,2020-Q2,41852,,0.124782,1.363089,,1.556174,0.078491,3632.770415,0,2025
JO,2020-Q3,45968,,0.2354,1.373347,,1.570245,0.077815,3990.040869,0,2025
JO,2020-Q4,50685,,0.36217,1.264615,1.322757,1.603137,0.076078,4399.478364,0,2025
JO,2021-Q1,55693,0.496762,0.496762,2.036504,1.532941,1.678811,0.073097,4834.174776,0,2025
JO,2021-Q2,60702,0.450397,0.63138,2.910827,1.958897,1.791885,0.075072,5268.957989,2,2025
JO,2021-Q3,65406,0.422859,0.757801,2.492524,2.224801,1.934532,0.071354,5677.267079,2,2025
JO,2021-Q4,70583,0.392582,0.896934,1.408087,2.189224,1.934276,0.06996,6126.632759,2,2025
JO,2022-Q1,76508,0.373745,1.056169,1.330619,1.979908,1.929785,0.067823,6640.92514,2,2025
JO,2022-Q2,81846,0.348325,1.199629,1.268981,1.590243,1.923234,0.066674,7104.265684,2,2025
JO,2022-Q3,87506,0.337889,1.351743,1.167177,1.286759,1.954517,0.065493,7595.555958,2,2025
JO,2022-Q4,93109,0.319142,1.502325,0.885994,1.151412,1.943765,0.063463,8081.898609,2,2025
JO,2023-Q1,99483,0.300295,1.673627,0.909643,1.047079,1.914719,0.062171,8635.16437,0,2025
JO,2023-Q2,107162,0.309313,1.880002,1.044671,0.999515,1.886844,0.060973,9301.704656,2,2025
JO,2023-Q3,115294,0.317555,2.098551,0.972045,0.956535,1.888875,0.060315,10007.565523,2,2025
JO,2023-Q4,122306,0.313579,2.287,0.741705,0.912175,1.879245,0.059155,10616.20994,2,2025
JO,2024-Q1,130434,0.311118,2.505442,0.670523,0.846375,1.846995,0.05783,11321.723606,2,2025
JO,2024-Q2,137119,0.279549,2.685103,0.711404,0.767672,1.858831,0.057031,11901.984292,2,2025
JO,2024-Q3,143730,0.246639,2.862775,0.762158,0.722028,1.858756,0.057358,12475.821748,2,2025
JO,2024-Q4,151408,0.237944,3.069123,0.721904,0.717717,1.834348,0.056292,13142.275233,2,2025
JO,2025-Q1,163016,0.249797,3.381091,0.786303,0.746841,1.806221,0.054866,14149.854297,2,2025
JO,2025-Q2,174739,0.27436,3.696149,0.974642,0.817413,1.785274,0.053239,15167.415407,2,2025
JO,2025-Q3,194245,0.351458,4.220377,0.877814,0.846202,1.720194,0.049165,16860.544044,0,2025
JO,2025-Q4,219362,0.448814,4.895402,0.925753,0.894474,1.604799,0.045372,19040.709736,0,2025
JO,2026-Q1,242986,0.490565,5.530302,1.164647,0.994653,1.555797,0.043291,21091.282427,0,2025
JP,2020-Q1,1128302,,0,2.211065,,2.494503,0.061488,9145.917732,36,2025
JP,2020-Q2,1241923,,0.100701,2.380705,,2.456457,0.060819,10066.919661,44,2025
JP,2020-Q3,1338905,,0.186655,2.193448,,2.484036,0.060266,10853.047305,44,2025
JP,2020-Q4,1429144,,0.266633,2.03923,2.199683,2.467926,0.059699,11584.516779,44,2025
JP,2021-Q1,1520892,0.347948,0.347948,2.006589,2.144263,2.483868,0.05946,12328.218075,46,2025
JP,2021-Q2,1640191,0.320687,0.453681,1.911284,2.030288,2.525834,0.058906,13295.245378,50,2025
JP,2021-Q3,1738658,0.298567,0.540951,1.770183,1.924316,2.519169,0.057938,14093.410303,52,2025
JP,2021-Q4,1841051,0.288219,0.631701,1.616174,1.815792,2.53216,0.057246,14923.399042,52,2025
JP,2022-Q1,1954146,0.284868,0.731935,1.605764,1.718134,2.574875,0.056991,15840.137261,58,2025
JP,2022-Q2,2098356,0.279336,0.859747,1.583085,1.639496,2.611257,0.055958,17009.09096,65,2025
JP,2022-Q3,2211070,0.271711,0.959644,1.498719,1.573053,2.585502,0.055547,17922.740826,65,2025
JP,2022-Q4,2324953,0.26284,1.060577,1.432948,1.525883,2.58072,0.054629,18845.866504,69,2025
JP,2023-Q1,2471377,0.264684,1.190351,1.428949,1.482431,2.616706,0.054511,20032.766694,70,2025
JP,2023-Q2,2697353,0.28546,1.39063,1.400776,1.437972,2.615933,0.053445,21864.508466,72,2025
JP,2023-Q3,2886350,0.305409,1.558136,1.344232,1.398966,2.641135,0.053327,23396.501686,71,2025
JP,2023-Q4,3053019,0.313153,1.705853,1.283619,1.360151,2.574318,0.052477,24747.506082,71,2025
JP,2024-Q1,3221378,0.303475,1.855067,1.179827,1.296826,2.511023,0.051535,26112.209471,71,2025
JP,2024-Q2,3381033,0.253463,1.996567,1.189743,1.245602,2.457432,0.051488,27406.358995,75,2025
JP,2024-Q3,3547125,0.228931,2.143773,1.137041,1.194872,2.457147,0.051536,28752.686279,72,2025
JP,2024-Q4,3759833,0.231513,2.332293,1.16927,1.168473,2.468313,0.051698,30476.878799,69,2025
JP,2025-Q1,3979812,0.235438,2.527258,1.141409,1.158636,2.403582,0.0513,32260.009412,71,2025
JP,2025-Q2,4281405,0.266301,2.794556,1.319024,1.195988,2.306369,0.05015,34704.696,80,2025
JP,2025-Q3,4593480,0.294987,3.071144,1.349119,1.25091,2.232036,0.051015,37234.348767,82,2025
JP,2025-Q4,4973908,0.322907,3.408313,1.447272,1.322909,2.205043,0.049241,40318.064998,96,2025
JP,2026-Q1,5433912,0.365369,3.816008,1.918488,1.528205,2.180146,0.049262,44046.817354,139,2025
KE,2020-Q1,90770,,0,2.009342,,3.640068,0.077801,1577.717135,0,2025
KE,2020-Q2,100837,,0.110907,2.182473,,3.636106,0.076738,1752.696515,1,2025
KE,2020-Q3,110279,,0.214928,2.226652,,3.67137,0.075445,1916.81247,1,2025
KE,2020-Q4,118828,,0.309111,1.686337,2.016569,3.674774,0.074183,2065.406761,0,2025
KE,2021-Q1,127932,0.409408,0.409408,1.860895,1.974506,3.707204,0.073125,2223.647774,3,2025
KE,2021-Q2,138374,0.372254,0.524446,2.141399,1.978791,3.752063,0.072709,2405.145211,4,2025
KE,2021-Q3,149157,0.352542,0.643241,2.338891,2.028161,3.780822,0.070355,2592.569733,7,2025
KE,2021-Q4,160129,0.34757,0.764118,1.882782,2.058284,3.816798,0.068064,2783.279355,10,2025
KE,2022-Q1,177396,0.386643,0.954346,3.836163,2.603261,3.860668,0.064421,3083.405407,15,2025
KE,2022-Q2,193410,0.397734,1.13077,5.45842,3.509206,4.095657,0.062101,3361.752462,19,2025
KE,2022-Q3,211103,0.415307,1.325691,6.079809,4.475764,4.511452,0.05972,3669.283026,14,2025
KE,2022-Q4,226754,0.416071,1.498116,4.879623,5.102463,4.785084,0.058447,3941.320603,14,2025
KE,2023-Q1,254108,0.432434,1.799471,7.295146,5.985495,4.92114,0.056437,4416.773666,16,2025
KE,2023-Q2,276380,0.428985,2.044839,5.155301,5.85382,5.06151,0.054877,4803.894036,15,2025
KE,2023-Q3,297581,0.409648,2.278407,5.244592,5.63672,5.177286,0.053827,5172.398839,11,2025
KE,2023-Q4,317073,0.398313,2.493148,3.37235,5.159665,5.217332,0.053328,5511.198689,10,2025
KE,2024-Q1,345178,0.358391,2.802776,3.177818,4.167333,5.26763,0.051762,5999.705245,11,2025
KE,2024-Q2,370363,0.34005,3.080236,2.636073,3.535714,5.416192,0.051136,6437.457873,12,2025
KE,2024-Q3,395210,0.328075,3.353972,2.427725,2.872874,5.506632,0.0507,6869.33556,12,2025
KE,2024-Q4,424346,0.338323,3.674959,1.880838,2.49548,5.420258,0.050004,7375.762424,10,2025
KE,2025-Q1,463595,0.343061,4.107359,2.076934,2.235691,5.370908,0.049783,8057.968216,11,2025
KE,2025-Q2,504143,0.361213,4.554071,2.432121,2.208131,5.413004,0.049137,8762.752554,10,2025
KE,2025-Q3,562773,0.423985,5.199989,2.367578,2.209639,5.227333,0.047007,9781.828853,10,2025
KE,2025-Q4,616490,0.4528,5.791781,2.037882,2.225307,5.002521,0.045117,10715.509929,9,2025
KE,2026-Q1,678197,0.462908,6.471599,2.309283,2.278549,4.770609,0.043442,11788.069048,11,2025
KG,2020-Q1,14440,,0,2.795499,,3.064958,0.063643,1966.481567,0,2025
KG,2020-Q2,16352,,0.13241,2.690802,,3.010029,0.060849,2226.863337,0,2025
KG,2020-Q3,18460,,0.278393,1.90558,,2.942416,0.054875,2513.936961,0,2025
KG,2020-Q4,21070,,0.459141,2.599288,2.478755,2.974134,0.052207,2869.374419,0,2025
KG,2021-Q1,23528,0.629363,0.629363,2.417078,2.402884,3.056231,0.048538,3204.112071,0,2025
KG,2021-Q2,25943,0.586534,0.796607,2.561307,2.396164,3.195004,0.045947,3532.993857,2,2025
KG,2021-Q3,28386,0.537703,0.965789,1.936659,2.355858,3.278799,0.044177,3865.688764,2,2025
KG,2021-Q4,31582,0.498908,1.187119,2.444874,2.33468,3.375467,0.041194,4300.929421,2,2025
KG,2022-Q1,35320,0.50119,1.445983,2.473924,2.359256,3.550481,0.036891,4809.981229,2,2025
KG,2022-Q2,39263,0.513433,1.719044,2.436034,2.342703,3.710669,0.035097,5346.950537,2,2025
KG,2022-Q3,42634,0.501938,1.952493,2.061336,2.339545,3.772529,0.033729,5806.023208,2,2025
KG,2022-Q4,49379,0.563517,2.419598,2.74558,2.439927,4.051398,0.033496,6724.577098,2,2025
KG,2023-Q1,53864,0.525028,2.730194,2.738322,2.520255,4.162465,0.033993,7335.357556,0,2025
KG,2023-Q2,58073,0.479077,3.021676,2.600882,2.559426,4.166738,0.033406,7908.551526,0,2025
KG,2023-Q3,61929,0.452573,3.288712,1.77739,2.437609,4.15831,0.032553,8433.672919,2,2025
KG,2023-Q4,66306,0.342798,3.591828,1.992082,2.251291,4.14694,0.032667,9029.745621,2,2025
KG,2024-Q1,70967,0.317522,3.914612,1.624121,1.976325,4.074936,0.031155,9664.494277,2,2025
KG,2024-Q2,74123,0.276376,4.133172,1.593662,1.739852,4.09688,0.031677,10094.287616,2,2025
KG,2024-Q3,77040,0.244005,4.33518,1.208242,1.589802,4.112578,0.031633,10491.533235,2,2025
KG,2024-Q4,81227,0.225032,4.625139,1.419799,1.456353,4.104005,0.031627,11061.731179,2,2025
KG,2025-Q1,86732,0.222146,5.006371,1.417908,1.408596,3.996795,0.031672,11811.418231,2,2025
KG,2025-Q2,90112,0.215709,5.240443,1.359797,1.354539,4.018632,0.03186,12271.716548,2,2025
KG,2025-Q3,97891,0.270652,5.779155,1.084042,1.311814,3.815662,0.030176,13331.083591,0,2025
KG,2025-Q4,109802,0.351792,6.604017,1.269057,1.276795,3.5705,0.027613,14953.158518,0,2025
KG,2026-Q1,121507,0.400948,7.414612,1.355115,1.270302,3.418791,0.026854,16547.17976,0,2025
KH,2020-Q1,31034,,0,0.889637,,2.347554,0.165013,1738.796016,0,2025
KH,2020-Q2,33998,,0.095508,0.876434,,2.238426,0.158921,1904.865211,0,2025
KH,2020-Q3,36858,,0.187665,0.895816,,2.198247,0.151066,2065.107417,0,2025
KH,2020-Q4,39744,,0.28066,0.778558,0.856906,2.163547,0.145255,2226.806369,0,2025
KH,2021-Q1,42518,0.370046,0.370046,0.783833,0.829981,2.14488,0.140105,2382.230103,0,2025
KH,2021-Q2,46147,0.357345,0.486982,0.844562,0.824496,2.130843,0.134028,2585.558412,2,2025
KH,2021-Q3,50004,0.356666,0.611265,0.774878,0.795856,2.095032,0.12611,2801.661275,2,2025
KH,2021-Q4,53363,0.342668,0.719501,0.730038,0.781146,2.090681,0.120027,2989.861823,2,2025
KH,2022-Q1,57246,0.346394,0.844622,0.754026,0.773085,2.080966,0.114401,3207.421433,2,2025
KH,2022-Q2,61695,0.336923,0.987981,0.784553,0.76143,2.037361,0.109847,3456.693311,2,2025
KH,2022-Q3,66636,0.332613,1.147193,1.019689,0.830639,2.116364,0.104748,3733.531331,2,2025
KH,2022-Q4,71746,0.34449,1.311852,0.844047,0.85524,2.007053,0.09818,4019.838209,2,2025
KH,2023-Q1,77894,0.360689,1.509957,0.936799,0.898939,1.983927,0.095399,4364.302922,0,2025
KH,2023-Q2,84574,0.37084,1.725205,0.82432,0.901419,1.936316,0.091305,4738.574927,2,2025
KH,2023-Q3,92864,0.393601,1.992331,0.947956,0.890537,1.901006,0.085254,5203.053208,2,2025
KH,2023-Q4,102562,0.429515,2.304827,0.846425,0.887215,1.847751,0.080312,5746.419959,2,2025
KH,2024-Q1,112984,0.450484,2.640652,1.14048,0.950202,1.873194,0.07748,6330.351521,2,2025
KH,2024-Q2,118284,0.398586,2.811433,1.131032,1.02528,1.965295,0.076528,6627.30386,2,2025
KH,2024-Q3,125185,0.348047,3.033802,1.032049,1.04277,2.043791,0.07572,7013.958217,2,2025
KH,2024-Q4,133256,0.299273,3.293871,1.097677,1.098832,2.051465,0.074773,7466.166203,2,2025
KH,2025-Q1,147712,0.307371,3.759683,1.379008,1.168773,2.051858,0.071091,8276.117715,2,2025
KH,2025-Q2,157217,0.329148,4.06596,1.503864,1.27021,2.104423,0.069668,8808.670919,2,2025
KH,2025-Q3,180655,0.443104,4.821196,1.335446,1.337431,2.019684,0.06255,10121.872602,2,2025
KH,2025-Q4,208188,0.562316,5.708384,1.422676,1.409062,1.903784,0.055882,11664.511988,2,2025
KH,2026-Q1,235476,0.594156,6.587678,1.803016,1.533441,1.849186,0.051835,13193.424332,2,2025
KI,2021-Q2,134,,,,,,,981.771291,0,2025
KI,2021-Q3,108,,,,,,,791.278354,0,2025
KI,2021-Q4,110,,,,,,,805.931657,0,2025
KI,2022-Q1,126,,,,,,,923.15808,0,2025
KI,2022-Q2,132,-0.014925,,,,,,967.117988,0,2025
KI,2022-Q3,144,0.333333,,,,,,1055.037806,0,2025
KI,2022-Q4,148,0.345455,,,,,,1084.344411,0,2025
KI,2023-Q1,160,0.269841,,,,0.8125,,1172.264228,0,2025
KI,2023-Q2,179,0.356061,,,,0.787709,,1311.470605,0,2025
KI,2023-Q3,190,0.319444,,,,0.784211,,1392.063771,0,2025
KI,2023-Q4,194,0.310811,,,,0.737113,,1421.370377,0,2025
KI,2024-Q1,197,0.23125,,,,0.690355,,1443.350331,0,2025
KI,2024-Q2,195,0.089385,,,,0.712821,,1428.697028,0,2025
KI,2024-Q3,190,0,,,,0.605263,,1392.063771,0,2025
KI,2024-Q4,186,-0.041237,,,,0.580645,,1362.757165,0,2025
KI,2025-Q1,189,-0.040609,,,,0.582011,,1384.73712,0,2025
KI,2025-Q2,252,0.292308,,,,0.753968,,1846.31616,0,2025
KI,2025-Q3,324,0.705263,,,,0.712963,,2373.835062,0,2025
KI,2025-Q4,433,1.327957,,,,0.579677,,3172.440068,0,2025
KI,2026-Q1,520,1.751323,,,,0.786538,,3809.858742,0,2025
KM,2020-Q1,116,,0,,,1.672414,,131.393095,0,2025
KM,2020-Q2,126,,0.086207,,,1.81746,,142.720086,0,2025
KM,2020-Q3,139,,0.198276,,,1.935252,,157.445175,0,2025
KM,2020-Q4,166,,0.431034,,,2.024096,,188.02805,0,2025
KM,2021-Q1,198,0.706897,0.706897,,,2.257576,,224.274421,0,2025
KM,2021-Q2,228,0.809524,0.965517,,,2.087719,,258.255394,0,2025
KM,2021-Q3,258,0.856115,1.224138,,,2.426357,,292.236367,0,2025
KM,2021-Q4,280,0.686747,1.413793,,,2.235714,,317.155747,0,2025
KM,2022-Q1,303,0.530303,1.612069,,,2.313531,,343.207826,0,2025
KM,2022-Q2,335,0.469298,1.887931,,,2.492537,,379.454198,0,2025
KM,2022-Q3,361,0.399225,2.112069,,,2.393352,,408.904374,0,2025
KM,2022-Q4,384,0.371429,2.310345,,,2.416667,,434.956453,0,2025
KM,2023-Q1,407,0.343234,2.508621,,,2.199017,,461.008533,0,2025
KM,2023-Q2,432,0.289552,2.724138,,,2.06713,,489.32601,0,2025
KM,2023-Q3,451,0.249307,2.887931,,,1.518847,,510.847293,0,2025
KM,2023-Q4,482,0.255208,3.155172,,,1.622407,,545.960965,0,2025
KM,2024-Q1,514,0.262899,3.431034,,,1.55642,,582.207336,0,2025
KM,2024-Q2,561,0.298611,3.836207,,,1.522282,,635.444194,0,2025
KM,2024-Q3,594,0.317073,4.12069,,,1.558923,,672.823264,0,2025
KM,2024-Q4,626,0.298755,4.396552,,,1.607029,,709.069635,0,2025
KM,2025-Q1,688,0.338521,4.931034,,,1.40843,,779.296979,0,2025
KM,2025-Q2,792,0.411765,5.827586,,,1.401515,,897.097685,0,2025
KM,2025-Q3,901,0.516835,6.767241,,,1.351831,,1020.561887,0,2025
KM,2025-Q4,1051,0.678914,8.060345,,,1.365366,,1190.466751,0,2025
KM,2026-Q1,1194,0.735465,9.293103,,,1.537688,,1352.442722,0,2025
KN,2020-Q1,293,,0,,,1.334471,,6244.405609,0,2025
KN,2020-Q2,345,,0.177474,,,1.304348,,7352.627765,0,2025
KN,2020-Q3,383,,0.307167,,,1.250653,,8162.482418,0,2025
KN,2020-Q4,420,,0.433447,,,1.22381,,8951.025105,0,2025
KN,2021-Q1,461,0.573379,0.573379,,,1.555315,,9824.815652,0,2025
KN,2021-Q2,495,0.434783,0.68942,,,1.529293,,10549.422446,0,2025
KN,2021-Q3,541,0.412533,0.846416,,,1.504621,,11529.772814,0,2025
KN,2021-Q4,565,0.345238,0.928328,,,1.336283,,12041.259963,0,2025
KN,2022-Q1,598,0.29718,1.040956,,,2.667224,,12744.554793,0,2025
KN,2022-Q2,635,0.282828,1.167235,,,2.615748,,13533.097481,0,2025
KN,2022-Q3,664,0.227357,1.266212,,,2.733434,,14151.144452,0,2025
KN,2022-Q4,677,0.19823,1.31058,,,2.654357,,14428.199991,0,2025
KN,2023-Q1,741,0.23913,1.52901,,,3.288799,,15792.165722,0,2025
KN,2023-Q2,781,0.229921,1.665529,,,3.192061,,16644.644303,0,2025
KN,2023-Q3,831,0.251506,1.836177,,,3.133574,,17710.24253,0,2025
KN,2023-Q4,866,0.279173,1.955631,,,3.157044,,18456.161289,0,2025
KN,2024-Q1,913,0.232119,2.116041,,,3.423877,,19457.823622,0,2025
KN,2024-Q2,984,0.259923,2.358362,,,3.35874,,20970.973104,0,2025
KN,2024-Q3,1110,0.33574,2.788396,,,3.37027,,23656.280636,0,2025
KN,2024-Q4,1135,0.310624,2.87372,,,3.253744,,24189.079749,0,2025
KN,2025-Q1,1192,0.305586,3.068259,,,3.665268,,25403.861728,0,2025
KN,2025-Q2,1359,0.381098,3.638225,,,3.251656,,28962.959806,0,2025
KN,2025-Q3,1511,0.361261,4.156997,1.735275,,3.290536,,32202.378415,0,2025
KN,2025-Q4,1633,0.438767,4.573379,,,3.230251,,34802.438089,0,2025
KN,2026-Q1,1741,0.46057,4.94198,,,3.168294,,37104.130259,0,2025
KR,2020-Q1,761690,,0,2.730918,,2.527557,0.08384,14737.282102,15,2025
KR,2020-Q2,833824,,0.094703,3.080545,,2.54731,0.082041,16132.940582,21,2025
KR,2020-Q3,910910,,0.195906,3.123571,,2.597526,0.080592,17624.411033,24,2025
KR,2020-Q4,985950,,0.294424,3.018938,2.998121,2.611526,0.078716,19076.295197,32,2025
KR,2021-Q1,1075499,0.41199,0.41199,3.247024,3.121925,2.628461,0.076966,20808.901474,35,2025
KR,2021-Q2,1158902,0.389864,0.521488,3.432672,3.217448,2.687564,0.076648,22422.594104,43,2025
KR,2021-Q3,1240831,0.362188,0.62905,3.393619,3.285616,2.710801,0.076204,24007.76758,42,2025
KR,2021-Q4,1310102,0.328771,0.719994,3.271235,3.336624,2.746455,0.076044,25348.032345,49,2025
KR,2022-Q1,1394160,0.296291,0.830351,3.422762,3.379033,2.787823,0.075643,26974.398004,47,2025
KR,2022-Q2,1475424,0.273122,0.93704,3.489931,3.397751,2.83361,0.075858,28546.70497,51,2025
KR,2022-Q3,1555925,0.253938,1.042727,3.463903,3.41659,2.884622,0.076428,30104.249307,55,2025
KR,2022-Q4,1629354,0.243685,1.13913,3.464688,3.460984,2.913444,0.076672,31524.963624,61,2025
KR,2023-Q1,1725705,0.23781,1.265626,3.285385,3.421878,2.915093,0.077908,33389.175925,63,2025
KR,2023-Q2,1824580,0.236648,1.395436,3.344602,3.386038,2.929928,0.078569,35302.222923,55,2025
KR,2023-Q3,1907931,0.226236,1.504865,3.168165,3.310295,2.929149,0.079842,36914.90945,52,2025
KR,2023-Q4,1983247,0.217198,1.603746,3.098549,3.220056,2.951772,0.081102,38372.133699,49,2025
KR,2024-Q1,2088024,0.209954,1.741304,3.007615,3.148767,2.904928,0.0814,40399.373399,47,2025
KR,2024-Q2,2172022,0.190423,1.851583,3.028663,3.072928,2.912623,0.08272,42024.57817,46,2025
KR,2024-Q3,2253387,0.181063,1.958404,2.957766,3.021001,2.921164,0.084318,43598.839298,40,2025
KR,2024-Q4,2330502,0.175094,2.059646,2.835775,2.954801,2.920512,0.086029,45090.870845,42,2025
KR,2025-Q1,2434485,0.165928,2.196162,2.494699,2.820923,2.881232,0.087221,47102.748124,33,2025
KR,2025-Q2,2562056,0.179572,2.363647,2.806978,2.770096,2.841085,0.08715,49571.009248,39,2025
KR,2025-Q3,2728331,0.210769,2.581944,2.686078,2.705243,2.771067,0.085874,52788.120647,31,2025
KR,2025-Q4,2900539,0.244598,2.808031,2.483722,2.616142,2.709105,0.084264,56120.02454,31,2025
KR,2026-Q1,3145730,0.292154,3.129935,3.000287,2.748815,2.615178,0.08191,60864.01348,65,2025
KW,2020-Q1,21059,,0,0.454058,,1.403058,0.087326,4328.409072,0,2025
KW,2020-Q2,24819,,0.178546,0.801926,,1.406664,0.077602,5101.229154,0,2025
KW,2020-Q3,28134,,0.335961,0.666311,,1.418604,0.071977,5782.585157,0,2025
KW,2020-Q4,30888,,0.466736,0.507252,0.608951,1.391965,0.066952,6348.63476,0,2025
KW,2021-Q1,33379,0.585023,0.585023,0.487432,0.602175,1.399982,0.063423,6860.628064,0,2025
KW,2021-Q2,35979,0.449656,0.708486,0.516246,0.539477,1.37319,0.06123,7395.02493,2,2025
KW,2021-Q3,38064,0.352954,0.807493,0.411517,0.478461,1.347178,0.058901,7823.570108,2,2025
KW,2021-Q4,40249,0.303063,0.911249,0.440284,0.462034,1.348754,0.056747,8272.669012,2,2025
KW,2022-Q1,43114,0.29165,1.047296,0.570256,0.48629,1.413021,0.054507,8861.53325,2,2025
KW,2022-Q2,45328,0.259846,1.152429,0.400238,0.456436,1.391436,0.05244,9316.592735,2,2025
KW,2022-Q3,48078,0.263083,1.283014,0.457548,0.466411,1.485711,0.050959,9881.820189,2,2025
KW,2022-Q4,50387,0.251882,1.392659,0.36827,0.44558,1.476055,0.048941,10356.405712,2,2025
KW,2023-Q1,53431,0.239296,1.537205,0.351575,0.392858,1.459209,0.048474,10982.061119,0,2025
KW,2023-Q2,56922,0.25578,1.702977,0.304276,0.367109,1.450546,0.046081,11699.59168,0,2025
KW,2023-Q3,60449,0.257311,1.870459,0.422952,0.362712,1.515162,0.04407,12424.521581,2,2025
KW,2023-Q4,63137,0.253041,1.998101,0.304877,0.345906,1.45425,0.043287,12977.005725,0,2025
KW,2024-Q1,66489,0.24439,2.157272,0.32837,0.33996,1.457925,0.042563,13665.966607,2,2025
KW,2024-Q2,69284,0.217174,2.289995,0.326814,0.34428,1.450638,0.041799,14240.443237,0,2025
KW,2024-Q3,72179,0.194048,2.427466,0.324568,0.321489,1.450339,0.040372,14835.473593,2,2025
KW,2024-Q4,75259,0.191995,2.573721,0.402995,0.346851,1.455919,0.040195,15468.528341,0,2025
KW,2025-Q1,80767,0.214742,2.835272,0.366858,0.356413,1.440502,0.038877,16600.627546,0,2025
KW,2025-Q2,84862,0.224843,3.029726,0.569277,0.420664,1.442554,0.037909,17442.302609,0,2025
KW,2025-Q3,92742,0.284889,3.403913,0.605767,0.492908,1.390147,0.035766,19061.936186,0,2025
KW,2025-Q4,102249,0.358628,3.855359,0.7003,0.570476,1.279504,0.033947,21015.978877,0,2025
KW,2026-Q1,112085,0.387757,4.322427,0.942633,0.718864,1.27935,0.032136,23037.643326,0,2025
KY,2020-Q1,1113,,0,,,2.045822,,14674.858921,0,2025
KY,2020-Q2,1246,,0.119497,,,1.326645,,16428.458415,0,2025
KY,2020-Q3,1313,,0.179695,,,1.32064,,17311.850641,0,2025
KY,2020-Q4,1384,,0.243486,,,1.289017,,18247.982701,0,2025
KY,2021-Q1,1489,0.337826,0.337826,,,2.054399,0.067831,19632.403354,0,2025
KY,2021-Q2,1584,0.271268,0.423181,,,2.133207,0.076389,20884.974421,0,2025
KY,2021-Q3,1626,0.238385,0.460916,,,1.599631,0.063346,21438.742682,0,2025
KY,2021-Q4,1740,0.257225,0.563342,,,1.706322,0.072989,22941.827963,0,2025
KY,2022-Q1,1870,0.255876,0.680144,,,1.858824,0.067914,24655.872581,0,2025
KY,2022-Q2,1970,0.243687,0.769991,,,1.8,0.06599,25974.36844,0,2025
KY,2022-Q3,2067,0.271218,0.857143,,,1.95791,0.061925,27253.309425,0,2025
KY,2022-Q4,2177,0.251149,0.955975,,,2.017915,0.059715,28703.654871,0,2025
KY,2023-Q1,2279,0.218717,1.047619,,,2.361562,0.057043,30048.520648,0,2025
KY,2023-Q2,2442,0.239594,1.19407,,,2.288698,0.059787,32197.668899,0,2025
KY,2023-Q3,2543,0.230285,1.284816,,,2.09359,0.062131,33529.349718,0,2025
KY,2023-Q4,2649,0.216812,1.380054,,,2.050208,0.066818,34926.955329,0,2025
KY,2024-Q1,2824,0.23914,1.537287,0.580737,,2.047805,0.064448,37234.323084,0,2025
KY,2024-Q2,2913,0.192875,1.617251,,,2.05115,0.063165,38407.7844,0,2025
KY,2024-Q3,2999,0.179316,1.694519,,,1.993665,0.06869,39541.690839,0,2025
KY,2024-Q4,3173,0.19781,1.850854,0.806492,,1.905137,0.085093,41835.873635,0,2025
KY,2025-Q1,3261,0.154745,1.929919,,,1.947869,0.072677,42996.149992,0,2025
KY,2025-Q2,3619,0.242362,2.251572,0.889196,,1.830893,0.074883,47716.365171,0,2025
KY,2025-Q3,3776,0.259086,2.392633,0.702595,,1.837129,0.068061,49786.403671,0,2025
KY,2025-Q4,4020,0.26694,2.61186,1.451741,,1.845771,0.066169,53003.533569,0,2025
KY,2026-Q1,4464,0.368905,3.010782,2.895833,1.551357,1.705645,0.064964,58857.655187,0,2025
KZ,2020-Q1,69649,,0,1.179873,,1.897888,0.06003,3341.480618,0,2025
KZ,2020-Q2,77896,,0.118408,1.516561,,1.879134,0.057679,3737.138713,0,2025
KZ,2020-Q3,86405,,0.240578,1.204155,,1.836294,0.054002,4145.366521,0,2025
KZ,2020-Q4,96315,,0.382863,1.336147,1.311211,1.821482,0.050812,4620.808708,0,2025
KZ,2021-Q1,105194,0.510345,0.510345,1.439626,1.373145,1.88391,0.048406,5046.787637,2,2025
KZ,2021-Q2,111914,0.43671,0.606829,1.318825,1.329999,1.909439,0.047635,5369.186376,2,2025
KZ,2021-Q3,118926,0.376379,0.707505,1.005987,1.266024,1.926088,0.045894,5705.594107,2,2025
KZ,2021-Q4,127541,0.324207,0.831196,1.118825,1.210956,1.932829,0.043907,6118.907371,2,2025
KZ,2022-Q1,138754,0.31903,0.992189,1.023134,1.110147,1.9189,0.041181,6656.862291,2,2025
KZ,2022-Q2,151391,0.352744,1.173628,1.271377,1.112113,1.97552,0.039751,7263.135038,2,2025
KZ,2022-Q3,161282,0.356154,1.31564,1.064304,1.120594,1.997873,0.038888,7737.665682,2,2025
KZ,2022-Q4,183020,0.43499,1.627748,1.670582,1.279606,2.291897,0.041979,8780.56803,2,2025
KZ,2023-Q1,196682,0.417487,1.823903,1.673712,1.442956,2.260929,0.039841,9436.01618,2,2025
KZ,2023-Q2,213149,0.407937,2.060331,1.526796,1.501097,2.274855,0.038504,10226.037018,2,2025
KZ,2023-Q3,225654,0.399127,2.239874,1.163671,1.49414,2.2743,0.038107,10825.976933,3,2025
KZ,2023-Q4,239638,0.309354,2.440652,1.181223,1.371552,2.206891,0.036251,11496.873356,2,2025
KZ,2024-Q1,258121,0.312377,2.706026,1.200239,1.260883,2.175329,0.034898,12383.613815,2,2025
KZ,2024-Q2,269710,0.265359,2.872417,1.129272,1.168069,2.190334,0.034815,12939.607712,2,2025
KZ,2024-Q3,279835,0.240107,3.017789,0.883131,1.092882,2.199314,0.034767,13425.36474,2,2025
KZ,2024-Q4,296446,0.237058,3.256285,1.126478,1.082729,2.197685,0.037862,14222.294122,2,2025
KZ,2025-Q1,318468,0.233793,3.572471,1.252785,1.10319,2.183177,0.036672,15278.821656,2,2025
KZ,2025-Q2,338631,0.255537,3.861965,1.317322,1.156277,2.228783,0.035017,16246.1618,2,2025
KZ,2025-Q3,368641,0.317351,4.29284,1.107015,1.200352,2.175021,0.033567,17685.921643,2,2025
KZ,2025-Q4,413225,0.39393,4.932964,1.355859,1.260228,2.07146,0.031941,19824.883752,2,2025
KZ,2026-Q1,463403,0.455101,5.653405,1.612691,1.364845,2.038489,0.031459,22232.22362,3,2025
LA,2020-Q1,5787,,0,0.511837,,1.385865,0.124762,735.039526,0,2025
LA,2020-Q2,6432,,0.111457,0.828514,,1.352456,0.116604,816.964616,0,2025
LA,2020-Q3,7180,,0.240712,0.681894,,1.357521,0.110724,911.972317,0,2025
LA,2020-Q4,7909,,0.366684,0.663674,0.675114,1.334176,0.103806,1004.56672,0,2025
LA,2021-Q1,8529,0.473821,0.473821,0.613671,0.689118,1.326064,0.098488,1083.316419,0,2025
LA,2021-Q2,9289,0.444185,0.605149,0.705027,0.666363,1.340941,0.093982,1179.848308,0,2025
LA,2021-Q3,10108,0.407799,0.746674,0.642659,0.656565,1.378611,0.088643,1283.874119,0,2025
LA,2021-Q4,11085,0.401568,0.9155,0.512224,0.614109,1.376816,0.086964,1407.968403,0,2025
LA,2022-Q1,12090,0.417517,1.089165,0.522498,0.58818,1.406534,0.082299,1535.619124,0,2025
LA,2022-Q2,12968,0.39606,1.240885,0.630398,0.57655,1.419494,0.080814,1647.138858,0,2025
LA,2022-Q3,13830,0.368223,1.389839,0.497035,0.541172,1.429429,0.077874,1756.626343,0,2025
LA,2022-Q4,14671,0.3235,1.535165,0.469634,0.527568,1.513598,0.075455,1863.446498,0,2025
LA,2023-Q1,15529,0.28445,1.683428,0.462232,0.510842,1.557409,0.077661,1972.42592,0,2025
LA,2023-Q2,16739,0.290793,1.892518,0.429954,0.463049,1.494414,0.074198,2126.114848,0,2025
LA,2023-Q3,18248,0.31945,2.153275,0.478518,0.460168,1.425855,0.067569,2317.781453,0,2025
LA,2023-Q4,19945,0.359485,2.446518,0.384006,0.436639,1.384357,0.064878,2533.326999,0,2025
LA,2024-Q1,23509,0.513877,3.062381,0.373899,0.412769,1.263346,0.057297,2986.010751,0,2025
LA,2024-Q2,22041,0.316745,2.808709,0.444807,0.417766,1.395853,0.062248,2799.551787,0,2025
LA,2024-Q3,23246,0.273893,3.016935,0.550202,0.439966,1.398219,0.060785,2952.605637,0,2025
LA,2024-Q4,24628,0.234796,3.255746,0.476531,0.461552,1.409412,0.061028,3128.141256,0,2025
LA,2025-Q1,26680,0.134885,3.610334,0.536319,0.503535,1.381897,0.061469,3388.777355,0,2025
LA,2025-Q2,28080,0.273989,3.852255,0.744836,0.582166,1.386752,0.058903,3566.599255,0,2025
LA,2025-Q3,31851,0.370171,4.503888,0.737716,0.633384,1.266365,0.051553,4045.575245,0,2025
LA,2025-Q4,36490,0.481647,5.305512,0.814141,0.718345,1.212524,0.046314,4634.800813,0,2025
LA,2026-Q1,40818,0.52991,6.053396,0.934392,0.817989,1.190112,0.043706,5184.524516,0,2025
LB,2020-Q1,30963,,0,0.793366,,1.340309,0.069599,5293.344418,0,2025
LB,2020-Q2,35233,,0.137907,0.896148,,1.267562,0.066784,6023.331198,0,2025
LB,2020-Q3,38797,,0.253012,0.972008,,1.275743,0.06449,6632.622272,0,2025
LB,2020-Q4,42727,,0.379937,1.420249,1.046121,1.282421,0.061507,7304.48364,0,2025
LB,2021-Q1,47635,0.538449,0.538449,1.24778,1.152161,1.288821,0.058046,8143.541044,0,2025
LB,2021-Q2,51539,0.462805,0.664535,1.444964,1.285593,1.341101,0.058073,8810.957529,2,2025
LB,2021-Q3,54887,0.414723,0.772664,0.823018,1.218397,1.359065,0.055186,9383.321871,2,2025
LB,2021-Q4,58179,0.361645,0.878985,0.911119,1.093531,1.331305,0.054126,9946.112615,2,2025
LB,2022-Q1,62982,0.322179,1.034105,0.885904,1.003788,1.302531,0.051888,10767.219525,2,2025
LB,2022-Q2,66722,0.294592,1.154895,1.062813,0.92635,1.326744,0.049639,11406.599046,2,2025
LB,2022-Q3,70836,0.290579,1.287763,1.167796,1.014379,1.407575,0.048732,12109.91652,2,2025
LB,2022-Q4,74394,0.278709,1.402674,1.16176,1.076109,1.421378,0.047316,12718.181851,2,2025
LB,2023-Q1,79421,0.261011,1.565029,1.073217,1.116435,1.430604,0.04728,13577.583149,0,2025
LB,2023-Q2,85077,0.275097,1.747699,1.071594,1.115669,1.419937,0.046005,14544.516457,2,2025
LB,2023-Q3,90981,0.284389,1.938378,0.991724,1.070291,1.442609,0.04579,15553.847124,2,2025
LB,2023-Q4,95832,0.288168,2.095049,0.971252,1.023905,1.431328,0.045089,16383.159974,2,2025
LB,2024-Q1,101383,0.276526,2.274327,0.946816,0.992475,1.433189,0.044199,17332.142788,2,2025
LB,2024-Q2,106250,0.248869,2.431515,0.938061,0.960753,1.430852,0.044122,18164.190952,2,2025
LB,2024-Q3,111040,0.220475,2.586216,1.021308,0.970176,1.466985,0.043993,18983.075419,2,2025
LB,2024-Q4,114833,0.198274,2.708717,0.900778,0.951555,1.449287,0.04274,19631.515666,2,2025
LB,2025-Q1,122971,0.212935,2.971547,1.00553,0.967196,1.436306,0.042612,21022.764475,2,2025
LB,2025-Q2,129701,0.220715,3.188903,1.193961,1.035125,1.494345,0.042313,22173.3057,2,2025
LB,2025-Q3,140796,0.267976,3.547234,1.181632,1.078725,1.491136,0.041571,24070.074628,1,2025
LB,2025-Q4,152902,0.331516,3.938217,1.279094,1.172198,1.447784,0.039744,26139.681175,0,2025
LB,2026-Q1,165282,0.344073,4.338049,1.342657,1.254873,1.428498,0.03943,28256.129966,0,2025
LC,2020-Q1,920,,0,,,1.03913,,5106.883746,0,2025
LC,2020-Q2,1068,,0.16087,,,0.997191,,5928.425914,0,2025
LC,2020-Q3,1180,,0.282609,,,1.055085,,6550.133501,0,2025
LC,2020-Q4,1296,,0.408696,,,1.003086,,7194.044929,0,2025
LC,2021-Q1,1405,0.527174,0.527174,,,0.93452,,7799.099634,0,2025
LC,2021-Q2,1481,0.386704,0.609783,,,0.925726,,8220.972639,0,2025
LC,2021-Q3,1580,0.338983,0.717391,,,1.059494,,8770.517738,0,2025
LC,2021-Q4,1723,0.329475,0.872826,,,1.098085,,9564.305103,0,2025
LC,2022-Q1,1831,0.303203,0.990217,,,1.202075,,10163.808847,0,2025
LC,2022-Q2,1958,0.32208,1.128261,,,1.193054,,10868.780843,0,2025
LC,2022-Q3,2063,0.305696,1.242391,,,1.231701,,11451.631705,0,2025
LC,2022-Q4,2158,0.252467,1.345652,,,1.268304,,11978.972961,0,2025
LC,2023-Q1,2261,0.234844,1.457609,,,1.1977,,12550.721902,0,2025
LC,2023-Q2,2406,0.228805,1.615217,,,1.196592,,13355.611189,0,2025
LC,2023-Q3,2527,0.224915,1.746739,,,1.14998,,14027.27742,0,2025
LC,2023-Q4,2627,0.217331,1.855435,,,1.140084,,14582.37348,0,2025
LC,2024-Q1,2770,0.225122,2.01087,,,1.16787,,15376.160845,0,2025
LC,2024-Q2,2870,0.192851,2.119565,,,1.133798,,15931.256904,0,2025
LC,2024-Q3,2960,0.171349,2.217391,,,1.228041,,16430.843357,0,2025
LC,2024-Q4,3070,0.168633,2.336957,,,1.252769,0.03355,17041.449023,0,2025
LC,2025-Q1,3303,0.192419,2.590217,,,1.154708,,18334.822841,0,2025
LC,2025-Q2,3652,0.272474,2.969565,0.502738,,1.004655,,20272.108088,0,2025
LC,2025-Q3,3682,0.243919,3.002174,1.007605,,1.067626,0.027702,20438.636906,0,2025
LC,2025-Q4,3960,0.289902,3.304348,0.966919,,1.057576,0.025505,21981.803951,0,2025
LC,2026-Q1,4283,0.2967,3.655435,1.424702,0.99358,1.074481,0.025216,23774.764223,0,2025
LI,2020-Q1,736,,0,,,1.839674,,17940.717629,0,2025
LI,2020-Q2,771,,0.047554,,,1.92607,,18793.876755,0,2025
LI,2020-Q3,844,,0.146739,,,1.71564,,20573.322933,0,2025
LI,2020-Q4,878,,0.192935,,,1.85877,,21402.106084,0,2025
LI,2021-Q1,952,0.293478,0.293478,,,1.728992,,23205.928237,0,2025
LI,2021-Q2,1014,0.315175,0.377717,,,1.843195,,24717.23869,0,2025
LI,2021-Q3,1050,0.244076,0.42663,,,1.694286,,25594.773791,0,2025
LI,2021-Q4,1088,0.23918,0.478261,,,1.58364,,26521.060842,0,2025
LI,2022-Q1,1184,0.243697,0.608696,,,1.694257,,28861.154446,0,2025
LI,2022-Q2,1276,0.258383,0.733696,,,1.498433,,31103.74415,0,2025
LI,2022-Q3,1330,0.266667,0.807065,,,1.464662,,32420.046802,0,2025
LI,2022-Q4,1400,0.286765,0.902174,,,1.575,,34126.365055,0,2025
LI,2023-Q1,1470,0.241554,0.997283,,,1.69932,,35832.683307,0,2025
LI,2023-Q2,1575,0.234326,1.139946,,,1.726349,,38392.160686,0,2025
LI,2023-Q3,1634,0.228571,1.220109,,,1.940636,,39830.343214,0,2025
LI,2023-Q4,1700,0.214286,1.309783,,,1.835294,,41439.157566,0,2025
LI,2024-Q1,1838,0.25034,1.497283,,,1.800871,0.058215,44803.042122,0,2025
LI,2024-Q2,1842,0.169524,1.502717,,,1.878393,0.061346,44900.546022,0,2025
LI,2024-Q3,1901,0.163403,1.58288,,,1.80484,0.065229,46338.728549,0,2025
LI,2024-Q4,2114,0.243529,1.872283,,,1.843425,0.061495,51530.811232,0,2025
LI,2025-Q1,2124,0.155604,1.88587,,,1.771657,0.070151,51774.570983,0,2025
LI,2025-Q2,2318,0.258415,2.149457,1.323123,,1.776531,0.063417,56503.51014,0,2025
LI,2025-Q3,2439,0.283009,2.313859,1.275933,,1.831078,0.066011,59453.00312,0,2025
LI,2025-Q4,2688,0.271523,2.652174,1.74814,,1.667783,0.063244,65522.620905,0,2025
LI,2026-Q1,3056,0.438795,3.152174,2.29712,1.704409,1.53305,0.061191,74492.979719,0,2025
LK,2020-Q1,84292,,0,1.718846,,3.057502,0.085477,3874.425446,0,2025
LK,2020-Q2,95516,,0.133156,2.351177,,2.993708,0.083996,4390.329105,0,2025
LK,2020-Q3,104093,,0.23491,1.867359,,2.991114,0.081792,4784.565177,0,2025
LK,2020-Q4,115313,,0.368018,2.02736,1.997976,2.974808,0.079878,5300.284979,3,2025
LK,2021-Q1,124223,0.473722,0.473722,1.738028,1.978021,2.972252,0.078987,5709.827174,3,2025
LK,2021-Q2,135679,0.420485,0.609631,2.18319,1.961737,2.983513,0.078465,6236.394558,2,2025
LK,2021-Q3,154117,0.48057,0.82837,2.390476,2.105125,2.943407,0.074255,7083.884905,4,2025
LK,2021-Q4,166992,0.448163,0.981113,1.853119,2.048128,2.967064,0.072135,7675.675676,9,2025
LK,2022-Q1,181002,0.457073,1.147321,1.546237,1.966092,2.994635,0.070292,8319.635962,5,2025
LK,2022-Q2,192232,0.416815,1.280549,1.748278,1.863367,2.967737,0.068194,8835.815407,6,2025
LK,2022-Q3,206980,0.343006,1.455512,1.751797,1.723742,2.935941,0.066446,9513.697371,8,2025
LK,2022-Q4,223564,0.338771,1.652256,1.617626,1.667347,2.885652,0.063977,10275.969847,10,2025
LK,2023-Q1,243299,0.344179,1.886383,1.525991,1.652948,2.8351,0.062865,11183.075933,6,2025
LK,2023-Q2,262954,0.367899,2.119561,1.691942,1.644332,2.905516,0.06098,12086.504872,9,2025
LK,2023-Q3,282588,0.365291,2.352489,1.663754,1.627782,2.873094,0.060027,12988.96856,6,2025
LK,2023-Q4,301030,0.346505,2.571276,1.708222,1.652084,2.857433,0.059077,13836.642765,11,2025
LK,2024-Q1,323028,0.3277,2.83225,1.767252,1.710121,2.884787,0.058623,14847.766133,11,2025
LK,2024-Q2,340783,0.29598,3.042887,2.027138,1.800559,2.939501,0.058685,15663.862842,13,2025
LK,2024-Q3,362247,0.281891,3.297525,1.894086,1.855219,2.91828,0.058847,16650.441258,12,2025
LK,2024-Q4,384783,0.278221,3.564882,2.046062,1.938633,2.94086,0.058976,17686.293436,15,2025
LK,2025-Q1,409518,0.267748,3.858326,2.168447,2.03846,2.956947,0.060002,18823.22118,13,2025
LK,2025-Q2,432098,0.267956,4.126204,2.525228,2.173285,3.004101,0.060431,19861.09579,14,2025
LK,2025-Q3,468278,0.292704,4.555426,2.475062,2.316353,2.980591,0.059386,21524.08531,13,2025
LK,2025-Q4,502346,0.305531,4.959593,2.369317,2.388424,2.948959,0.058796,23089.998161,14,2025
LK,2026-Q1,541411,0.322069,5.423041,3.022412,2.611317,2.972132,0.059223,24885.594778,18,2025
LR,2020-Q1,1328,,0,,,1.326807,0.113705,231.713884,0,2025
LR,2020-Q2,1496,,0.126506,,,1.227273,0.104947,261.027086,0,2025
LR,2020-Q3,1719,,0.294428,,,1.23502,0.097731,299.936872,0,2025
LR,2020-Q4,1966,,0.480422,0.772635,,1.226857,0.090539,343.034258,0,2025
LR,2021-Q1,2122,0.597892,0.597892,0.625353,,1.286051,0.085297,370.25366,0,2025
LR,2021-Q2,2476,0.65508,0.864458,1.435784,,1.362682,0.076737,432.020765,0,2025
LR,2021-Q3,2674,0.555556,1.013554,0.800673,0.924659,1.467464,0.072924,466.568467,0,2025
LR,2021-Q4,3019,0.535605,1.273343,1.177542,1.027888,1.602517,0.068897,526.765222,0,2025
LR,2022-Q1,3274,0.542884,1.465361,0.655162,0.995893,1.620648,0.063531,571.258475,0,2025
LR,2022-Q2,3600,0.453958,1.710843,1.535833,1.063898,1.676667,0.0575,628.140046,0,2025
LR,2022-Q3,3917,0.464847,1.949548,1.512637,1.242143,1.75083,0.055144,683.451267,0,2025
LR,2022-Q4,4489,0.486916,2.380271,2.636445,1.664529,1.90176,0.050791,783.255741,0,2025
LR,2023-Q1,4797,0.46518,2.612199,1.648739,1.856692,1.956223,0.048989,836.996611,0,2025
LR,2023-Q2,5165,0.434722,2.889307,1.525847,1.826546,2.011036,0.046854,901.206483,0,2025
LR,2023-Q3,5471,0.396732,3.119729,1.932736,1.917428,1.975142,0.045878,954.598386,0,2025
LR,2023-Q4,5663,0.261528,3.264307,0.861204,1.480897,1.894932,0.045735,988.099189,0,2025
LR,2024-Q1,5945,0.239316,3.476657,0.622204,1.215204,1.874516,0.044743,1037.303492,0,2025
LR,2024-Q2,6257,0.211423,3.711596,0.922487,1.067964,1.952373,0.045389,1091.742296,0,2025
LR,2024-Q3,6534,0.194297,3.920181,0.613101,0.752244,1.97138,0.044842,1140.074183,0,2025
LR,2024-Q4,6963,0.22956,4.243223,0.556944,0.675318,1.927043,0.044377,1214.927539,0,2025
LR,2025-Q1,7540,0.268293,4.677711,0.516711,0.643072,1.891114,0.043899,1315.60443,0,2025
LR,2025-Q2,8229,0.315167,5.196536,0.894276,0.653967,1.918824,0.044355,1435.823455,0,2025
LR,2025-Q3,9583,0.466636,6.216114,0.893979,0.733406,1.783262,0.038923,1672.073906,0,2025
LR,2025-Q4,10813,0.552923,7.142319,1.412559,0.970441,1.766485,0.03616,1886.688421,0,2025
LR,2026-Q1,11954,0.585411,8.001506,1.317885,1.157101,1.69575,0.034549,2085.773919,0,2025
LS,2020-Q1,1264,,0,,,0.923259,,534.839686,0,2025
LS,2020-Q2,1406,,0.112342,,,0.948791,,594.924524,0,2025
LS,2020-Q3,1573,,0.244462,,,0.970121,,665.587678,0,2025
LS,2020-Q4,1710,,0.352848,,,1.010526,0.060819,723.556853,0,2025
LS,2021-Q1,1840,0.455696,0.455696,,,1.086957,0.059783,778.564099,0,2025
LS,2021-Q2,2038,0.449502,0.612342,0.458292,,1.094701,0.056428,862.344367,0,2025
LS,2021-Q3,2247,0.428481,0.77769,1.012906,,1.169559,0.055185,950.779093,0,2025
LS,2021-Q4,2439,0.426316,0.929589,0.468225,,1.185322,0.055351,1032.020564,0,2025
LS,2022-Q1,2628,0.428261,1.079114,0.484399,0.601476,1.223364,0.053272,1111.992637,0,2025
LS,2022-Q2,2983,0.46369,1.359968,1.080791,0.76867,1.422058,0.045927,1262.204733,0,2025
LS,2022-Q3,3182,0.41611,1.517405,2.160277,1.114049,1.5044,0.045569,1346.408133,0,2025
LS,2022-Q4,3462,0.419434,1.738924,1.85182,1.451,1.57539,0.04015,1464.885278,0,2025
LS,2023-Q1,3708,0.410959,1.933544,1.742179,1.72246,1.720604,0.040453,1568.975913,0,2025
LS,2023-Q2,3950,0.32417,2.125,1.111139,1.687456,1.777468,0.039494,1671.374018,0,2025
LS,2023-Q3,4226,0.328096,2.343354,1.293658,1.480972,1.767156,0.037861,1788.158632,0,2025
LS,2023-Q4,4538,0.310803,2.59019,1.392464,1.378334,1.727633,0.037461,1920.176023,0,2025
LS,2024-Q1,4814,0.298274,2.808544,1.219568,1.257759,1.896552,0.039676,2036.960638,0,2025
LS,2024-Q2,5131,0.298987,3.059335,1.207952,1.275055,1.884818,0.038199,2171.093692,0,2025
LS,2024-Q3,5514,0.30478,3.362342,1.198948,1.250138,1.999093,0.037722,2333.153502,0,2025
LS,2024-Q4,6075,0.338695,3.806171,1.159012,1.194437,2.144856,0.040165,2570.530926,0,2025
LS,2025-Q1,6715,0.39489,4.3125,0.848995,1.090292,2.199851,0.035592,2841.33583,0,2025
LS,2025-Q2,7268,0.416488,4.75,1.594249,1.209917,2.34989,0.035636,3075.328192,0,2025
LS,2025-Q3,8398,0.523032,5.643987,1.428554,1.276567,2.350679,0.032031,3553.468101,0,2025
LS,2025-Q4,9340,0.537449,6.389241,1.889507,1.479556,2.485011,0.0303,3952.059069,0,2025
LS,2026-Q1,10459,0.557558,7.274525,1.490487,1.602171,2.396309,0.029257,4425.544519,0,2025
LT,2020-Q1,56617,,0,2.000212,,2.362541,0.058074,19598.971744,0,2025
LT,2020-Q2,60955,,0.07662,2.138988,,2.342056,0.059126,21100.646849,0,2025
LT,2020-Q3,65189,,0.151403,1.64448,,2.355121,0.058461,22566.320522,0,2025
LT,2020-Q4,69846,,0.233658,2.104358,1.970694,2.338287,0.058414,24178.423096,0,2025
LT,2021-Q1,74882,0.322606,0.322606,2.000414,1.97274,2.341043,0.058238,25921.723195,0,2025
LT,2021-Q2,78982,0.295743,0.395023,1.923641,1.92424,2.38015,0.057076,27341.010408,2,2025
LT,2021-Q3,83147,0.275476,0.468587,1.483385,1.864217,2.441411,0.05643,28782.798516,2,2025
LT,2021-Q4,87536,0.253271,0.546108,1.794907,1.793842,2.470926,0.056343,30302.128169,2,2025
LT,2022-Q1,94663,0.264162,0.671989,1.756737,1.738717,2.475212,0.054404,32769.264747,2,2025
LT,2022-Q2,100893,0.277418,0.782027,1.934733,1.752836,2.516736,0.053145,34925.888976,2,2025
LT,2022-Q3,106594,0.281995,0.882721,1.514475,1.745128,2.551175,0.053061,36899.390537,2,2025
LT,2022-Q4,112323,0.283163,0.983909,1.837513,1.759651,2.5562,0.051574,38882.584792,2,2025
LT,2023-Q1,118765,0.254608,1.097692,1.787092,1.767711,2.543746,0.052389,41112.596555,2,2025
LT,2023-Q2,125343,0.242336,1.213876,1.593771,1.684231,2.533727,0.052225,43389.687113,2,2025
LT,2023-Q3,131440,0.23309,1.321564,1.292225,1.615708,2.511579,0.052397,45500.271049,2,2025
LT,2023-Q4,137505,0.224193,1.428687,1.551827,1.550027,2.508345,0.052034,47599.777622,2,2025
LT,2024-Q1,150464,0.266905,1.657576,1.38148,1.451789,2.362691,0.049846,52085.763718,2,2025
LT,2024-Q2,155264,0.238713,1.742357,1.399925,1.406809,2.373422,0.051029,53747.368261,2,2025
LT,2024-Q3,158130,0.203058,1.792977,1.122159,1.357004,2.403358,0.052488,54739.48464,2,2025
LT,2024-Q4,166184,0.208567,1.935231,1.384604,1.321764,2.395447,0.053742,57527.518594,2,2025
LT,2025-Q1,175248,0.164717,2.095325,1.326589,1.309334,2.360272,0.054386,60665.181838,2,2025
LT,2025-Q2,184558,0.188672,2.259763,1.503419,1.341133,2.445746,0.053067,63888.002315,2,2025
LT,2025-Q3,194617,0.230741,2.43743,1.21808,1.355951,2.402658,0.053531,67370.102334,0,2025
LT,2025-Q4,208505,0.254664,2.682728,1.557565,1.40481,2.343138,0.051605,72177.678143,0,2025
LT,2026-Q1,227028,0.295467,3.009891,1.743701,1.516072,2.269284,0.050795,78589.740838,0,2025
LU,2020-Q1,15981,,0,2.081409,,2.751079,0.069833,23263.024586,0,2025
LU,2020-Q2,16530,,0.034353,2.175923,,2.564247,0.068905,24062.186122,0,2025
LU,2020-Q3,17500,,0.09505,1.691714,,2.5532,0.069143,25474.183734,0,2025
LU,2020-Q4,18497,,0.157437,1.828945,1.936504,2.497,0.067741,26925.484373,0,2025
LU,2021-Q1,19677,0.231275,0.231275,1.989328,1.918827,2.480154,0.068964,28643.172191,0,2025
LU,2021-Q2,20775,0.256806,0.299981,1.86065,1.847428,2.527124,0.069362,30241.495262,0,2025
LU,2021-Q3,22195,0.268286,0.388837,1.558054,1.801858,2.560937,0.0656,32308.543313,0,2025
LU,2021-Q4,23649,0.278532,0.47982,1.673813,1.760962,2.672248,0.067064,34425.084065,0,2025
LU,2022-Q1,25107,0.275957,0.571053,1.545625,1.653032,2.570797,0.062174,36547.447487,0,2025
LU,2022-Q2,26972,0.298291,0.687754,1.511975,1.570132,2.701505,0.06136,39262.267639,0,2025
LU,2022-Q3,28675,0.291958,0.794318,1.443557,1.537935,2.69796,0.060924,41741.269633,0,2025
LU,2022-Q4,30071,0.271555,0.881672,1.524592,1.505319,2.640285,0.060257,43773.381661,0,2025
LU,2023-Q1,32377,0.289561,1.025968,1.550576,1.509158,2.671186,0.060351,47130.151244,0,2025
LU,2023-Q2,35012,0.298087,1.190852,1.462527,1.495612,2.647635,0.061179,50965.83548,0,2025
LU,2023-Q3,37132,0.294926,1.323509,1.284714,1.448518,2.546752,0.058952,54051.850881,0,2025
LU,2023-Q4,39150,0.301919,1.449784,1.317905,1.397004,2.509987,0.057318,56989.388183,0,2025
LU,2024-Q1,41482,0.281218,1.595707,1.32672,1.345375,2.453185,0.05829,60384.005124,0,2025
LU,2024-Q2,42621,0.217325,1.66698,1.425189,1.341011,2.481101,0.058375,62042.010568,0,2025
LU,2024-Q3,44152,0.189055,1.762781,1.29754,1.342033,2.524484,0.060405,64270.637728,0,2025
LU,2024-Q4,46797,0.195326,1.92829,1.40353,1.363869,2.566959,0.060239,68120.878641,0,2025
LU,2025-Q1,49165,0.185213,2.076466,1.402441,1.38268,2.465046,0.061466,71567.899617,0,2025
LU,2025-Q2,51646,0.21175,2.231713,1.556771,1.420119,2.453375,0.062599,75179.411037,0,2025
LU,2025-Q3,54073,0.224701,2.383581,1.300094,1.414774,2.343351,0.059901,78712.316404,0,2025
LU,2025-Q4,57359,0.225698,2.5892,1.596541,1.466376,2.289911,0.059084,83495.640275,0,2025
LU,2026-Q1,61847,0.257948,2.870033,2.15312,1.669183,2.25576,0.059663,90028.676653,0,2025
LV,2020-Q1,36586,,0,1.936096,,2.312551,0.058356,19799.92261,0,2025
LV,2020-Q2,39704,,0.085224,1.869862,,2.283196,0.058936,21487.348366,0,2025
LV,2020-Q3,43039,,0.176379,1.809429,,2.250099,0.058505,23292.212027,0,2025
LV,2020-Q4,46479,,0.270404,1.831795,1.858119,2.25121,0.058887,25153.900481,0,2025
LV,2021-Q1,50471,0.379517,0.379517,2.02439,1.888944,2.219928,0.058469,27314.324989,0,2025
LV,2021-Q2,53481,0.346993,0.461789,1.574597,1.805965,2.277725,0.05703,28943.302386,2,2025
LV,2021-Q3,56675,0.316829,0.54909,1.529157,1.729496,2.284676,0.055545,30671.858468,2,2025
LV,2021-Q4,60085,0.292734,0.642295,1.612466,1.676094,2.259482,0.054406,32517.311267,2,2025
LV,2022-Q1,65977,0.307226,0.80334,1.64471,1.59291,2.255331,0.051685,35705.993933,2,2025
LV,2022-Q2,70579,0.319702,0.929126,1.566217,1.589339,2.299919,0.050284,38196.543429,2,2025
LV,2022-Q3,74992,0.323194,1.049746,1.34165,1.533514,2.318861,0.050032,40584.808298,2,2025
LV,2022-Q4,79775,0.327702,1.180479,1.403472,1.48162,2.25152,0.050066,43173.312912,2,2025
LV,2023-Q1,85233,0.291859,1.329662,1.616123,1.483887,2.264487,0.049195,46127.119768,2,2025
LV,2023-Q2,90206,0.278086,1.465588,1.459116,1.459522,2.275359,0.048611,48818.450198,2,2025
LV,2023-Q3,95951,0.279483,1.622615,1.112662,1.389919,2.244906,0.051141,51927.578154,2,2025
LV,2023-Q4,101035,0.2665,1.761575,1.271629,1.354925,2.222547,0.047429,54678.980509,2,2025
LV,2024-Q1,108873,0.277357,1.97581,1.217694,1.260993,2.139061,0.045796,58920.816004,2,2025
LV,2024-Q2,113073,0.253498,2.090608,1.241145,1.212975,2.156969,0.045625,61193.807721,2,2025
LV,2024-Q3,115893,0.207835,2.167687,0.943802,1.163826,2.228547,0.047078,62719.959303,2,2025
LV,2024-Q4,122208,0.209561,2.340294,1.233602,1.158686,2.290955,0.047288,66137.564706,2,2025
LV,2025-Q1,131351,0.206461,2.590198,1.37227,1.203513,2.265799,0.047308,71085.651199,2,2025
LV,2025-Q2,139683,0.235335,2.817936,1.521674,1.282444,2.30474,0.047515,75594.833815,2,2025
LV,2025-Q3,148898,0.284789,3.069808,1.26089,1.348915,2.273691,0.047529,80581.88588,0,2025
LV,2025-Q4,164021,0.342146,3.483163,1.519854,1.421061,2.242658,0.048786,88766.279627,0,2025
LV,2026-Q1,190889,0.453274,4.217542,2.025015,1.610181,2.260387,0.045644,103306.932354,0,2025
LY,2020-Q1,9125,,0,0.258192,,1.021589,0.104658,1223.427326,0,2025
LY,2020-Q2,10314,,0.130301,0.344871,,1.057689,0.099283,1382.841583,0,2025
LY,2020-Q3,11219,,0.229479,0.25439,,1.035832,0.093235,1504.178758,0,2025
LY,2020-Q4,12457,,0.365151,0.261459,0.278882,1.004415,0.087581,1670.162652,0,2025
LY,2021-Q1,13714,0.502904,0.502904,0.337392,0.29966,0.98177,0.083054,1838.693956,0,2025
LY,2021-Q2,14906,0.44522,0.633534,0.263652,0.28048,0.99953,0.078089,1998.510435,0,2025
LY,2021-Q3,16125,0.437294,0.767123,0.289488,0.288137,1.023628,0.073612,2161.946919,0,2025
LY,2021-Q4,17489,0.40395,0.916603,0.246269,0.281711,1.016124,0.070216,2344.824165,2,2025
LY,2022-Q1,19088,0.391862,1.091836,0.202955,0.248181,1.015979,0.065539,2559.208855,2,2025
LY,2022-Q2,20496,0.375017,1.246137,0.28952,0.256605,0.996048,0.062842,2747.985367,0,2025
LY,2022-Q3,22176,0.375256,1.430247,0.42794,0.297859,0.987058,0.059885,2973.230069,2,2025
LY,2022-Q4,24029,0.373949,1.633315,0.328603,0.316987,0.990886,0.056557,3221.669613,0,2025
LY,2023-Q1,25817,0.352525,1.82926,0.340744,0.347143,0.996204,0.055351,3461.394332,0,2025
LY,2023-Q2,28208,0.376269,2.091288,0.392406,0.371665,0.986103,0.0519,3781.96581,0,2025
LY,2023-Q3,30522,0.376353,2.344877,0.548195,0.409796,0.984077,0.051012,4092.213572,0,2025
LY,2023-Q4,31688,0.31874,2.472658,0.382416,0.419116,0.929437,0.049987,4248.544121,0,2025
LY,2024-Q1,33502,0.297672,2.671452,0.32998,0.411346,0.891618,0.048803,4491.75477,0,2025
LY,2024-Q2,35642,0.263542,2.905973,0.26898,0.376783,0.91193,0.04764,4778.673617,0,2025
LY,2024-Q3,38022,0.245724,3.166795,0.365893,0.336123,0.966625,0.046947,5097.770279,0,2025
LY,2024-Q4,41196,0.30005,3.51463,0.35637,0.331857,0.96286,0.04532,5523.321877,0,2025
LY,2025-Q1,44636,0.332338,3.891616,0.334775,0.333068,0.955148,0.043709,5984.537219,0,2025
LY,2025-Q2,49072,0.376803,4.377753,0.464786,0.383655,0.941413,0.038291,6579.290493,0,2025
LY,2025-Q3,56877,0.495897,5.233096,0.542328,0.434235,0.880549,0.034021,7625.739838,0,2025
LY,2025-Q4,66426,0.612438,6.279562,0.690618,0.527494,0.833378,0.030244,8906.014637,0,2025
LY,2026-Q1,73665,0.650349,7.072877,0.873346,0.666006,0.83129,0.028195,9876.57797,0,2025
MA,2020-Q1,142405,,0,0.697869,,1.272884,0.12305,3705.494321,0,2025
MA,2020-Q2,161134,,0.131519,0.835932,,1.271358,0.112937,4192.838187,0,2025
MA,2020-Q3,174167,,0.22304,0.583004,,1.276625,0.106266,4531.967483,0,2025
MA,2020-Q4,192213,,0.349763,0.679663,0.69599,1.271438,0.098625,5001.539131,0,2025
MA,2021-Q1,211693,0.486556,0.486556,0.853892,0.740848,1.314654,0.092171,5508.42463,2,2025
MA,2021-Q2,230292,0.429196,0.617162,0.816937,0.743571,1.357246,0.087554,5992.385789,2,2025
MA,2021-Q3,247624,0.421762,0.738872,0.619156,0.740348,1.410251,0.082847,6443.378574,2,2025
MA,2021-Q4,266861,0.388361,0.873958,0.751369,0.755618,1.435253,0.078108,6943.941014,2,2025
MA,2022-Q1,289130,0.365799,1.030336,0.841334,0.759467,1.462321,0.073368,7523.398568,3,2025
MA,2022-Q2,309248,0.342852,1.171609,0.829622,0.767069,1.492582,0.070047,8046.885347,4,2025
MA,2022-Q3,329732,0.331583,1.315452,0.759305,0.795577,1.515137,0.067361,8579.895745,4,2025
MA,2022-Q4,352152,0.319608,1.472891,0.87914,0.827777,1.53885,0.064174,9163.282443,5,2025
MA,2023-Q1,387675,0.340833,1.722341,2.501165,1.295436,1.557374,0.061632,10087.619894,8,2025
MA,2023-Q2,421084,0.361639,1.956947,2.437421,1.714667,1.579295,0.058262,10956.94934,6,2025
MA,2023-Q3,448194,0.359268,2.147319,2.258187,2.061826,1.610486,0.056009,11662.373666,6,2025
MA,2023-Q4,478096,0.357641,2.357298,1.739377,2.213017,1.633375,0.054041,12440.44811,7,2025
MA,2024-Q1,514125,0.326175,2.610302,1.521177,1.961929,1.643285,0.051923,13377.952094,8,2025
MA,2024-Q2,539045,0.280137,2.785295,1.133475,1.635175,1.664219,0.051242,14026.390832,6,2025
MA,2024-Q3,560210,0.249927,2.933921,0.894684,1.303323,1.69811,0.050495,14577.121406,4,2025
MA,2024-Q4,593273,0.240908,3.166097,1.105061,1.155543,1.728031,0.050132,15437.447649,5,2025
MA,2025-Q1,632885,0.230994,3.444261,1.011997,1.035638,1.739803,0.048931,16468.184218,5,2025
MA,2025-Q2,673894,0.250163,3.732236,1.155582,1.047056,1.760342,0.048285,17535.271867,5,2025
MA,2025-Q3,730638,0.304222,4.130705,0.949457,1.052397,1.723,0.046225,19011.797057,5,2025
MA,2025-Q4,822452,0.386296,4.775443,1.253457,1.099293,1.675637,0.043104,21400.87227,8,2025
MA,2026-Q1,906406,0.432181,5.364987,1.386281,1.199943,1.651206,0.04278,23585.423867,13,2025
MC,2020-Q1,767,,0,,,2.185137,,20004.694713,0,2025
MC,2020-Q2,757,,-0.013038,,,1.730515,,19743.877311,0,2025
MC,2020-Q3,820,,0.0691,,,1.989024,,21387.026942,0,2025
MC,2020-Q4,884,,0.152542,,,2.05543,,23056.258314,0,2025
MC,2021-Q1,934,0.217731,0.217731,,,1.80621,,24360.345322,0,2025
MC,2021-Q2,958,0.265522,0.249022,,,1.702505,,24986.307086,0,2025
MC,2021-Q3,1020,0.243902,0.329857,,,2.170588,,26603.374977,0,2025
MC,2021-Q4,1065,0.204751,0.388527,,,2.037559,,27777.053285,0,2025
MC,2022-Q1,1111,0.189507,0.448501,,,1.885689,,28976.813333,0,2025
MC,2022-Q2,1222,0.275574,0.59322,,,2.117021,,31871.886492,0,2025
MC,2022-Q3,1275,0.25,0.662321,,,2.032157,,33254.218721,0,2025
MC,2022-Q4,1363,0.279812,0.777053,,,1.970653,,35549.411857,0,2025
MC,2023-Q1,1497,0.347435,0.95176,,,2.101536,0.067468,39044.36504,0,2025
MC,2023-Q2,1661,0.359247,1.16558,,,2.098736,,43321.770429,0,2025
MC,2023-Q3,1697,0.33098,1.212516,,,2.215675,0.065999,44260.713075,0,2025
MC,2023-Q4,1803,0.322817,1.350717,,,1.93289,0.063783,47025.377533,0,2025
MC,2024-Q1,2006,0.340013,1.615385,,,1.767198,0.059322,52319.970788,0,2025
MC,2024-Q2,2041,0.228778,1.661017,,,1.840764,0.057325,53232.831695,0,2025
MC,2024-Q3,2069,0.21921,1.697523,,,1.891735,0.078782,53963.120419,0,2025
MC,2024-Q4,2350,0.303383,2.063885,,,1.62766,0.106383,61292.089408,0,2025
MC,2025-Q1,2390,0.191426,2.116037,,,1.818828,0.086611,62335.359015,0,2025
MC,2025-Q2,2574,0.261146,2.355932,2.394716,,1.849262,0.086636,67134.399207,0,2025
MC,2025-Q3,2802,0.354277,2.653194,1.503569,,1.791577,0.085296,73081.035967,0,2025
MC,2025-Q4,2941,0.251489,2.83442,2.354641,,1.587215,0.070724,76706.397851,0,2025
MC,2026-Q1,3256,0.362343,3.245111,2.826781,2.290331,1.528563,0.072482,84922.146006,0,2025
MD,2020-Q1,27810,,0,1.638224,,2.182668,0.066954,11781.267488,0,2025
MD,2020-Q2,30541,,0.098202,1.893979,,2.189712,0.066141,12938.212526,0,2025
MD,2020-Q3,33494,,0.204387,1.728907,,2.167672,0.063116,14189.20436,0,2025
MD,2020-Q4,36114,,0.298598,1.700698,1.740636,2.183336,0.061389,15299.126,0,2025
MD,2021-Q1,38908,0.399065,0.399065,1.681274,1.744508,2.195718,0.059602,16482.759994,0,2025
MD,2021-Q2,41360,0.354245,0.487235,1.455319,1.634244,2.210614,0.058075,17521.511086,2,2025
MD,2021-Q3,44012,0.314026,0.582596,1.290625,1.520188,2.250364,0.056416,18644.989022,2,2025
MD,2021-Q4,46410,0.285097,0.668824,1.40961,1.45193,2.244602,0.054536,19660.863866,2,2025
MD,2022-Q1,50309,0.293025,0.809026,1.311296,1.364071,2.234411,0.052058,21312.613666,2,2025
MD,2022-Q2,53706,0.298501,0.931176,1.297788,1.326352,2.232879,0.049529,22751.699091,2,2025
MD,2022-Q3,57060,0.296465,1.05178,1.299982,1.326679,2.247722,0.048721,24172.568244,2,2025
MD,2022-Q4,59824,0.289033,1.151169,1.437299,1.339214,2.272666,0.04779,25343.493211,2,2025
MD,2023-Q1,63551,0.263213,1.285185,1.482809,1.384187,2.277588,0.047049,26922.377927,0,2025
MD,2023-Q2,68424,0.274048,1.46041,1.441585,1.418615,2.276087,0.045613,28986.747451,0,2025
MD,2023-Q3,72401,0.268857,1.603416,1.216295,1.388793,2.266074,0.046201,30671.54072,2,2025
MD,2023-Q4,76570,0.279921,1.753326,1.421353,1.387338,2.245605,0.04413,32437.671757,2,2025
MD,2024-Q1,81565,0.283457,1.932938,1.259094,1.332054,2.236891,0.043818,34553.724656,2,2025
MD,2024-Q2,86583,0.265389,2.113376,1.124551,1.251767,2.190442,0.042098,36679.521141,0,2025
MD,2024-Q3,90299,0.247207,2.246997,0.977774,1.185582,2.191984,0.043179,38253.74588,2,2025
MD,2024-Q4,92841,0.212498,2.338403,1.168417,1.129654,2.252679,0.044129,39330.624051,2,2025
MD,2025-Q1,98549,0.208227,2.543653,1.253904,1.134235,2.244548,0.044059,41748.728144,2,2025
MD,2025-Q2,103307,0.193156,2.714743,1.328564,1.188558,2.229258,0.043269,43764.379734,0,2025
MD,2025-Q3,111206,0.231531,2.998777,1.037678,1.194113,2.136467,0.052956,47110.666389,0,2025
MD,2025-Q4,122400,0.318383,3.401294,1.461324,1.274699,2.066871,0.048848,51852.82778,0,2025
MD,2026-Q1,140751,0.428234,4.061165,1.690972,1.401651,2.038287,0.045321,59626.939239,0,2025
ME,2020-Q1,4978,,0,1.696264,,2.162917,0.058055,7988.715017,0,2025
ME,2020-Q2,5768,,0.158698,1.869279,,2.081657,0.054438,9256.510289,0,2025
ME,2020-Q3,6277,,0.260948,1.660188,,2.095906,0.051617,10073.355597,0,2025
ME,2020-Q4,6656,,0.337083,1.355319,1.633008,2.019531,0.048828,10681.576367,0,2025
ME,2021-Q1,7087,0.423664,0.423664,1.565966,1.602373,2.018626,0.050092,11373.246952,0,2025
ME,2021-Q2,7499,0.300104,0.506428,1.791972,1.598096,2.033471,0.04974,12034.426258,0,2025
ME,2021-Q3,8214,0.308587,0.65006,1.22279,1.480208,2.177867,0.049671,13181.86122,0,2025
ME,2021-Q4,8519,0.279898,0.71133,1.219744,1.435902,2.143327,0.045545,13671.326483,0,2025
ME,2022-Q1,9084,0.281784,0.824829,1.517503,1.430484,2.099075,0.046015,14578.040823,0,2025
ME,2022-Q2,10779,0.437392,1.165327,2.308656,1.615067,3.023379,0.055942,17298.183843,0,2025
ME,2022-Q3,12157,0.480034,1.442145,2.668668,2.010508,3.078638,0.055524,19509.60395,0,2025
ME,2022-Q4,13750,0.614039,1.762153,2.959273,2.442714,3.2448,0.059273,22066.056948,0,2025
ME,2023-Q1,15603,0.717635,2.134391,2.942767,2.752663,3.422483,0.063513,25039.759023,0,2025
ME,2023-Q2,17482,0.621857,2.511852,3.012413,2.910768,3.590207,0.062121,28055.186005,0,2025
ME,2023-Q3,18660,0.534918,2.748493,3.048285,2.994885,3.474759,0.060343,29945.645284,0,2025
ME,2023-Q4,19519,0.419564,2.921053,2.705928,2.922612,3.252779,0.0582,31324.172041,0,2025
ME,2024-Q1,20366,0.305262,3.091201,2.29456,2.750233,3.11696,0.05735,32683.441149,0,2025
ME,2024-Q2,21077,0.20564,3.23403,2.144375,2.53229,3.038146,0.058784,33824.456894,0,2025
ME,2024-Q3,21942,0.175884,3.407794,1.89454,2.247358,3.094841,0.056923,35212.612477,0,2025
ME,2024-Q4,22597,0.157693,3.539373,1.746338,2.011584,2.900341,0.05545,36263.75919,0,2025
ME,2025-Q1,23628,0.160169,3.746485,1.915312,1.921519,2.794227,0.057093,37918.31226,0,2025
ME,2025-Q2,24598,0.167054,3.941342,1.665623,1.803029,2.64363,0.054069,39474.972277,0,2025
ME,2025-Q3,25929,0.181706,4.208718,1.870223,1.800283,2.524895,0.053454,41610.96659,0,2025
ME,2025-Q4,27514,0.217595,4.527119,2.014465,1.870236,2.491641,0.052192,44154.581154,0,2025
ME,2026-Q1,29425,0.245345,4.911008,2.12989,1.93142,2.305556,0.050671,47221.361869,0,2025
MF,2022-Q1,125,,,,,2.048,,5011.827914,0,2025
MF,2022-Q2,147,,,,,2.591837,,5893.909627,0,2025
MF,2022-Q3,156,,,,,2.673077,,6254.761237,0,2025
MF,2022-Q4,174,,,,,2.517241,,6976.464456,0,2025
MF,2023-Q1,204,0.632,,,,2.906863,,8179.303155,0,2025
MF,2023-Q2,216,0.469388,,,,2.328704,,8660.438635,0,2025
MF,2023-Q3,219,0.403846,,,,2.438356,,8780.722505,0,2025
MF,2023-Q4,226,0.298851,,,,1.792035,,9061.384868,0,2025
MF,2024-Q1,244,0.196078,,,,1.770492,,9783.088088,0,2025
MF,2024-Q2,257,0.189815,,,,1.680934,,10304.318191,0,2025
MF,2024-Q3,279,0.273973,,,,1.645161,,11186.399904,0,2025
MF,2024-Q4,301,0.331858,,,,1.45515,,12068.481617,0,2025
MF,2025-Q1,315,0.290984,,,,1.368254,,12629.806343,0,2025
MF,2025-Q2,381,0.48249,,,,1.238845,,15276.051481,0,2025
MF,2025-Q3,332,0.189964,,,,1.388554,,13311.414939,0,2025
MF,2025-Q4,339,0.126246,,,,1.324484,,13592.077302,0,2025
MF,2026-Q1,375,0.190476,,,,1.354667,,15035.483742,0,2025
MG,2020-Q1,10105,,0,1.286492,,1.677882,0.07808,308.637469,0,2025
MG,2020-Q2,10980,,0.086591,0.932058,,1.664754,0.078597,335.362634,0,2025
MG,2020-Q3,12067,,0.194161,1.416011,,1.721638,0.075992,368.562923,0,2025
MG,2020-Q4,13197,,0.305987,1.114344,1.187232,1.697052,0.07282,403.076564,0,2025
MG,2021-Q1,14426,0.42761,0.42761,1.04991,1.12834,1.776029,0.068834,440.613967,0,2025
MG,2021-Q2,15713,0.431056,0.554973,1.068033,1.150136,1.785019,0.069242,479.922865,0,2025
MG,2021-Q3,17147,0.420983,0.696883,1.073832,1.075459,1.796757,0.067475,523.721592,2,2025
MG,2021-Q4,18346,0.390164,0.815537,0.902976,1.019426,1.827101,0.066445,560.342703,0,2025
MG,2022-Q1,20292,0.406627,1.008115,1.457865,1.13771,1.921102,0.064557,619.779468,2,2025
MG,2022-Q2,22037,0.402469,1.180802,1.454735,1.241551,1.978445,0.06303,673.077082,2,2025
MG,2022-Q3,23776,0.386598,1.352895,1.598923,1.376218,2.090848,0.06393,726.191437,2,2025
MG,2022-Q4,25500,0.389949,1.523503,1.214745,1.426047,2.102863,0.062235,778.847646,2,2025
MG,2023-Q1,27740,0.367041,1.745176,2.127109,1.615862,2.139906,0.062221,847.264067,0,2025
MG,2023-Q2,30105,0.366112,1.979218,1.791231,1.698294,2.177811,0.063511,919.498368,0,2025
MG,2023-Q3,32474,0.365831,2.213657,2.00311,1.80416,2.220361,0.061865,991.854842,2,2025
MG,2023-Q4,34796,0.364549,2.443444,1.730975,1.903936,2.23747,0.060927,1062.775792,2,2025
MG,2024-Q1,37915,0.366799,2.752103,2.380351,1.991692,2.257972,0.060583,1158.039549,2,2025
MG,2024-Q2,40871,0.357615,3.044631,1.862029,1.996727,2.267745,0.060092,1248.32479,2,2025
MG,2024-Q3,43703,0.345784,3.324889,1.660618,1.902019,2.285427,0.060248,1334.822694,2,2025
MG,2024-Q4,47114,0.354006,3.662444,1.553233,1.840221,2.277349,0.059239,1439.00502,2,2025
MG,2025-Q1,51949,0.370144,4.14092,1.847755,1.730833,2.289919,0.058211,1586.680642,2,2025
MG,2025-Q2,57315,0.402339,4.671945,1.915938,1.757058,2.299695,0.056181,1750.574622,2,2025
MG,2025-Q3,64798,0.48269,5.412469,2.055681,1.863602,2.222507,0.053103,1979.128227,2,2025
MG,2025-Q4,72187,0.532177,6.143691,1.86571,1.923602,2.140413,0.050674,2204.810786,0,2025
MG,2026-Q1,81275,0.564515,7.043048,2.845549,2.209809,2.101015,0.048354,2482.385979,1,2025
MH,2020-Q2,111,,,,,,,3059.368282,0,2025
MH,2020-Q3,115,,,,,,,3169.615787,0,2025
MH,2020-Q4,121,,,,,,,3334.987046,0,2025
MH,2021-Q1,124,,,,,,,3417.672675,0,2025
MH,2021-Q2,131,0.18018,,,,,,3610.60581,0,2025
MH,2021-Q3,134,0.165217,,,,,,3693.291439,0,2025
MH,2021-Q4,135,0.115702,,,,,,3720.853316,0,2025
MH,2022-Q1,149,0.201613,,,,,,4106.719585,0,2025
MH,2022-Q2,154,0.175573,,,,,,4244.528968,0,2025
MH,2022-Q3,159,0.186567,,,,,,4382.33835,0,2025
MH,2022-Q4,162,0.2,,,,,,4465.023979,0,2025
MH,2023-Q1,172,0.154362,,,,0.616279,,4740.642743,0,2025
MH,2023-Q2,179,0.162338,,,,,,4933.575878,0,2025
MH,2023-Q3,186,0.169811,,,,0.623656,,5126.509013,0,2025
MH,2023-Q4,187,0.154321,,,,,,5154.070889,0,2025
MH,2024-Q1,201,0.168605,,,,0.522388,,5539.937159,0,2025
MH,2024-Q2,211,0.178771,,,,0.516588,,5815.555923,0,2025
MH,2024-Q3,212,0.139785,,,,0.481132,,5843.117799,0,2025
MH,2024-Q4,236,0.262032,,,,0.474576,,6504.602833,0,2025
MH,2025-Q1,244,0.21393,,,,0.479508,,6725.097845,0,2025
MH,2025-Q2,252,0.194313,,,,0.448413,,6945.592856,0,2025
MH,2025-Q3,289,0.363208,,,,0.608997,,7965.382283,0,2025
MH,2025-Q4,310,0.313559,,,,0.529032,,8544.181688,0,2025
MH,2026-Q1,340,0.393443,,,,0.644118,,9371.03798,0,2025
MK,2020-Q1,22923,,0,1.285826,,1.790821,0.053963,12588.767478,0,2025
MK,2020-Q2,25191,,0.09894,1.552221,,1.794649,0.052201,13834.299243,0,2025
MK,2020-Q3,27034,,0.17934,1.164608,,1.804247,0.051195,14846.431096,0,2025
MK,2020-Q4,29392,,0.282206,1.236459,1.304792,1.782118,0.049537,16141.388724,0,2025
MK,2021-Q1,31511,0.374646,0.374646,1.23303,1.288646,1.79496,0.048364,17305.093225,0,2025
MK,2021-Q2,33379,0.325037,0.456136,1.289044,1.234025,1.821445,0.047605,18330.954485,0,2025
MK,2021-Q3,35044,0.296294,0.52877,0.972406,1.177644,1.836234,0.04697,19245.332963,2,2025
MK,2021-Q4,37158,0.264222,0.620992,1.196781,1.170221,1.861456,0.045078,20406.291583,2,2025
MK,2022-Q1,39859,0.264923,0.738821,1.15166,1.151526,1.855967,0.044105,21889.616669,2,2025
MK,2022-Q2,41972,0.257437,0.830999,1.130444,1.115982,1.896145,0.042624,23050.026113,2,2025
MK,2022-Q3,43757,0.24863,0.908869,0.955093,1.10364,1.906004,0.042645,24030.305743,0,2025
MK,2022-Q4,46137,0.241644,1.012695,1.155233,1.097348,1.907016,0.041572,25337.345249,2,2025
MK,2023-Q1,48678,0.221255,1.123544,1.282551,1.135291,1.94591,0.041333,26732.802133,0,2025
MK,2023-Q2,51170,0.219146,1.232256,1.206645,1.155606,1.956459,0.040825,28101.349381,0,2025
MK,2023-Q3,52990,0.211006,1.311652,0.944065,1.143365,1.987526,0.041027,29100.85018,0,2025
MK,2023-Q4,55647,0.206125,1.427562,1.035869,1.112046,1.97955,0.040685,30560.011511,0,2025
MK,2024-Q1,58511,0.202001,1.552502,1.111364,1.073846,1.991848,0.041069,32132.852328,2,2025
MK,2024-Q2,60396,0.180301,1.634734,1.111382,1.053946,2.014753,0.04035,33168.049584,0,2025
MK,2024-Q3,61937,0.168843,1.701959,0.854417,1.02631,2.025655,0.040993,34014.330205,0,2025
MK,2024-Q4,64206,0.153809,1.800942,1.060617,1.033128,2.027832,0.041273,35260.411146,0,2025
MK,2025-Q1,67975,0.161747,1.965362,1.114807,1.036957,1.996734,0.041015,37330.256482,0,2025
MK,2025-Q2,69445,0.149828,2.02949,1.171287,1.055296,2.078623,0.042048,38137.545588,0,2025
MK,2025-Q3,72580,0.171836,2.166252,0.904257,1.060692,2.014536,0.042147,39859.213173,0,2025
MK,2025-Q4,76972,0.198829,2.35785,1.128644,1.078935,1.973354,0.041132,42271.195321,0,2025
MK,2026-Q1,81773,0.202986,2.56729,1.417033,1.162749,1.941753,0.040637,44907.79056,0,2025
ML,2020-Q1,2024,,0,,,1.201581,0.121047,80.321218,0,2025
ML,2020-Q2,2296,,0.134387,,,1.103223,0.109756,91.115374,0,2025
ML,2020-Q3,2630,,0.299407,0.572624,,1.069962,0.09924,104.369962,0,2025
ML,2020-Q4,2930,,0.447628,0.512287,,1.086689,0.094198,116.275281,0,2025
ML,2021-Q1,3232,0.596838,0.596838,0.450186,,1.094988,0.087252,128.259969,0,2025
ML,2021-Q2,3589,0.563153,0.773221,0.487044,0.501575,1.119532,0.081081,142.427298,0,2025
ML,2021-Q3,4050,0.539924,1.000988,0.598272,0.516412,1.225679,0.075556,160.721805,0,2025
ML,2021-Q4,4432,0.512628,1.189723,1.064756,0.676011,1.279332,0.072428,175.881245,0,2025
ML,2022-Q1,4963,0.535582,1.452075,1.024582,0.820418,1.288938,0.068507,196.953659,0,2025
ML,2022-Q2,5489,0.529395,1.711957,0.813627,0.881641,1.308071,0.065586,217.827652,0,2025
ML,2022-Q3,6082,0.501728,2.004941,1.385235,1.082467,1.423874,0.061986,241.360499,0,2025
ML,2022-Q4,6747,0.522338,2.333498,1.143175,1.103432,1.506447,0.058989,267.750622,0,2025
ML,2023-Q1,7485,0.50816,2.698123,1.347762,1.189474,1.546025,0.05678,297.037707,0,2025
ML,2023-Q2,8109,0.477318,3.006423,0.886053,1.175492,1.569121,0.054754,321.80077,0,2025
ML,2023-Q3,8740,0.437027,3.318182,1.097483,1.112512,1.613272,0.05389,346.841624,0,2025
ML,2023-Q4,9363,0.387728,3.625988,0.836698,1.029736,1.6248,0.050198,371.565003,0,2025
ML,2024-Q1,10049,0.342552,3.964921,0.651309,0.859215,1.610509,0.049358,398.788499,0,2025
ML,2024-Q2,10543,0.30016,4.208992,0.666698,0.801137,1.651427,0.053306,418.392591,0,2025
ML,2024-Q3,11268,0.289245,4.567194,0.777157,0.731752,1.64803,0.051296,447.163778,0,2025
ML,2024-Q4,12066,0.28869,4.961462,0.661943,0.690206,1.607824,0.047737,478.831926,0,2025
ML,2025-Q1,14424,0.435367,6.126482,0.622781,0.678164,1.444052,0.0434,572.407733,0,2025
ML,2025-Q2,14507,0.375984,6.16749,0.771421,0.706362,1.560902,0.045357,575.701538,0,2025
ML,2025-Q3,22761,1.019968,10.245553,0.669039,0.680526,1.06498,0.029964,903.256545,0,2025
ML,2025-Q4,19094,0.582463,8.433794,0.826804,0.723151,1.385776,0.037184,757.733864,0,2025
ML,2026-Q1,21292,0.476151,9.519763,1.061009,0.834432,1.327776,0.034802,844.960167,0,2025
MM,2020-Q1,46306,,0,0.910206,,1.476936,0.112685,844.219744,0,2025
MM,2020-Q2,53678,,0.159202,0.958195,,1.442267,0.10278,978.621073,0,2025
MM,2020-Q3,62501,,0.349739,0.914753,,1.414009,0.093215,1139.476055,0,2025
MM,2020-Q4,70722,,0.527275,0.861019,0.907554,1.38657,0.086154,1289.355779,0,2025
MM,2021-Q1,74063,0.599426,0.599426,0.443339,0.775337,1.357101,0.082578,1350.266637,0,2025
MM,2021-Q2,75240,0.401692,0.624843,0.363278,0.630859,1.145906,0.078177,1371.724907,2,2025
MM,2021-Q3,78678,0.258828,0.699089,0.535334,0.546295,1.16715,0.074913,1434.404202,2,2025
MM,2021-Q4,82771,0.170371,0.787479,0.502724,0.463064,1.209614,0.072525,1509.025016,2,2025
MM,2022-Q1,87675,0.183789,0.893383,0.554765,0.492354,1.256618,0.069119,1598.431435,2,2025
MM,2022-Q2,92419,0.228323,0.995832,0.567903,0.541232,1.296562,0.066112,1684.920842,2,2025
MM,2022-Q3,97806,0.243118,1.112167,0.608644,0.560799,1.323007,0.063749,1783.132991,2,2025
MM,2022-Q4,103504,0.250486,1.235218,0.672003,0.60358,1.37729,0.061147,1887.015081,2,2025
MM,2023-Q1,110984,0.265857,1.396752,0.813622,0.671755,1.467293,0.060955,2023.385394,2,2025
MM,2023-Q2,117984,0.276621,1.54792,0.84436,0.74139,1.52413,0.058703,2151.00467,2,2025
MM,2023-Q3,126024,0.28851,1.721548,0.910811,0.816275,1.540849,0.056497,2297.584524,2,2025
MM,2023-Q4,132700,0.282076,1.865719,0.857408,0.858087,1.555441,0.055162,2419.296851,2,2025
MM,2024-Q1,141212,0.272364,2.04954,0.862561,0.868835,1.571056,0.053069,2574.481891,2,2025
MM,2024-Q2,144771,0.227039,2.126398,0.643465,0.814238,1.457025,0.05086,2639.367178,2,2025
MM,2024-Q3,146205,0.160136,2.157366,0.527239,0.718411,1.389385,0.04902,2665.510898,2,2025
MM,2024-Q4,147800,0.113791,2.191811,0.508857,0.633208,1.368207,0.048342,2694.589862,2,2025
MM,2025-Q1,150194,0.063606,2.243511,0.517631,0.548744,1.364355,0.047838,2738.235654,2,2025
MM,2025-Q2,153832,0.062589,2.322075,0.612577,0.542234,1.348835,0.047025,2804.561215,2,2025
MM,2025-Q3,168803,0.154564,2.645381,0.697944,0.588118,1.319248,0.043429,3077.502384,0,2025
MM,2025-Q4,182911,0.237558,2.95005,0.667144,0.628026,1.269432,0.040429,3334.70992,0,2025
MM,2026-Q1,199199,0.326278,3.301797,0.876716,0.721847,1.244198,0.038062,3631.661744,0,2025
MN,2020-Q1,14085,,0,0.664608,,1.445012,0.102165,3946.507936,0,2025
MN,2020-Q2,15661,,0.111892,0.664262,,1.4183,0.098972,4388.090932,0,2025
MN,2020-Q3,16783,,0.191551,0.602812,,1.435381,0.095215,4702.466645,0,2025
MN,2020-Q4,18774,,0.332907,0.793225,0.685619,1.416427,0.0889,5260.329428,0,2025
MN,2021-Q1,20975,0.489173,0.489173,0.786698,0.719086,1.413063,0.084052,5877.032585,0,2025
MN,2021-Q2,22932,0.464274,0.628115,0.782051,0.748062,1.447497,0.080542,6425.368831,2,2025
MN,2021-Q3,24417,0.454865,0.733546,0.519843,0.712071,1.448171,0.078265,6841.454332,2,2025
MN,2021-Q4,26261,0.398796,0.864466,0.753399,0.707438,1.453981,0.075625,7358.128854,2,2025
MN,2022-Q1,28674,0.367056,1.035783,0.815129,0.721374,1.510462,0.071145,8034.232769,2,2025
MN,2022-Q2,30465,0.328493,1.162939,0.815624,0.73485,1.560085,0.069588,8536.057101,2,2025
MN,2022-Q3,32416,0.3276,1.301455,0.734174,0.779224,1.594768,0.067837,9082.712194,2,2025
MN,2022-Q4,34816,0.325768,1.471849,1.116125,0.877409,1.618853,0.064424,9755.17361,2,2025
MN,2023-Q1,37356,0.302783,1.652183,1.032846,0.933626,1.630983,0.064916,10466.861942,0,2025
MN,2023-Q2,39974,0.312129,1.838055,1.167384,1.023132,1.640817,0.063816,11200.40527,0,2025
MN,2023-Q3,44701,0.37898,2.17366,0.519138,0.939215,1.54265,0.059238,12524.874068,0,2025
MN,2023-Q4,47717,0.370548,2.387788,0.773603,0.856375,1.527841,0.056605,13369.933914,0,2025
MN,2024-Q1,51603,0.381385,2.663685,0.717826,0.78169,1.498595,0.054319,14458.761023,2,2025
MN,2024-Q2,54134,0.35423,2.843379,0.710866,0.684535,1.509015,0.054254,15167.927625,2,2025
MN,2024-Q3,55960,0.251874,2.973021,0.533059,0.679362,1.542798,0.05461,15679.558686,0,2025
MN,2024-Q4,58876,0.233858,3.18005,0.964773,0.735158,1.56743,0.053859,16496.599307,0,2025
MN,2025-Q1,63542,0.231363,3.511324,0.859306,0.772932,1.533348,0.05195,17803.976376,0,2025
MN,2025-Q2,66663,0.231444,3.732907,1.204296,0.903996,1.562636,0.052638,18678.45641,0,2025
MN,2025-Q3,72201,0.290225,4.126092,0.840681,0.965945,1.527555,0.050041,20230.161127,0,2025
MN,2025-Q4,80716,0.370949,4.730635,1.046682,0.989206,1.472756,0.046657,22615.998193,0,2025
MN,2026-Q1,89495,0.408439,5.353923,1.343125,1.118392,1.437991,0.043768,25075.806015,0,2025
MO,2020-Q1,8400,,0,0.89131,,2.2675,0.06131,12246.68319,0,2025
MO,2020-Q2,8842,,0.052619,1.171228,,2.12565,0.062656,12891.091996,0,2025
MO,2020-Q3,9730,,0.158333,1.293628,,2.297122,0.059815,14185.741362,0,2025
MO,2020-Q4,10716,,0.275714,1.191303,1.146147,2.284714,0.058324,15623.268698,0,2025
MO,2021-Q1,11353,0.351548,0.351548,1.114771,1.190054,2.270501,0.053818,16551.975507,0,2025
MO,2021-Q2,11957,0.352296,0.423452,1.004349,1.143112,2.389981,0.053525,17432.570346,0,2025
MO,2021-Q3,12461,0.280678,0.483452,0.961721,1.062985,2.178958,0.050156,18167.371337,0,2025
MO,2021-Q4,13383,0.24888,0.593214,1.081148,1.039956,2.217664,0.048644,19511.590611,0,2025
MO,2022-Q1,14310,0.26046,0.703571,1.118519,1.04523,2.133124,0.045283,20863.099577,0,2025
MO,2022-Q2,15107,0.263444,0.798452,1.334679,1.133204,2.138942,0.044946,22025.076542,0,2025
MO,2022-Q3,15762,0.264907,0.876429,0.869116,1.098613,2.02081,0.043903,22980.026243,0,2025
MO,2022-Q4,16912,0.263693,1.013333,0.807651,1.023127,2.194004,0.046653,24656.655489,0,2025
MO,2023-Q1,18327,0.280713,1.181786,0.697441,0.912189,2.095324,0.045779,26719.638431,0,2025
MO,2023-Q2,19432,0.286291,1.313333,0.778098,0.784575,2.123044,0.044103,28330.660446,0,2025
MO,2023-Q3,20650,0.310113,1.458333,0.660194,0.732784,2.00707,0.042567,30106.429509,0,2025
MO,2023-Q4,22199,0.312618,1.642738,0.710798,0.711021,1.999414,0.041804,32364.776206,0,2025
MO,2024-Q1,23633,0.289518,1.813452,0.732197,0.719743,1.939153,0.039479,34455.45998,0,2025
MO,2024-Q2,24619,0.266931,1.930833,0.800885,0.729224,1.945164,0.035785,35892.987316,0,2025
MO,2024-Q3,25484,0.234092,2.03381,0.731871,0.744786,1.86003,0.03461,37154.104097,0,2025
MO,2024-Q4,27494,0.238524,2.273095,0.759984,0.756367,1.852659,0.036153,40084.560432,0,2025
MO,2025-Q1,30806,0.303516,2.667381,0.773226,0.766427,1.973544,0.035155,44913.252661,0,2025
MO,2025-Q2,33053,0.342581,2.934881,0.842828,0.78078,1.864974,0.034097,48189.240414,0,2025
MO,2025-Q3,34732,0.362894,3.134762,0.62821,0.748638,1.722964,0.031527,50637.119114,0,2025
MO,2025-Q4,37660,0.369753,3.483333,0.790574,0.757939,1.650929,0.029209,54905.962968,0,2025
MO,2026-Q1,40701,0.321204,3.845357,1.073659,0.842644,1.490062,0.025601,59339.553871,0,2025
MP,2020-Q1,280,,0,,,0.917857,,6430.72047,0,2025
MP,2020-Q2,311,,0.110714,,,1.045016,,7142.693094,0,2025
MP,2020-Q3,350,,0.25,,,1.197143,,8038.400588,0,2025
MP,2020-Q4,387,,0.382143,,,1.459948,,8888.174364,0,2025
MP,2021-Q1,422,0.507143,0.507143,,,1.383886,,9692.014423,0,2025
MP,2021-Q2,457,0.469453,0.632143,,,1.380744,,10495.854482,0,2025
MP,2021-Q3,486,0.388571,0.735714,,,1.534979,,11161.893388,0,2025
MP,2021-Q4,512,0.322997,0.828571,,,1.4375,,11759.031717,0,2025
MP,2022-Q1,554,0.312796,0.978571,,,1.750903,,12723.639788,0,2025
MP,2022-Q2,581,0.271335,1.075,,,1.523236,,13343.744976,0,2025
MP,2022-Q3,635,0.306584,1.267857,,,1.404724,,14583.955352,0,2025
MP,2022-Q4,653,0.275391,1.332143,,,1.569678,,14997.358811,0,2025
MP,2023-Q1,693,0.250903,1.475,,,2.468975,,15916.033164,0,2025
MP,2023-Q2,742,0.277108,1.65,,,2.367925,,17041.409246,0,2025
MP,2023-Q3,820,0.291339,1.928571,,,2.284146,,18832.824235,0,2025
MP,2023-Q4,844,0.292496,2.014286,,,2.356635,,19384.028846,0,2025
MP,2024-Q1,887,0.279942,2.167857,,,2.259301,,20371.603776,0,2025
MP,2024-Q2,931,0.254717,2.325,,,2.214823,,21382.145564,0,2025
MP,2024-Q3,978,0.192683,2.492857,,,2.265849,,22461.587929,0,2025
MP,2024-Q4,1066,0.263033,2.807143,,,2.340525,,24482.671505,0,2025
MP,2025-Q1,1108,0.249154,2.957143,,,2.216606,,25447.279576,0,2025
MP,2025-Q2,1182,0.269603,3.221429,,,2.104907,,27146.827128,0,2025
MP,2025-Q3,1290,0.319018,3.607143,,,2.054264,,29627.247881,0,2025
MP,2025-Q4,1312,0.230769,3.685714,,,1.878811,,30132.518775,0,2025
MP,2026-Q1,1371,0.237365,3.896429,,,1.927061,,31487.563446,0,2025
MQ,2020-Q1,1546,,0,,,1.366106,0.078266,,0,
MQ,2020-Q2,1742,,0.126779,,,1.54822,0.071183,,0,
MQ,2020-Q3,1884,,0.218629,,,1.677282,0.072187,,0,
MQ,2020-Q4,2025,,0.309832,,,1.89679,0.072099,,0,
MQ,2021-Q1,2215,0.43273,0.43273,0.81219,,1.791874,0.070429,,0,
MQ,2021-Q2,2352,0.350172,0.521345,,,1.81335,0.070153,,0,
MQ,2021-Q3,2498,0.325902,0.615783,1.20056,,1.93795,0.067254,,0,
MQ,2021-Q4,2621,0.294321,0.695343,,,1.652804,0.065242,,0,
MQ,2022-Q1,2841,0.282619,0.837646,1.276311,,1.729321,0.062654,,0,
MQ,2022-Q2,2993,0.272534,0.935964,2.06983,,1.789175,0.062479,,0,
MQ,2022-Q3,3167,0.267814,1.048512,1.304389,,1.770129,0.054626,,0,
MQ,2022-Q4,3286,0.25372,1.125485,0.940962,1.387157,1.707243,0.053256,,0,
MQ,2023-Q1,3498,0.231257,1.262613,0.860492,1.269159,1.934248,0.054031,,0,
MQ,2023-Q2,3720,0.2429,1.40621,0.86371,0.983542,1.95457,0.052688,,0,
MQ,2023-Q3,3906,0.233344,1.52652,0.550691,0.795697,1.807988,0.049411,,0,
MQ,2023-Q4,4086,0.243457,1.64295,0.5372,0.694872,1.622124,0.050171,,0,
MQ,2024-Q1,4360,0.246427,1.820181,0.565826,0.623818,1.62133,0.051606,,0,
MQ,2024-Q2,4618,0.241398,1.987063,1.082936,0.69617,1.581637,0.047856,,0,
MQ,2024-Q3,4807,0.230671,2.109314,1.023091,0.815903,1.530476,0.048055,,0,
MQ,2024-Q4,5021,0.22883,2.247736,1.015734,0.92981,1.618204,0.044812,,0,
MQ,2025-Q1,5469,0.254358,2.537516,0.455842,0.879337,1.681295,0.045712,,0,
MQ,2025-Q2,5967,0.292118,2.859638,0.445282,0.713318,1.406737,0.043238,,0,
MQ,2025-Q3,6373,0.325775,3.122251,0.897223,0.699431,1.368743,0.041111,,0,
MQ,2025-Q4,6943,0.382792,3.490944,1.274809,0.796663,1.335446,0.038456,,0,
MQ,2026-Q1,7814,0.42878,4.054334,1.539544,1.079677,1.327873,0.036729,,0,
MR,2020-Q1,1519,,0,,,1.35418,0.109941,285.791425,0,2025
MR,2020-Q2,1808,,0.190257,0.535398,,1.294801,0.097345,340.165172,0,2025
MR,2020-Q3,2004,,0.319289,0.57984,,1.379242,0.090818,377.041485,0,2025
MR,2020-Q4,2166,,0.425938,0.507849,,1.401662,0.085873,407.520886,0,2025
MR,2021-Q1,2407,0.584595,0.584595,0.587038,0.553727,1.514333,0.07769,452.8637,0,2025
MR,2021-Q2,2661,0.471792,0.75181,0.646749,0.584109,1.48478,0.078542,500.652391,0,2025
MR,2021-Q3,2910,0.452096,0.915734,0.455326,0.548009,1.5811,0.075258,547.50036,0,2025
MR,2021-Q4,3116,0.438596,1.05135,0.331194,0.494952,1.537869,0.073813,586.258117,0,2025
MR,2022-Q1,3515,0.460324,1.314022,0.618777,0.512457,1.614509,0.069417,661.327754,0,2025
MR,2022-Q2,3826,0.437805,1.518762,0.604809,0.512157,1.687402,0.066649,719.840679,0,2025
MR,2022-Q3,4158,0.428866,1.737327,0.638047,0.559288,1.709957,0.061809,782.304638,0,2025
MR,2022-Q4,4452,0.428755,1.930876,0.517296,0.592126,1.648697,0.058176,837.619107,0,2025
MR,2023-Q1,4880,0.388336,2.21264,0.481557,0.555556,1.696516,0.055943,918.144933,0,2025
MR,2023-Q2,5399,0.411134,2.554312,0.769402,0.606702,1.63734,0.051121,1015.791905,0,2025
MR,2023-Q3,5907,0.420635,2.888743,0.849501,0.669881,1.645336,0.049433,1111.369287,0,2025
MR,2023-Q4,6348,0.425876,3.179065,0.543163,0.664329,1.577347,0.046786,1194.340991,0,2025
MR,2024-Q1,6994,0.433197,3.604345,0.798685,0.73864,1.612096,0.046468,1315.882308,0,2025
MR,2024-Q2,7560,0.400259,3.976959,0.85754,0.765974,1.640608,0.044974,1422.372069,0,2025
MR,2024-Q3,8013,0.356526,4.275181,0.855235,0.773647,1.727692,0.043679,1507.601506,0,2025
MR,2024-Q4,8694,0.369565,4.723502,0.917184,0.860369,1.680354,0.041293,1635.727879,0,2025
MR,2025-Q1,9801,0.401344,5.452271,0.875013,0.877246,1.642894,0.0402,1844.003789,0,2025
MR,2025-Q2,10906,0.442593,6.179724,1.059417,0.934329,1.638823,0.038786,2051.90341,0,2025
MR,2025-Q3,12463,0.555348,7.20474,0.930193,0.948237,1.572575,0.036027,2344.844325,0,2025
MR,2025-Q4,14250,0.639061,8.381172,1.262456,1.048355,1.499298,0.033123,2681.058463,0,2025
MR,2026-Q1,16255,0.658504,9.701119,1.336881,1.166945,1.523285,0.031436,3058.288092,0,2025
MS,2025-Q2,228,,,,,0.548246,,,0,
MS,2025-Q3,117,,,,,1.222222,,,0,
MS,2025-Q4,120,,,,,1.175,,,0,
MS,2026-Q1,124,,,,,1.145161,,,0,
MT,2020-Q1,12791,,0,1.778203,,2.002033,0.053241,22064.708886,0,2025
MT,2020-Q2,13594,,0.062779,1.989922,,1.971532,0.055907,23449.898569,0,2025
MT,2020-Q3,14242,,0.113439,1.203834,,1.917638,0.054697,24567.710418,0,2025
MT,2020-Q4,15210,,0.189117,1.403419,1.581156,1.977909,0.054767,26237.528118,0,2025
MT,2021-Q1,16034,0.253538,0.253538,1.697206,1.56999,1.981227,0.055133,27658.943185,0,2025
MT,2021-Q2,16874,0.241283,0.319209,1.43007,1.440587,1.981569,0.0579,29107.958544,0,2025
MT,2021-Q3,17532,0.231007,0.370651,1.160392,1.417121,1.989334,0.057495,30243.020576,0,2025
MT,2021-Q4,18402,0.209862,0.438668,1.335833,1.39842,2.00125,0.057439,31743.786484,0,2025
MT,2022-Q1,19682,0.227517,0.538738,1.364292,1.323065,2.005081,0.058531,33951.809889,0,2025
MT,2022-Q2,20993,0.244103,0.641232,1.298528,1.292772,2.025485,0.058305,36213.308861,0,2025
MT,2022-Q3,21820,0.244581,0.705887,1.104308,1.270628,1.971632,0.054995,37639.898983,0,2025
MT,2022-Q4,22996,0.249647,0.797827,1.353409,1.27886,2.012002,0.055923,39668.520486,0,2025
MT,2023-Q1,24084,0.223656,0.882886,1.242069,1.250298,2.038822,0.053936,41545.340381,0,2025
MT,2023-Q2,25615,0.220169,1.00258,1.246184,1.23847,2.011595,0.05528,44186.343375,0,2025
MT,2023-Q3,26551,0.216819,1.075756,0.949531,1.190668,1.977892,0.056382,45800.96049,0,2025
MT,2023-Q4,27912,0.213776,1.182159,1.002185,1.104232,1.984953,0.055675,48148.710376,0,2025
MT,2024-Q1,29282,0.215828,1.289266,1.169456,1.091341,1.94792,0.055563,50511.985427,0,2025
MT,2024-Q2,30118,0.175795,1.354624,1.080185,1.053556,2.007869,0.056411,51954.100713,0,2025
MT,2024-Q3,31172,0.174042,1.437026,0.893013,1.034629,2.027621,0.05845,53772.269986,0,2025
MT,2024-Q4,32707,0.17179,1.557032,0.882808,1.001695,1.982634,0.061455,56420.173054,0,2025
MT,2025-Q1,34703,0.185131,1.71308,1.2896,1.041158,1.936576,0.074403,59863.309551,0,2025
MT,2025-Q2,36364,0.207384,1.842936,1.313662,1.105879,1.990485,0.077137,62728.564923,0,2025
MT,2025-Q3,38256,0.227255,1.990853,1.170901,1.170112,1.94312,0.068408,65992.299518,0,2025
MT,2025-Q4,40546,0.239673,2.169885,1.305456,1.269429,1.899497,0.066813,69942.591391,0,2025
MT,2026-Q1,43600,0.256376,2.408647,1.990275,1.462977,1.860115,0.066904,75210.797234,0,2025
MU,2020-Q1,10812,,0,0.873289,,2.072697,0.063171,8693.128232,0,2025
MU,2020-Q2,11946,,0.104883,1.027122,,1.959568,0.061862,9604.893623,0,2025
MU,2020-Q3,12663,,0.171199,0.828872,,1.961384,0.059701,10181.380207,0,2025
MU,2020-Q4,13753,,0.272013,0.825783,0.885936,1.982404,0.06035,11057.768458,0,2025
MU,2021-Q1,14686,0.358306,0.358306,1.007218,0.922089,1.950701,0.05924,11807.92464,0,2025
MU,2021-Q2,15767,0.319856,0.458287,1.121646,0.955354,1.900488,0.057715,12677.076658,0,2025
MU,2021-Q3,16411,0.29598,0.517851,0.843641,0.951532,1.849187,0.05606,13194.86935,0,2025
MU,2021-Q4,17571,0.277612,0.625139,1.133402,1.027966,1.844118,0.05344,14127.539415,0,2025
MU,2022-Q1,20938,0.425712,0.936552,1.101013,1.053914,1.900468,0.048572,16834.694683,2,2025
MU,2022-Q2,22962,0.456333,1.123751,0.889862,0.991834,1.820399,0.045205,18462.043142,0,2025
MU,2022-Q3,22815,0.390226,1.110155,0.834013,0.977968,1.89954,0.046899,18343.851332,0,2025
MU,2022-Q4,23280,0.32491,1.153163,0.78067,0.896583,1.866581,0.046778,18717.723385,0,2025
MU,2023-Q1,24546,0.172318,1.270255,0.858022,0.840742,1.992341,0.04628,19735.620197,0,2025
MU,2023-Q2,26021,0.13322,1.406678,0.953153,0.859335,1.937858,0.045386,20921.558427,0,2025
MU,2023-Q3,27044,0.185361,1.501295,0.884485,0.871802,1.901568,0.044742,21744.076942,0,2025
MU,2023-Q4,28228,0.212543,1.610803,0.723785,0.85237,1.880757,0.04492,22696.04363,0,2025
MU,2024-Q1,29765,0.212621,1.75296,0.72088,0.81588,1.820326,0.044515,23931.831467,0,2025
MU,2024-Q2,30952,0.189501,1.862745,0.700569,0.754313,1.788027,0.044004,24886.210232,0,2025
MU,2024-Q3,32198,0.190578,1.977987,0.661345,0.700544,1.794428,0.043854,25888.026526,0,2025
MU,2024-Q4,33624,0.191158,2.109878,0.663425,0.685496,1.810463,0.043778,27034.567486,0,2025
MU,2025-Q1,37290,0.252814,2.448946,0.666613,0.672388,1.858246,0.041405,29982.126504,0,2025
MU,2025-Q2,39183,0.265928,2.624029,0.867825,0.720074,2.014445,0.041753,31504.147568,0,2025
MU,2025-Q3,41768,0.297223,2.863115,1.100077,0.837039,1.933179,0.039911,33582.554567,0,2025
MU,2025-Q4,45903,0.365186,3.24556,1.444394,1.042451,1.907915,0.038429,36907.201741,0,2025
MU,2026-Q1,50296,0.34878,3.651868,1.595952,1.278713,1.727791,0.037399,40439.287601,0,2025
MV,2020-Q1,3770,,0,0.771618,,1.316976,0.066578,7117.558659,0,2025
MV,2020-Q2,4333,,0.149337,1.432956,,1.28433,0.068082,8180.472591,0,2025
MV,2020-Q3,4861,,0.28939,0.857231,,1.279778,0.068504,9177.308392,0,2025
MV,2020-Q4,5406,,0.433952,0.895856,0.986826,1.315945,0.064928,10206.239286,0,2025
MV,2021-Q1,5950,0.578249,0.578249,0.686723,0.939416,1.34,0.066387,11233.282233,0,2025
MV,2021-Q2,6548,0.511193,0.73687,0.779475,0.799473,1.396457,0.064905,12362.274296,0,2025
MV,2021-Q3,7110,0.462662,0.885942,0.649086,0.745503,1.396062,0.064276,13423.300282,0,2025
MV,2021-Q4,7701,0.424528,1.042706,0.620828,0.680581,1.425399,0.065056,14539.076719,0,2025
MV,2022-Q1,8324,0.398992,1.207958,0.518381,0.633865,1.396925,0.06223,15715.267447,0,2025
MV,2022-Q2,8798,0.343616,1.333687,0.801318,0.650142,1.408957,0.061946,16610.154132,0,2025
MV,2022-Q3,9363,0.316878,1.483554,0.673822,0.656848,1.409698,0.061946,17676.843957,0,2025
MV,2022-Q4,9933,0.289832,1.634748,0.599215,0.648745,1.425451,0.059297,18752.973516,0,2025
MV,2023-Q1,10664,0.281115,1.828647,0.596493,0.662366,1.360184,0.058796,20133.062476,0,2025
MV,2023-Q2,11501,0.307229,2.050663,0.51952,0.593256,1.34797,0.056256,21713.273775,0,2025
MV,2023-Q3,12131,0.295632,2.217772,0.572335,0.570463,1.329569,0.056549,22902.680129,0,2025
MV,2023-Q4,12777,0.286318,2.389125,0.6435,0.58422,1.335525,0.055882,24122.293629,0,2025
MV,2024-Q1,13461,0.262284,2.570557,0.634054,0.595047,1.300943,0.054528,25413.649099,0,2025
MV,2024-Q2,14062,0.222676,2.729973,0.586119,0.60922,1.299531,0.053193,26548.305002,0,2025
MV,2024-Q3,14763,0.216965,2.915915,0.618777,0.619908,1.295672,0.053783,27871.755564,0,2025
MV,2024-Q4,15540,0.216248,3.122016,0.562741,0.599332,1.313449,0.054311,29338.690067,0,2025
MV,2025-Q1,16643,0.236387,3.414589,0.609385,0.594414,1.2961,0.051673,31421.09516,0,2025
MV,2025-Q2,17988,0.279192,3.771353,0.672949,0.617966,1.275739,0.052201,33960.383329,0,2025
MV,2025-Q3,19367,0.311861,4.137135,1.010327,0.72707,1.273248,0.049724,36563.861681,0,2025
MV,2025-Q4,21032,0.353411,4.57878,0.987638,0.834146,1.257275,0.048402,39707.29276,0,2025
MV,2026-Q1,22798,0.369825,5.047215,1.423414,1.045698,1.237038,0.047855,43041.406445,0,2025
MW,2020-Q1,3510,,0,0.574359,,1.170085,0.061254,157.993385,0,2025
MW,2020-Q2,3902,,0.111681,0.697078,,1.161968,0.062276,175.63823,0,2025
MW,2020-Q3,4281,,0.219658,0.601962,,1.174726,0.062369,192.697915,0,2025
MW,2020-Q4,4660,,0.327635,0.653863,0.633523,1.20794,0.061159,209.757599,0,2025
MW,2021-Q1,4976,0.417664,0.417664,0.572146,0.628037,1.241158,0.062701,223.981505,0,2025
MW,2021-Q2,5428,0.391081,0.546439,0.802506,0.663065,1.287399,0.063928,244.327092,0,2025
MW,2021-Q3,5972,0.395001,0.701425,1.172806,0.820213,1.334561,0.062458,268.813816,0,2025
MW,2021-Q4,6658,0.428755,0.896866,0.982127,0.900669,1.36137,0.059027,299.692296,0,2025
MW,2022-Q1,7286,0.464228,1.075783,1.153994,1.037997,1.436042,0.061213,327.960058,0,2025
MW,2022-Q2,8083,0.48913,1.302849,1.945317,1.345584,1.570333,0.05827,363.834909,2,2025
MW,2022-Q3,9038,0.513396,1.574929,3.022018,1.866538,1.608984,0.054879,406.821713,2,2025
MW,2022-Q4,9754,0.465005,1.778917,2.401374,2.191622,1.637995,0.052799,439.050563,2,2025
MW,2023-Q1,10958,0.50398,2.121937,3.707063,2.830386,1.643731,0.05083,493.245445,0,2025
MW,2023-Q2,12064,0.492515,2.437037,2.4593,2.894413,1.641247,0.049237,543.029116,0,2025
MW,2023-Q3,13058,0.444789,2.720228,1.970133,2.605926,1.688467,0.04771,587.771402,0,2025
MW,2023-Q4,13922,0.427312,2.966382,1.452593,2.324707,1.708519,0.049131,626.662081,0,2025
MW,2024-Q1,15698,0.432561,3.472365,1.275131,1.747013,1.660785,0.046375,706.604033,2,2025
MW,2024-Q2,17100,0.41744,3.871795,1.412164,1.507478,1.689123,0.045497,769.711363,0,2025
MW,2024-Q3,18621,0.426022,4.305128,0.991354,1.267933,1.717147,0.046238,838.175163,2,2025
MW,2024-Q4,19954,0.433271,4.6849,1.11742,1.189834,1.671795,0.045104,898.176639,2,2025
MW,2025-Q1,21961,0.398968,5.256695,0.885752,1.086571,1.635399,0.043805,988.516447,2,2025
MW,2025-Q2,23826,0.393333,5.788034,1.39927,1.108888,1.641946,0.043146,1072.464499,2,2025
MW,2025-Q3,27549,0.479459,6.848718,1.191259,1.156673,1.540854,0.038804,1240.045516,0,2025
MW,2025-Q4,31019,0.554525,7.837322,1.309875,1.209717,1.513782,0.03701,1396.238407,0,2025
MW,2026-Q1,35746,0.627704,9.184046,1.821043,1.454909,1.453701,0.034829,1609.011835,0,2025
MX,2020-Q1,537945,,0,1.064627,,2.025895,0.068206,4076.980967,3,2025
MX,2020-Q2,595987,,0.107896,1.348858,,1.987295,0.065877,4516.870044,6,2025
MX,2020-Q3,666919,,0.239753,1.096437,,1.911459,0.062148,5054.449934,6,2025
MX,2020-Q4,735164,,0.366616,1.098095,1.149492,1.884884,0.058988,5571.665572,6,2025
MX,2021-Q1,827563,0.538378,0.538378,1.001625,1.122341,1.811368,0.055027,6271.939697,8,2025
MX,2021-Q2,896220,0.503758,0.666007,1.086962,1.069009,1.804897,0.053128,6792.277803,9,2025
MX,2021-Q3,980147,0.469664,0.822021,0.903597,1.016548,1.775764,0.050543,7428.344281,8,2025
MX,2021-Q4,1047463,0.424802,0.947156,0.9351,0.977825,1.788705,0.048457,7938.519207,11,2025
MX,2022-Q1,1129550,0.364911,1.09975,0.935462,0.961161,1.81568,0.046773,8560.640682,11,2025
MX,2022-Q2,1200917,0.33998,1.232416,1.023892,0.952576,1.829483,0.045225,9101.517353,12,2025
MX,2022-Q3,1274130,0.299938,1.368514,0.83599,0.930965,1.823584,0.04419,9656.3845,12,2025
MX,2022-Q4,1339349,0.27866,1.489751,0.889372,0.918821,1.841313,0.04299,10150.66667,13,2025
MX,2023-Q1,1418639,0.255933,1.637145,0.830067,0.891168,1.84245,0.042571,10751.590223,14,2025
MX,2023-Q2,1504115,0.252472,1.796039,0.886709,0.861166,1.832538,0.041422,11399.396272,14,2025
MX,2023-Q3,1588610,0.246819,1.953109,0.714341,0.826782,1.812712,0.040374,12039.767513,15,2025
MX,2023-Q4,1672397,0.248664,2.108862,0.787891,0.802708,1.807501,0.039555,12674.772958,13,2025
MX,2024-Q1,1785060,0.258291,2.318295,0.686402,0.765087,1.778998,0.038443,13528.624015,12,2025
MX,2024-Q2,1852119,0.231368,2.442952,0.823474,0.754244,1.798471,0.038243,14036.851188,12,2025
MX,2024-Q3,1931434,0.215801,2.590393,0.689039,0.745606,1.79554,0.037805,14637.964211,12,2025
MX,2024-Q4,2009830,0.201766,2.736125,0.810986,0.753613,1.805526,0.037593,15232.112312,11,2025
MX,2025-Q1,2121070,0.188235,2.942912,0.751072,0.768092,1.806971,0.037223,16075.178727,11,2025
MX,2025-Q2,2237748,0.20821,3.159808,0.973785,0.81119,1.808637,0.036564,16959.458691,11,2025
MX,2025-Q3,2426573,0.256358,3.51082,0.84011,0.845993,1.752735,0.034804,18390.526795,11,2025
MX,2025-Q4,2637576,0.312338,3.903059,1.012518,0.900072,1.706585,0.033149,19989.677666,14,2025
MX,2026-Q1,2865151,0.350805,4.326104,1.114117,0.991476,1.667344,0.032264,21714.424515,18,2025
MY,2020-Q1,230371,,0,0.729736,,1.672155,0.077045,6403.136286,0,2025
MY,2020-Q2,257191,,0.116421,0.899985,,1.635442,0.072934,7148.595199,0,2025
MY,2020-Q3,280133,,0.216008,0.8112,,1.622072,0.069649,7786.265534,0,2025
MY,2020-Q4,306282,,0.329516,0.856854,0.828007,1.595043,0.066334,8513.074076,0,2025
MY,2021-Q1,330302,0.433783,0.433783,0.813934,0.843333,1.567953,0.063702,9180.707301,2,2025
MY,2021-Q2,358033,0.39209,0.554158,0.820489,0.825487,1.542282,0.062254,9951.487357,2,2025
MY,2021-Q3,389910,0.391875,0.692531,0.806055,0.822905,1.503957,0.059001,10837.505022,2,2025
MY,2021-Q4,421744,0.376979,0.830717,0.765367,0.799795,1.487971,0.056065,11722.327506,2,2025
MY,2022-Q1,452665,0.370458,0.964939,0.723955,0.775756,1.476858,0.053485,12581.773257,3,2025
MY,2022-Q2,481625,0.345197,1.090649,0.719722,0.751125,1.465024,0.05148,13386.713232,2,2025
MY,2022-Q3,505696,0.296956,1.195137,0.692778,0.723773,1.479844,0.050133,14055.763996,2,2025
MY,2022-Q4,531869,0.261118,1.30875,0.667986,0.699829,1.463204,0.048897,14783.239615,2,2025
MY,2023-Q1,562878,0.243476,1.443354,0.693108,0.692767,1.472506,0.048547,15645.131317,7,2025
MY,2023-Q2,603511,0.253072,1.619735,0.730257,0.697142,1.446383,0.046712,16774.521026,7,2025
MY,2023-Q3,636916,0.259484,1.76474,0.676199,0.692375,1.437854,0.045593,17703.00928,3,2025
MY,2023-Q4,679803,0.27814,1.950905,0.710538,0.702572,1.415498,0.044019,18895.048669,7,2025
MY,2024-Q1,727457,0.292388,2.157763,0.667095,0.694836,1.39244,0.042217,20219.586291,3,2025
MY,2024-Q2,746628,0.237141,2.240981,0.718118,0.693405,1.409024,0.04248,20752.442101,2,2025
MY,2024-Q3,775713,0.21792,2.367234,0.661005,0.688567,1.421013,0.042263,21560.856436,2,2025
MY,2024-Q4,815620,0.199789,2.540463,0.724831,0.693343,1.43545,0.041729,22670.067056,3,2025
MY,2025-Q1,861302,0.18399,2.738761,0.728386,0.708746,1.453518,0.041067,23939.793158,3,2025
MY,2025-Q2,913274,0.223198,2.964362,0.958645,0.774472,1.440354,0.03965,25384.34911,3,2025
MY,2025-Q3,977950,0.260711,3.245109,0.875844,0.826924,1.422246,0.038484,27182.011326,4,2025
MY,2025-Q4,1058378,0.297636,3.594233,0.99533,0.895544,1.394971,0.036957,29417.498628,4,2025
MY,2026-Q1,1139033,0.322455,3.944342,1.20243,1.016251,1.404639,0.035854,31659.29537,8,2025
MZ,2020-Q1,5748,,0,0.811239,,1.797147,0.102122,161.317242,0,2025
MZ,2020-Q2,6616,,0.151009,1.11714,,1.763755,0.097189,185.677605,0,2025
MZ,2020-Q3,7439,,0.294189,1.161715,,1.756553,0.091948,208.775046,0,2025
MZ,2020-Q4,8057,,0.401705,0.847089,0.987832,1.743949,0.089984,226.119176,0,2025
MZ,2021-Q1,8672,0.508699,0.508699,0.892412,0.993925,1.79428,0.090521,243.37911,0,2025
MZ,2021-Q2,9439,0.426693,0.642136,0.970442,0.963073,1.843098,0.08984,264.904915,0,2025
MZ,2021-Q3,10248,0.377605,0.782881,1.034641,0.942635,1.897053,0.086651,287.609447,0,2025
MZ,2021-Q4,10886,0.351123,0.893876,0.986864,0.974519,1.948007,0.083134,305.514875,0,2025
MZ,2022-Q1,11594,0.336946,1.017049,1.036657,1.00849,2.000949,0.081076,325.384848,0,2025
MZ,2022-Q2,12397,0.313381,1.15675,1.105025,1.04297,2.006534,0.077115,347.92099,0,2025
MZ,2022-Q3,13304,0.298205,1.314544,1.313891,1.119549,2.087117,0.073587,373.375886,0,2025
MZ,2022-Q4,14099,0.29515,1.452853,1.891127,1.359322,2.113058,0.072133,395.687509,0,2025
MZ,2023-Q1,15224,0.313093,1.648573,1.890962,1.574404,2.124015,0.069693,427.26056,0,2025
MZ,2023-Q2,16488,0.329999,1.868476,1.437652,1.634695,2.091824,0.066169,462.734637,0,2025
MZ,2023-Q3,18020,0.35448,2.135003,1.554828,1.679012,2.06232,0.066204,505.730116,0,2025
MZ,2023-Q4,19302,0.369033,2.358038,1.155942,1.48944,2.053466,0.064553,541.709362,0,2025
MZ,2024-Q1,20691,0.359104,2.599687,1.042627,1.283298,2.046204,0.063409,580.691555,0,2025
MZ,2024-Q2,22126,0.341946,2.849339,0.845611,1.130698,2.049896,0.062641,620.964736,0,2025
MZ,2024-Q3,23664,0.313208,3.11691,0.962939,0.995325,2.055232,0.061148,664.128605,2,2025
MZ,2024-Q4,25173,0.304165,3.379436,0.852302,0.922218,2.030588,0.058714,706.478591,0,2025
MZ,2025-Q1,27571,0.332512,3.796625,1.045845,0.931526,1.998041,0.056654,773.778303,0,2025
MZ,2025-Q2,31294,0.414354,4.444328,1.25417,1.042924,1.936793,0.053429,878.264054,2,2025
MZ,2025-Q3,37308,0.576572,5.490605,1.294977,1.136016,1.823121,0.047604,1047.046568,0,2025
MZ,2025-Q4,42814,0.700791,6.448504,1.396226,1.267557,1.797496,0.043584,1201.572097,0,2025
MZ,2026-Q1,48751,0.768198,7.481385,1.741708,1.450043,1.754036,0.040266,1368.193611,0,2025
NA,2020-Q1,1870,,0,0.86738,,1.970588,0.080214,604.626981,0,2025
NA,2020-Q2,2549,,0.363102,1.16124,,1.696352,0.06787,824.168007,0,2025
NA,2020-Q3,3126,,0.671658,1.083173,,1.579335,0.060781,1010.729381,0,2025
NA,2020-Q4,3687,,0.971658,0.840792,0.985399,1.549227,0.057499,1192.117475,0,2025
NA,2021-Q1,4078,1.180749,1.180749,1.813879,1.253199,1.430848,0.057381,1318.53948,0,2025
NA,2021-Q2,4886,0.91683,1.612834,1.137331,1.232173,1.489357,0.062219,1579.790068,0,2025
NA,2021-Q3,5388,0.723608,1.881283,0.678916,1.092744,1.467149,0.06069,1742.101696,0,2025
NA,2021-Q4,5797,0.572281,2.1,0.69536,1.024517,1.489736,0.055201,1874.34364,0,2025
NA,2022-Q1,6269,0.537273,2.352406,1.24007,0.940913,1.458287,0.054714,2026.95537,0,2025
NA,2022-Q2,6826,0.397053,2.650267,0.721067,0.83958,1.481248,0.054058,2207.050145,0,2025
NA,2022-Q3,7483,0.388827,3.001604,1.107043,0.948284,1.468395,0.052385,2419.477913,0,2025
NA,2022-Q4,8057,0.389857,3.308556,1.182326,1.06534,1.540896,0.052501,2605.069296,0,2025
NA,2023-Q1,8625,0.375818,3.612299,1.80429,1.235649,1.538319,0.052058,2788.7207,0,2025
NA,2023-Q2,9315,0.364635,3.981283,0.975631,1.26822,1.500698,0.048631,3011.818356,0,2025
NA,2023-Q3,10175,0.359749,4.441176,1.116658,1.25893,1.452678,0.047469,3289.882101,0,2025
NA,2023-Q4,10664,0.32357,4.702674,0.696549,1.120194,1.444767,0.044636,3447.99044,0,2025
NA,2024-Q1,11434,0.325681,5.114439,0.771471,0.882442,1.431957,0.045041,3696.954491,0,2025
NA,2024-Q2,12138,0.30306,5.490909,1.013429,0.898696,1.433515,0.043912,3924.578766,0,2025
NA,2024-Q3,13064,0.283931,5.986096,0.669397,0.788478,1.433099,0.043478,4223.982287,0,2025
NA,2024-Q4,14035,0.31611,6.505348,0.729177,0.791399,1.378269,0.043178,4537.935655,0,2025
NA,2025-Q1,15240,0.332867,7.149733,0.425853,0.69332,1.327559,0.040617,4927.548228,0,2025
NA,2025-Q2,16530,0.361839,7.839572,0.79147,0.654878,1.326618,0.039685,5344.643846,0,2025
NA,2025-Q3,18302,0.400949,8.787166,1.022511,0.756875,1.353568,0.038029,5917.584493,0,2025
NA,2025-Q4,19761,0.40798,9.56738,1.04099,0.842839,1.315976,0.036891,6389.32287,0,2025
NA,2026-Q1,22072,0.448294,10.803209,1.21226,1.032088,1.312704,0.03543,7136.538352,0,2025
NC,2020-Q1,1477,,0,1.756263,,2.199729,0.074475,5001.134313,0,2025
NC,2020-Q2,1602,,0.084631,2.272784,,2.037453,0.071785,5424.385355,0,2025
NC,2020-Q3,1767,,0.196344,1.494058,,2.003396,0.059989,5983.07673,0,2025
NC,2020-Q4,1822,,0.233582,1.992316,1.875375,1.991767,0.059276,6169.307189,0,2025
NC,2021-Q1,1952,0.321598,0.321598,1.951332,1.920762,2,0.059939,6609.488273,0,2025
NC,2021-Q2,2062,0.287141,0.396073,2.041707,1.87939,2.022793,0.062076,6981.94919,0,2025
NC,2021-Q3,2178,0.232598,0.474611,1.730028,1.923758,2.03168,0.061983,7374.726157,0,2025
NC,2021-Q4,2291,0.257409,0.551117,1.366652,1.758576,1.989524,0.058926,7757.345099,0,2025
NC,2022-Q1,2398,0.228484,0.623561,1.636781,1.683727,2.055463,0.065471,8119.647991,0,2025
NC,2022-Q2,2531,0.227449,0.713609,1.435401,1.538306,1.926906,0.063611,8569.987099,0,2025
NC,2022-Q3,2637,0.210744,0.785376,0.952598,1.339251,1.868032,0.059917,8928.903983,0,2025
NC,2022-Q4,2747,0.19904,0.859851,1.293047,1.320857,2.069166,0.056425,9301.3649,0,2025
NC,2023-Q1,2913,0.214762,0.972241,1.885685,1.402844,2.088225,0.05424,9863.442284,0,2025
NC,2023-Q2,3064,0.210589,1.074475,1.957898,1.545287,2.003264,0.052219,10374.729543,0,2025
NC,2023-Q3,3231,0.225256,1.187542,1.320644,1.615307,2.005571,0.051687,10940.192935,0,2025
NC,2023-Q4,3343,0.216964,1.263372,1.162429,1.565214,1.976668,0.051152,11319.425868,0,2025
NC,2024-Q1,3567,0.224511,1.41503,1.117746,1.373646,1.942529,0.047659,12077.891736,0,2025
NC,2024-Q2,3709,0.210509,1.511171,1.079536,1.165632,1.925586,0.049879,12558.70492,0,2025
NC,2024-Q3,3889,0.203652,1.63304,1.684238,1.270127,1.878889,0.04757,13168.18642,0,2025
NC,2024-Q4,4026,0.204308,1.725796,1.421262,1.333882,1.853701,0.045703,13632.069562,0,2025
NC,2025-Q1,4296,0.204373,1.908599,1.152002,1.333229,1.800512,0.046089,14546.291813,0,2025
NC,2025-Q2,4461,0.20275,2.020311,1.063663,1.317538,1.794665,0.047299,15104.983188,0,2025
NC,2025-Q3,4771,0.226794,2.230196,1.776148,1.360943,1.693984,0.041501,16154.645773,0,2025
NC,2025-Q4,4966,0.233482,2.362221,1.429923,1.366335,1.706001,0.040677,16814.917398,0,2025
NC,2026-Q1,5328,0.240223,2.607312,1.545796,1.46246,1.638326,0.038664,18040.652416,0,2025
NE,2020-Q1,1116,,0,,,1.386201,,39.974452,0,2025
NE,2020-Q2,1217,,0.090502,,,1.532457,0.090386,43.592212,0,2025
NE,2020-Q3,1362,,0.22043,,,1.647577,0.075624,48.786025,0,2025
NE,2020-Q4,1501,,0.344982,,,1.805463,0.078614,53.764922,0,2025
NE,2021-Q1,1607,0.439964,0.439964,,,1.778469,0.072806,57.561778,0,2025
NE,2021-Q2,1721,0.414133,0.542115,,,1.693783,0.069727,61.64519,0,2025
NE,2021-Q3,1909,0.401615,0.710573,,,1.659508,0.064432,68.379238,0,2025
NE,2021-Q4,2103,0.401066,0.884409,,,1.68854,0.06039,75.328202,0,2025
NE,2022-Q1,2381,0.481643,1.133513,1.081478,,1.99664,0.060479,85.285995,0,2025
NE,2022-Q2,2654,0.542127,1.378136,0.9789,,2.162396,0.055765,95.064692,0,2025
NE,2022-Q3,2905,0.521739,1.603047,0.570396,,2.12599,0.051635,104.055362,0,2025
NE,2022-Q4,3158,0.501664,1.829749,0.5,0.757704,2.060481,0.046865,113.11767,0,2025
NE,2023-Q1,3626,0.52289,2.249104,1.309156,0.857247,2.054054,0.046884,129.88115,0,2025
NE,2023-Q2,3922,0.477769,2.514337,0.804437,0.818309,2.023967,0.04615,140.483693,0,2025
NE,2023-Q3,4119,0.4179,2.69086,1.037873,0.927892,1.929837,0.043214,147.540115,0,2025
NE,2023-Q4,4301,0.361938,2.853943,1.134155,1.068074,1.943269,0.040456,154.059246,0,2025
NE,2024-Q1,4493,0.239106,3.025986,1.212553,1.054707,1.979969,0.040285,160.936571,0,2025
NE,2024-Q2,4668,0.190209,3.182796,0.800557,1.043058,1.846187,0.03856,167.204967,0,2025
NE,2024-Q3,4896,0.188638,3.387097,0.66442,0.94324,1.907271,0.039216,175.37179,0,2025
NE,2024-Q4,5166,0.201116,3.629032,0.40631,0.75623,1.802168,0.038521,185.043029,0,2025
NE,2025-Q1,5580,0.241932,4,0.417742,0.562285,1.733692,0.03638,199.872261,0,2025
NE,2025-Q2,6335,0.357112,4.676523,1.627782,0.818811,1.876243,0.037411,226.915909,0,2025
NE,2025-Q3,7195,0.469567,5.447133,1.026129,0.911394,1.84517,0.034468,257.720594,0,2025
NE,2025-Q4,8341,0.614595,6.474014,1.038005,1.044916,1.753387,0.031531,298.769629,0,2025
NE,2026-Q1,9598,0.720072,7.600358,0.733069,1.061012,1.66618,0.030527,343.794616,0,2025
NG,2020-Q1,173641,,0,1.567879,,2.674524,0.108724,731.034486,2,2025
NG,2020-Q2,203064,,0.169447,2.348678,,2.773914,0.10086,854.906312,3,2025
NG,2020-Q3,232444,,0.338647,1.930431,,2.779715,0.094681,978.597106,4,2025
NG,2020-Q4,255132,,0.469307,1.410391,1.802346,2.788039,0.091408,1074.114353,6,2025
NG,2021-Q1,287828,0.657604,0.657604,1.337802,1.707304,2.702197,0.085551,1211.76562,6,2025
NG,2021-Q2,322655,0.588933,0.858173,1.466703,1.517996,2.699868,0.081065,1358.388468,7,2025
NG,2021-Q3,354801,0.526393,1.043302,1.568144,1.454021,2.702526,0.077156,1493.724216,9,2025
NG,2021-Q4,395367,0.549657,1.276922,1.296082,1.41631,2.644404,0.072211,1664.508449,10,2025
NG,2022-Q1,453264,0.574774,1.610351,2.430831,1.73244,2.653723,0.066502,1908.256778,14,2025
NG,2022-Q2,520136,0.61205,1.995468,3.651835,2.361419,2.700573,0.061361,2189.790161,17,2025
NG,2022-Q3,598921,0.688048,2.449191,5.867951,3.571768,2.784698,0.056577,2521.477677,22,2025
NG,2022-Q4,663996,0.679442,2.823959,4.443961,4.233063,2.813808,0.053276,2795.445629,23,2025
NG,2023-Q1,730873,0.612466,3.209104,4.258425,4.565381,2.824487,0.052534,3077.000062,23,2025
NG,2023-Q2,796375,0.53109,3.58633,2.841189,4.243559,2.805101,0.051043,3352.765699,19,2025
NG,2023-Q3,872162,0.456222,4.022788,3.072045,3.592444,2.809298,0.049221,3671.831533,19,2025
NG,2023-Q4,924403,0.392182,4.323645,1.923434,2.958159,2.817122,0.048644,3891.767911,18,2025
NG,2024-Q1,995455,0.362008,4.732834,1.548836,2.302366,2.792848,0.047349,4190.899236,13,2025
NG,2024-Q2,1053896,0.323367,5.069396,1.312071,1.919421,2.794643,0.046846,4436.937823,14,2025
NG,2024-Q3,1120266,0.28447,5.451621,1.356715,1.519898,2.815971,0.046614,4716.357769,14,2025
NG,2024-Q4,1199622,0.297726,5.908633,1.142649,1.330944,2.799352,0.045895,5050.449214,13,2025
NG,2025-Q1,1321070,0.327102,6.608053,1.124617,1.226686,2.738264,0.044435,5561.749404,12,2025
NG,2025-Q2,1426988,0.354012,7.218036,1.258553,1.217903,2.704042,0.043782,6007.667768,14,2025
NG,2025-Q3,1566257,0.398112,8.020087,1.441217,1.253134,2.653356,0.042314,6593.994971,13,2025
NG,2025-Q4,1675852,0.396983,8.651246,1.386241,1.312499,2.620005,0.041541,7055.39363,20,2025
NG,2026-Q1,1794519,0.358383,9.33465,1.658922,1.447078,2.607493,0.04118,7554.985715,23,2025
NI,2020-Q1,11994,,0,0.997832,,1.886693,0.066283,1711.594231,0,2025
NI,2020-Q2,13027,,0.086126,1.10317,,1.914332,0.067475,1859.007675,0,2025
NI,2020-Q3,14199,,0.183842,1.023875,,1.912388,0.065709,2026.257003,0,2025
NI,2020-Q4,15418,,0.285476,1.102802,1.059336,1.900376,0.063173,2200.213428,0,2025
NI,2021-Q1,16599,0.383942,0.383942,1.113079,1.086846,1.926923,0.060305,2368.747094,0,2025
NI,2021-Q2,17777,0.364627,0.482158,1.117174,1.091948,1.949767,0.061203,2536.852647,0,2025
NI,2021-Q3,19173,0.350306,0.598549,1.103375,1.109139,1.972044,0.057164,2736.067717,2,2025
NI,2021-Q4,20521,0.330977,0.710939,1.178939,1.129796,1.999805,0.056235,2928.432985,2,2025
NI,2022-Q1,22070,0.329598,0.840087,1.149252,1.138683,2.068419,0.054237,3149.481798,0,2025
NI,2022-Q2,23648,0.330258,0.971652,1.20082,1.160364,2.09523,0.050702,3374.669033,2,2025
NI,2022-Q3,25623,0.336411,1.136318,1.104789,1.156757,2.089178,0.047223,3656.509838,0,2025
NI,2022-Q4,27257,0.328249,1.272553,1.128077,1.144212,2.118979,0.04597,3889.688508,0,2025
NI,2023-Q1,29185,0.322383,1.4333,1.028816,1.111301,2.134692,0.044509,4164.822215,0,2025
NI,2023-Q2,31654,0.338549,1.639153,1.245625,1.130075,2.112276,0.041543,4517.158896,0,2025
NI,2023-Q3,34532,0.347695,1.879106,0.922854,1.077005,2.090351,0.039558,4927.861597,0,2025
NI,2023-Q4,36414,0.33595,2.036018,0.883644,1.013014,2.05064,0.038007,5196.430911,0,2025
NI,2024-Q1,38687,0.325578,2.225529,0.706775,0.925896,2.020782,0.035929,5520.797568,0,2025
NI,2024-Q2,40757,0.287578,2.398116,0.95878,0.867511,2.028412,0.035528,5816.195272,0,2025
NI,2024-Q3,42781,0.23888,2.566867,0.955284,0.879134,2.028634,0.035016,6105.028582,0,2025
NI,2024-Q4,45088,0.238205,2.759213,0.997339,0.910007,2.017898,0.034178,6434.247183,0,2025
NI,2025-Q1,48568,0.255409,3.049358,0.80483,0.925551,1.966295,0.032841,6930.857815,0,2025
NI,2025-Q2,51062,0.25284,3.257295,1.234186,1.002379,2.017136,0.032647,7286.762102,0,2025
NI,2025-Q3,56988,0.332087,3.751376,0.97145,1.003629,1.896961,0.030427,8132.427219,0,2025
NI,2025-Q4,63669,0.412105,4.308404,1.112017,1.036244,1.821106,0.027926,9085.83401,0,2025
NI,2026-Q1,69807,0.437304,4.82016,1.005701,1.073951,1.718194,0.025757,9961.752419,0,2025
NL,2020-Q1,565841,,0,2.429488,,2.593821,0.065808,31283.308325,27,2025
NL,2020-Q2,601586,,0.063171,2.570834,,2.567214,0.067573,33259.520469,27,2025
NL,2020-Q3,635475,,0.123063,1.950901,,2.529125,0.067937,35133.121067,28,2025
NL,2020-Q4,674883,,0.192708,2.173132,2.271239,2.50614,0.068047,37311.847272,30,2025
NL,2021-Q1,713316,0.26063,0.26063,2.199041,2.217513,2.466325,0.068107,39436.669242,33,2025
NL,2021-Q2,749861,0.246473,0.325215,2.084764,2.104986,2.481513,0.068137,41457.110502,33,2025
NL,2021-Q3,784623,0.234703,0.386649,1.618224,2.007813,2.492191,0.067765,43378.976121,33,2025
NL,2021-Q4,829753,0.229477,0.466407,1.935699,1.952117,2.499233,0.066676,45874.051071,39,2025
NL,2022-Q1,882733,0.237506,0.560037,1.878622,1.87789,2.477739,0.065088,48803.124212,42,2025
NL,2022-Q2,935479,0.247537,0.653254,1.899659,1.838631,2.517286,0.064935,51719.260337,48,2025
NL,2022-Q3,980925,0.250186,0.73357,1.589291,1.818887,2.496797,0.064437,54231.805787,45,2025
NL,2022-Q4,1030070,0.241418,0.820423,1.828599,1.796187,2.482004,0.063795,56948.855608,58,2025
NL,2023-Q1,1084341,0.228391,0.916335,1.826353,1.786249,2.460689,0.063626,59949.303483,58,2025
NL,2023-Q2,1152279,0.231753,1.036401,1.845644,1.777385,2.463809,0.062849,63705.350501,57,2025
NL,2023-Q3,1207142,0.230616,1.133359,1.476168,1.737351,2.44506,0.062212,66738.527921,50,2025
NL,2023-Q4,1260576,0.223777,1.227792,1.67611,1.700961,2.43373,0.062422,69692.701085,56,2025
NL,2024-Q1,1323066,0.220157,1.338229,1.669128,1.664933,2.388987,0.062301,73147.54783,55,2025
NL,2024-Q2,1379494,0.197187,1.437953,1.660892,1.623581,2.393623,0.062095,76267.248456,56,2025
NL,2024-Q3,1433577,0.187579,1.533533,1.408408,1.599396,2.387655,0.062382,79257.302489,56,2025
NL,2024-Q4,1507247,0.195681,1.663729,1.64212,1.593671,2.408879,0.062541,83330.251117,58,2025
NL,2025-Q1,1598457,0.208146,1.824923,1.685393,1.601575,2.402628,0.062982,88372.923091,61,2025
NL,2025-Q2,1709343,0.239109,2.020889,1.786919,1.639182,2.384492,0.062296,94503.410148,57,2025
NL,2025-Q3,1848978,0.289765,2.267664,1.669062,1.697116,2.344584,0.061795,102223.325739,59,2025
NL,2025-Q4,2004425,0.329858,2.542382,1.879367,1.759704,2.289439,0.059172,110817.429788,70,2025
NL,2026-Q1,2185318,0.367142,2.862071,2.207153,1.901236,2.19499,0.062313,120818.351412,95,2025
NO,2020-Q1,158784,,0,3.099298,,2.449246,0.066971,28299.354646,4,2025
NO,2020-Q2,167930,,0.0576,2.837932,,2.434044,0.068112,29929.404887,4,2025
NO,2020-Q3,177872,,0.120214,2.522331,,2.425351,0.06896,31701.322611,3,2025
NO,2020-Q4,188746,,0.188697,3.204084,2.9165,2.433281,0.069146,33639.346483,6,2025
NO,2021-Q1,199720,0.257809,0.257809,2.851147,2.859194,2.41075,0.069978,35595.192902,9,2025
NO,2021-Q2,208052,0.238921,0.310283,2.711337,2.824081,2.408965,0.06942,37080.167603,9,2025
NO,2021-Q3,217917,0.225134,0.372412,2.079338,2.690713,2.401547,0.069109,38838.361965,8,2025
NO,2021-Q4,229242,0.214553,0.443735,2.66521,2.570536,2.411334,0.068308,40856.765528,9,2025
NO,2022-Q1,243764,0.220529,0.535192,2.59115,2.513784,2.396068,0.066831,43444.955952,9,2025
NO,2022-Q2,254031,0.220998,0.599853,2.377509,2.433654,2.413772,0.066571,45274.796957,8,2025
NO,2022-Q3,265848,0.219951,0.674274,2.130488,2.430245,2.40721,0.066019,47380.887456,8,2025
NO,2022-Q4,277634,0.211096,0.748501,2.692397,2.448414,2.421317,0.065363,49481.452965,8,2025
NO,2023-Q1,291346,0.195197,0.834857,2.570782,2.449201,2.404876,0.065568,51925.28075,9,2025
NO,2023-Q2,303269,0.193827,0.909947,2.320715,2.430966,2.396803,0.065391,54050.26315,8,2025
NO,2023-Q3,316860,0.191884,0.995541,2.027362,2.390596,2.382428,0.065111,56472.525651,8,2025
NO,2023-Q4,329673,0.187437,1.076236,2.528818,2.3598,2.365092,0.065295,58756.128729,8,2025
NO,2024-Q1,345184,0.184791,1.173922,2.358131,2.311888,2.364971,0.064986,61520.584152,8,2025
NO,2024-Q2,356682,0.176124,1.246335,2.211547,2.28336,2.375306,0.065507,63569.820723,8,2025
NO,2024-Q3,368192,0.162002,1.318823,1.88412,2.236293,2.374364,0.06561,65621.196,8,2025
NO,2024-Q4,382286,0.159591,1.407585,2.316758,2.191072,2.36706,0.065597,68133.105918,8,2025
NO,2025-Q1,400613,0.160578,1.523006,2.277562,2.175806,2.343593,0.065792,71399.444293,8,2025
NO,2025-Q2,418244,0.172596,1.634044,2.241452,2.185178,2.326345,0.065545,74541.737734,8,2025
NO,2025-Q3,444728,0.20787,1.800836,1.972311,2.195009,2.262545,0.065541,79261.861351,8,2025
NO,2025-Q4,473076,0.237492,1.979368,2.425794,2.231076,2.205255,0.065336,84314.197264,8,2025
NO,2026-Q1,510054,0.273184,2.212251,2.843491,2.39019,2.154799,0.066011,90904.61907,13,2025
NP,2020-Q1,69284,,0,1.697058,,2.782172,0.078012,2339.243837,0,2025
NP,2020-Q2,78400,,0.131574,1.909273,,2.772296,0.077258,2647.028417,0,2025
NP,2020-Q3,88216,,0.273252,1.956028,,2.791228,0.074635,2978.447179,0,2025
NP,2020-Q4,95260,,0.374921,1.494279,1.757954,2.837907,0.072423,3216.274579,1,2025
NP,2021-Q1,102252,0.475839,0.475839,1.426133,1.676361,2.846194,0.070678,3452.346297,2,2025
NP,2021-Q2,114335,0.458355,0.650237,1.844422,1.678748,2.863183,0.068081,3860.306046,2,2025
NP,2021-Q3,124669,0.413224,0.799391,1.614595,1.60439,2.871556,0.065598,4209.214103,3,2025
NP,2021-Q4,132549,0.391444,0.913126,1.284438,1.537021,2.862843,0.062837,4475.26747,5,2025
NP,2022-Q1,145742,0.425322,1.103545,1.563551,1.566414,2.845988,0.059317,4920.70428,3,2025
NP,2022-Q2,158461,0.385936,1.287123,1.558964,1.507694,2.83868,0.056998,5350.137372,3,2025
NP,2022-Q3,170909,0.370902,1.466789,1.562674,1.501225,2.819173,0.053865,5770.420659,4,2025
NP,2022-Q4,185998,0.40324,1.684574,1.388956,1.513104,2.753143,0.052108,6279.87234,8,2025
NP,2023-Q1,201873,0.385139,1.913703,1.537586,1.509744,2.715073,0.050492,6815.861832,5,2025
NP,2023-Q2,218220,0.377121,2.149645,1.613729,1.52891,2.705247,0.048868,7367.787514,6,2025
NP,2023-Q3,236298,0.382595,2.410571,1.582781,1.537171,2.688432,0.047102,7978.157154,4,2025
NP,2023-Q4,251049,0.34974,2.623477,1.295301,1.500636,2.651897,0.045824,8476.196901,7,2025
NP,2024-Q1,270316,0.33904,2.901565,1.71641,1.552761,2.649344,0.044555,9126.710887,5,2025
NP,2024-Q2,287484,0.317404,3.149356,1.810035,1.610798,2.693743,0.044194,9706.356089,5,2025
NP,2024-Q3,304290,0.287738,3.391923,1.740616,1.652233,2.73754,0.043991,10273.779043,5,2025
NP,2024-Q4,321316,0.279894,3.637665,1.434659,1.668878,2.741572,0.043652,10848.629883,6,2025
NP,2025-Q1,345782,0.279177,3.990792,1.819884,1.700149,2.738951,0.043351,11674.678317,4,2025
NP,2025-Q2,367938,0.279856,4.310577,1.945651,1.744006,2.768181,0.043015,12422.73395,5,2025
NP,2025-Q3,404480,0.329258,4.838,1.784392,1.756071,2.708908,0.041154,13656.505791,6,2025
NP,2025-Q4,443160,0.379203,5.396282,1.578252,1.771745,2.614257,0.038972,14962.463179,5,2025
NP,2026-Q1,486967,0.408306,6.028564,2.157945,1.87243,2.574125,0.03751,16441.52407,7,2025
NR,2026-Q1,110,,,,,,,9147.609148,0,2025
NZ,2020-Q1,139125,,0,1.993689,,2.870124,0.061736,26128.232576,0,2025
NZ,2020-Q2,150778,,0.083759,2.450066,,2.795574,0.063458,28316.712679,1,2025
NZ,2020-Q3,160545,,0.153962,2.201563,,2.765175,0.063465,30150.994422,3,2025
NZ,2020-Q4,167579,,0.204521,1.766976,2.097556,2.750315,0.063701,31472.007813,1,2025
NZ,2021-Q1,176605,0.269398,0.269398,1.750341,2.026055,2.719181,0.06403,33167.126786,2,2025
NZ,2021-Q2,185402,0.229636,0.332629,1.95876,1.915339,2.703056,0.06433,34819.238643,3,2025
NZ,2021-Q3,195666,0.218761,0.406404,1.991348,1.872486,2.684631,0.064247,36746.858978,6,2025
NZ,2021-Q4,203717,0.215648,0.464273,1.660289,1.838933,2.683635,0.064015,38258.869044,4,2025
NZ,2022-Q1,215504,0.22026,0.548996,1.568992,1.785792,2.62945,0.062319,40472.514883,6,2025
NZ,2022-Q2,225527,0.216422,0.621039,1.670221,1.716621,2.594,0.061771,42354.874453,6,2025
NZ,2022-Q3,235232,0.202212,0.690796,1.712509,1.654435,2.566045,0.061862,44177.512348,6,2025
NZ,2022-Q4,243497,0.195271,0.750203,1.426703,1.592849,2.552988,0.06159,45729.712472,4,2025
NZ,2023-Q1,255673,0.186396,0.837721,1.393675,1.545156,2.521451,0.061293,48016.41407,6,2025
NZ,2023-Q2,269741,0.196047,0.938839,1.515754,1.509169,2.500369,0.059924,50658.440851,5,2025
NZ,2023-Q3,281586,0.197057,1.023978,1.551821,1.475068,2.465968,0.05968,52882.979323,4,2025
NZ,2023-Q4,291133,0.195633,1.0926,1.290695,1.436912,2.451625,0.059571,54675.944185,4,2025
NZ,2024-Q1,306155,0.197448,1.200575,1.22892,1.391098,2.410795,0.059166,57497.135989,4,2025
NZ,2024-Q2,318804,0.181889,1.291493,1.454075,1.379787,2.377809,0.058359,59872.668883,4,2025
NZ,2024-Q3,331038,0.17562,1.379429,1.440514,1.357063,2.354298,0.058259,62170.263113,4,2025
NZ,2024-Q4,341002,0.171293,1.451048,1.18882,1.327727,2.345845,0.058742,64041.542247,4,2025
NZ,2025-Q1,356968,0.165971,1.565808,1.234237,1.32541,2.311703,0.06123,67040.021034,4,2025
NZ,2025-Q2,374208,0.173787,1.689725,1.520098,1.348097,2.282453,0.060303,70277.762127,4,2025
NZ,2025-Q3,396195,0.196826,1.847763,1.53664,1.378134,2.224798,0.058141,74407.008846,4,2025
NZ,2025-Q4,414762,0.216304,1.981218,1.401466,1.426271,2.182415,0.057264,77893.965857,3,2025
NZ,2026-Q1,441201,0.235968,2.171256,1.726673,1.549914,2.138429,0.056899,82859.316018,4,2025
OM,2020-Q1,13043,,0,0.27164,,0.946485,0.078586,2373.745858,0,2025
OM,2020-Q2,15458,,0.185157,0.497024,,0.933303,0.069349,2813.261019,0,2025
OM,2020-Q3,17532,,0.344169,0.417408,,0.929215,0.063769,3190.716275,0,2025
OM,2020-Q4,19465,,0.492371,0.473568,0.42386,0.940611,0.058824,3542.510398,0,2025
OM,2021-Q1,21397,0.640497,0.640497,0.457915,0.46061,0.965977,0.056316,3894.122527,0,2025
OM,2021-Q2,23511,0.52096,0.802576,0.55591,0.481094,0.990387,0.052869,4278.857537,2,2025
OM,2021-Q3,25082,0.430641,0.923024,0.470736,0.490671,1.014752,0.050395,4564.769884,2,2025
OM,2021-Q4,26662,0.369741,1.044162,0.448766,0.482556,1.04422,0.048496,4852.320176,2,2025
OM,2022-Q1,28667,0.339767,1.197884,0.486518,0.488722,1.056337,0.04622,5217.217856,2,2025
OM,2022-Q2,30292,0.288418,1.322472,0.450614,0.464025,1.064109,0.043774,5512.957872,2,2025
OM,2022-Q3,31897,0.271709,1.445526,0.451359,0.459155,1.089037,0.042418,5805.05801,0,2025
OM,2022-Q4,33934,0.272748,1.601702,0.411593,0.448441,1.075765,0.04108,6175.779493,0,2025
OM,2023-Q1,36836,0.284962,1.824197,0.501032,0.454802,1.083722,0.040477,6703.925662,0,2025
OM,2023-Q2,40126,0.32464,2.076439,0.541195,0.479968,1.097767,0.038005,7302.685447,0,2025
OM,2023-Q3,43371,0.35972,2.325232,0.488229,0.488206,1.126075,0.036545,7893.255508,2,2025
OM,2023-Q4,46735,0.377232,2.583148,0.37351,0.471682,1.126372,0.035284,8505.482838,2,2025
OM,2024-Q1,49545,0.345016,2.798589,0.397497,0.445224,1.146412,0.034131,9016.885572,0,2025
OM,2024-Q2,52137,0.299332,2.997317,0.415463,0.417054,1.154113,0.034064,9488.613645,0,2025
OM,2024-Q3,54569,0.258191,3.183777,0.46345,0.414319,1.192509,0.034617,9931.222702,2,2025
OM,2024-Q4,57824,0.237274,3.433336,0.515876,0.45066,1.192567,0.034052,10523.612702,2,2025
OM,2025-Q1,63246,0.276536,3.849038,0.454954,0.463416,1.216362,0.031955,11510.383386,0,2025
OM,2025-Q2,67269,0.290235,4.157479,0.865926,0.585176,1.258544,0.032036,12242.544667,0,2025
OM,2025-Q3,75011,0.374608,4.751054,1.267961,0.804879,1.209396,0.029862,13651.541097,0,2025
OM,2025-Q4,85833,0.484384,5.580771,0.884636,0.885732,1.164773,0.027402,15621.078601,0,2025
OM,2026-Q1,95170,0.504759,6.296634,1.007954,1.005989,1.34514,0.026626,17320.35523,0,2025
PA,2020-Q1,16613,,0,0.799133,,1.768314,0.075724,3634.284209,0,2025
PA,2020-Q2,19281,,0.160597,1.23059,,1.666304,0.071988,4217.939796,0,2025
PA,2020-Q3,21989,,0.323602,1.095366,,1.559962,0.066215,4810.345842,0,2025
PA,2020-Q4,23850,,0.435623,0.927547,1.018083,1.551992,0.064109,5217.460928,0,2025
PA,2021-Q1,25660,0.544574,0.544574,0.787724,0.993038,1.576072,0.060873,5613.419178,0,2025
PA,2021-Q2,27748,0.439137,0.670258,0.881469,0.915695,1.588439,0.059175,6070.193116,0,2025
PA,2021-Q3,30008,0.364682,0.806296,0.791389,0.844089,1.603039,0.056618,6564.594026,2,2025
PA,2021-Q4,31984,0.341048,0.925239,0.854396,0.829697,1.622905,0.05434,6996.86668,2,2025
PA,2022-Q1,33874,0.320109,1.039006,0.74107,0.814123,1.627207,0.051869,7410.325847,2,2025
PA,2022-Q2,36336,0.3095,1.187203,0.853891,0.810918,1.600121,0.050776,7948.916573,2,2025
PA,2022-Q3,38726,0.290523,1.331066,0.84442,0.824283,1.579662,0.048185,8471.756473,2,2025
PA,2022-Q4,40732,0.273512,1.451815,0.859864,0.827532,1.605838,0.047309,8910.591971,2,2025
PA,2023-Q1,42862,0.265336,1.580028,0.717699,0.81632,1.597219,0.046755,9376.55389,0,2025
PA,2023-Q2,46390,0.276695,1.792392,0.701207,0.776575,1.543803,0.044492,10148.344337,0,2025
PA,2023-Q3,49409,0.275861,1.974117,0.715578,0.745129,1.507944,0.04315,10808.785198,2,2025
PA,2023-Q4,52219,0.282014,2.143261,0.747372,0.721259,1.470863,0.042073,11423.504913,0,2025
PA,2024-Q1,55324,0.290747,2.330163,0.552907,0.676206,1.443822,0.04067,12102.75926,0,2025
PA,2024-Q2,58267,0.256025,2.507314,0.617125,0.654821,1.428493,0.039559,12746.57425,0,2025
PA,2024-Q3,61514,0.244996,2.702763,0.806808,0.682744,1.446077,0.039552,13456.892725,0,2025
PA,2024-Q4,64561,0.236351,2.886173,0.749942,0.686764,1.451526,0.039358,14123.458908,0,2025
PA,2025-Q1,69171,0.250289,3.163667,0.508725,0.667398,1.392621,0.038239,15131.949259,0,2025
PA,2025-Q2,72784,0.249146,3.381147,0.828383,0.722042,1.393191,0.038127,15922.33443,0,2025
PA,2025-Q3,80383,0.306743,3.83856,1.143812,0.822038,1.356269,0.035965,17584.702798,0,2025
PA,2025-Q4,88105,0.364678,4.303377,1.173282,0.936716,1.326769,0.034482,19273.978827,0,2025
PA,2026-Q1,96375,0.393286,4.80118,1.229728,1.10803,1.287927,0.033463,21083.136138,0,2025
PE,2020-Q1,150672,,0,0.954437,,2.36904,0.08634,4357.620956,0,2025
PE,2020-Q2,171657,,0.139276,1.400275,,2.282424,0.080678,4964.533161,0,2025
PE,2020-Q3,192328,,0.276468,1.213292,,2.205103,0.075413,5562.364097,0,2025
PE,2020-Q4,209451,,0.390112,1.138013,1.181981,2.177173,0.07227,6057.582477,0,2025
PE,2021-Q1,224138,0.487589,0.487589,1.037124,1.184259,2.165237,0.069984,6482.348717,2,2025
PE,2021-Q2,245458,0.429933,0.629088,1.266094,1.164757,2.147512,0.067531,7098.949537,2,2025
PE,2021-Q3,265611,0.381031,0.762842,1.188716,1.161612,2.137972,0.064263,7681.799271,5,2025
PE,2021-Q4,282780,0.350101,0.876792,1.246315,1.189997,2.156447,0.062211,8178.348027,5,2025
PE,2022-Q1,300996,0.342905,0.99769,1.040818,1.18028,2.168069,0.059605,8705.177321,6,2025
PE,2022-Q2,324822,0.32333,1.155822,1.305755,1.197052,2.170232,0.057773,9394.254767,5,2025
PE,2022-Q3,347955,0.310017,1.309354,1.149062,1.185525,2.166096,0.055812,10063.289794,5,2025
PE,2022-Q4,370239,0.309283,1.457252,1.220404,1.182343,2.174984,0.054138,10707.770689,4,2025
PE,2023-Q1,392486,0.303958,1.604903,0.971153,1.154276,2.171311,0.052753,11351.181498,6,2025
PE,2023-Q2,425595,0.310241,1.824646,1.209401,1.137519,2.145636,0.051377,12308.734807,7,2025
PE,2023-Q3,458398,0.317406,2.042357,1.054935,1.112091,2.115103,0.049954,13257.438217,5,2025
PE,2023-Q4,487039,0.315472,2.232445,1.094976,1.084625,2.097212,0.048577,14085.77143,4,2025
PE,2024-Q1,516812,0.316765,2.430047,0.852825,1.044758,2.070387,0.047402,14946.843485,4,2025
PE,2024-Q2,551801,0.29654,2.662266,1.222713,1.058722,2.063931,0.046296,15958.768725,5,2025
PE,2024-Q3,584288,0.27463,2.87788,1.122426,1.076927,2.066606,0.046207,16898.333023,6,2025
PE,2024-Q4,616208,0.265213,3.089731,1.204058,1.107577,2.07806,0.046058,17821.498979,5,2025
PE,2025-Q1,649794,0.257312,3.312639,0.791345,1.076843,2.057332,0.045588,18792.84772,5,2025
PE,2025-Q2,696140,0.261578,3.620235,1.44048,1.144644,2.067991,0.045241,20133.231473,6,2025
PE,2025-Q3,768686,0.315594,4.101718,1.274483,1.185946,2.0043,0.043554,22231.351693,7,2025
PE,2025-Q4,841962,0.36636,4.588046,1.519298,1.277101,1.957979,0.041722,24350.584419,6,2025
PE,2026-Q1,907052,0.395907,5.020044,1.262231,1.371118,1.902997,0.040505,26233.06788,6,2025
PF,2020-Q1,1407,,0,,,1.973703,,4981.148107,0,2025
PF,2020-Q2,1529,,0.086709,,,1.915631,0.068672,5413.060025,0,2025
PF,2020-Q3,1632,,0.159915,,,1.740809,0.066176,5777.706973,0,2025
PF,2020-Q4,1818,,0.292111,,,1.694719,0.066007,6436.195635,0,2025
PF,2021-Q1,1931,0.372424,0.372424,1.172967,,1.699637,0.063698,6836.245199,0,2025
PF,2021-Q2,2085,0.363636,0.481876,1.741966,,1.691607,0.064269,7381.445489,0,2025
PF,2021-Q3,2207,0.352328,0.568586,,,1.678749,0.060716,7813.357407,0,2025
PF,2021-Q4,2317,0.274477,0.646766,,,1.738455,0.063876,8202.786186,0,2025
PF,2022-Q1,2468,0.278094,0.754087,1.157618,,1.765397,0.058347,8737.365691,0,2025
PF,2022-Q2,2591,0.242686,0.841507,0.96951,,1.725203,0.055963,9172.817871,0,2025
PF,2022-Q3,2730,0.236973,0.940299,,,1.716484,0.052381,9664.914237,0,2025
PF,2022-Q4,2840,0.225723,1.018479,,,1.68662,0.050352,10054.343016,0,2025
PF,2023-Q1,3009,0.219206,1.138593,,,1.621469,0.046195,10652.647231,0,2025
PF,2023-Q2,3183,0.228483,1.26226,,,1.630537,0.047125,11268.652753,0,2025
PF,2023-Q3,3344,0.224908,1.376688,,,1.635467,0.046651,11838.634875,0,2025
PF,2023-Q4,3456,0.216901,1.45629,0.876157,,1.555266,0.047454,12235.144177,0,2025
PF,2024-Q1,3652,0.213692,1.595593,1.208653,,1.56161,0.047645,12929.035456,0,2025
PF,2024-Q2,3817,0.199183,1.712864,1.113964,,1.469479,0.042966,13513.178624,0,2025
PF,2024-Q3,4020,0.202153,1.857143,0.998756,1.051121,1.488308,0.044527,14231.851734,0,2025
PF,2024-Q4,4233,0.224826,2.008529,0.892039,1.04675,1.516419,0.045122,14985.92746,0,2025
PF,2025-Q1,4500,0.232202,2.198294,0.741333,0.928123,1.436889,0.046,15931.177314,0,2025
PF,2025-Q2,4903,0.284517,2.484719,1.333265,1.000453,1.430349,0.047318,17357.902749,0,2025
PF,2025-Q3,5187,0.290299,2.686567,1.548872,1.151942,1.385965,0.042992,18363.337051,0,2025
PF,2025-Q4,5623,0.328372,2.996446,1.017428,1.168951,1.292726,0.041615,19906.891119,0,2025
PF,2026-Q1,6057,0.346,3.304904,1.409113,1.324162,1.280172,0.040119,21443.364665,0,2025
PG,2020-Q1,1576,,0,,,0.826777,,146.430066,0,2025
PG,2020-Q2,1809,,0.147843,,,0.802101,0.055832,168.078673,0,2025
PG,2020-Q3,2095,,0.329315,,,0.81957,0.048687,194.651642,0,2025
PG,2020-Q4,2320,,0.472081,,,0.840517,0.049569,215.556949,0,2025
PG,2021-Q1,2539,0.611041,0.611041,0.419456,,0.918078,0.049626,235.904782,0,2025
PG,2021-Q2,2789,0.541736,0.76967,0.384367,,0.969165,0.044819,259.132902,0,2025
PG,2021-Q3,3141,0.499284,0.99302,0.421522,,0.986947,0.040751,291.838094,0,2025
PG,2021-Q4,3325,0.43319,1.109772,,,0.985263,0.039398,308.93399,0,2025
PG,2022-Q1,3599,0.417487,1.283629,,,1.024173,0.035843,334.392009,0,2025
PG,2022-Q2,3880,0.39118,1.461929,,,0.939691,0.034794,360.500415,0,2025
PG,2022-Q3,4240,0.349889,1.690355,0.16816,,0.926179,0.033255,393.948908,0,2025
PG,2022-Q4,4521,0.359699,1.868655,,,0.931873,0.033621,420.057314,0,2025
PG,2023-Q1,5020,0.394832,2.185279,,,0.925299,0.030478,466.420641,0,2025
PG,2023-Q2,5667,0.460567,2.595812,0.287454,,0.866067,0.02841,526.535014,0,2025
PG,2023-Q3,6276,0.480189,2.982234,0.198693,,0.853888,0.02645,583.118713,0,2025
PG,2023-Q4,6785,0.500774,3.305203,0.195136,,0.867354,0.025055,630.411165,0,2025
PG,2024-Q1,7547,0.503386,3.788706,0.183252,0.212483,0.812243,0.022923,701.210473,0,2025
PG,2024-Q2,8108,0.430739,4.14467,0.23631,0.204416,0.792427,0.022447,753.334373,0,2025
PG,2024-Q3,8694,0.385277,4.516497,0.140212,0.187641,0.795146,0.021854,807.781086,0,2025
PG,2024-Q4,9451,0.392926,4.996827,0.251719,0.204053,0.803301,0.020844,878.115832,0,2025
PG,2025-Q1,10220,0.35418,5.484772,0.321918,0.241384,0.797456,0.020254,949.565527,0,2025
PG,2025-Q2,11288,0.392205,6.162437,0.474486,0.308779,0.800319,0.020553,1048.796054,0,2025
PG,2025-Q3,13309,0.530826,7.444797,0.465925,0.38913,0.736569,0.019686,1236.572173,0,2025
PG,2025-Q4,14835,0.569675,8.413071,0.413751,0.422642,0.708257,0.018537,1378.356614,0,2025
PG,2026-Q1,16631,0.627299,9.552665,0.792015,0.550577,0.717936,0.017137,1545.227425,0,2025
PH,2020-Q1,413692,,0,0.766694,,1.525077,0.06594,3542.278975,0,2025
PH,2020-Q2,454544,,0.09875,0.761033,,1.467233,0.111386,3892.078296,0,2025
PH,2020-Q3,510670,,0.234421,0.720516,,1.369332,0.058598,4372.662764,1,2025
PH,2020-Q4,563189,,0.361373,0.702569,0.734631,1.331329,0.055131,4822.361935,1,2025
PH,2021-Q1,609581,0.473514,0.473514,0.709643,0.721302,1.31804,0.052925,5219.598058,4,2025
PH,2021-Q2,661165,0.454568,0.598206,0.778671,0.729778,1.307159,0.050863,5661.291198,4,2025
PH,2021-Q3,741349,0.451718,0.792031,0.697938,0.722448,1.260108,0.046707,6347.874688,5,2025
PH,2021-Q4,812769,0.443155,0.964672,0.643445,0.703681,1.243517,0.043774,6959.415555,6,2025
PH,2022-Q1,888133,0.456956,1.146846,0.672046,0.693457,1.229767,0.041206,7604.727315,5,2025
PH,2022-Q2,958242,0.449324,1.316317,0.714914,0.682935,1.224165,0.039249,8205.042614,9,2025
PH,2022-Q3,1037647,0.399674,1.50826,0.657107,0.672676,1.212158,0.03744,8884.95584,11,2025
PH,2022-Q4,1110917,0.36683,1.685372,0.761489,0.703321,1.224117,0.035776,9512.337516,11,2025
PH,2023-Q1,1186364,0.335795,1.867747,0.76071,0.725649,1.239684,0.035265,10158.359972,12,2025
PH,2023-Q2,1271474,0.326882,2.07348,0.803792,0.749452,1.248851,0.033984,10887.122828,14,2025
PH,2023-Q3,1361430,0.312036,2.290927,0.72527,0.76221,1.243877,0.032783,11657.380042,13,2025
PH,2023-Q4,1451713,0.30677,2.509164,0.84945,0.786389,1.259663,0.031701,12430.437226,12,2025
PH,2024-Q1,1569839,0.323236,2.794705,0.799697,0.795471,1.267904,0.030512,13441.902873,11,2025
PH,2024-Q2,1662514,0.307549,3.018724,0.877573,0.816299,1.290808,0.029722,14235.441795,14,2025
PH,2024-Q3,1753811,0.288212,3.239412,0.738338,0.814311,1.30827,0.029192,15017.181456,13,2025
PH,2024-Q4,1860101,0.281315,3.496343,0.990778,0.854806,1.331676,0.028716,15927.300172,12,2025
PH,2025-Q1,1992946,0.269523,3.817463,0.948932,0.892512,1.356306,0.028051,17064.798723,12,2025
PH,2025-Q2,2114431,0.271827,4.111124,1.160931,0.969234,1.388664,0.027382,18105.026142,14,2025
PH,2025-Q3,2325301,0.325856,4.620851,1.015503,1.031039,1.365272,0.025948,19910.62153,15,2025
PH,2025-Q4,2560029,0.376285,5.188249,1.231529,1.096442,1.342297,0.024377,21920.503421,22,2025
PH,2026-Q1,2815527,0.412746,5.805853,1.346573,1.198143,1.338113,0.023855,24108.230506,26,2025
PK,2020-Q1,317224,,0,0.743913,,1.614178,0.079146,1242.945515,2,2025
PK,2020-Q2,354073,,0.116161,1.098734,,1.680882,0.074705,1387.327085,2,2025
PK,2020-Q3,388897,,0.225938,0.979118,,1.719016,0.071309,1523.774311,4,2025
PK,2020-Q4,428915,,0.352089,0.908628,0.93715,1.738475,0.067673,1680.572641,5,2025
PK,2021-Q1,470394,0.482845,0.482845,0.834594,0.945101,1.766149,0.065449,1843.095455,6,2025
PK,2021-Q2,510612,0.442109,0.609626,0.920321,0.907827,1.810627,0.063089,2000.677425,7,2025
PK,2021-Q3,553975,0.424477,0.746321,0.891376,0.889069,1.861672,0.060066,2170.582118,9,2025
PK,2021-Q4,600696,0.400501,0.893602,0.861659,0.877431,1.895949,0.057185,2353.64411,10,2025
PK,2022-Q1,656514,0.395668,1.06956,0.869034,0.883736,1.924587,0.054067,2572.349923,10,2025
PK,2022-Q2,708296,0.387151,1.232794,0.82183,0.858918,1.93166,0.051392,2775.2419,9,2025
PK,2022-Q3,775221,0.399379,1.443765,0.974343,0.885005,1.950863,0.048778,3037.467106,11,2025
PK,2022-Q4,844030,0.405087,1.660675,0.868392,0.885006,1.93765,0.046414,3307.074191,16,2025
PK,2023-Q1,924871,0.408761,1.915514,0.907438,0.894609,1.930497,0.044282,3623.824999,17,2025
PK,2023-Q2,1004140,0.417684,2.165397,0.891615,0.908289,1.918217,0.042333,3934.416404,17,2025
PK,2023-Q3,1105725,0.426335,2.485628,1.030139,0.929824,1.927576,0.040139,4332.446251,21,2025
PK,2023-Q4,1192511,0.412878,2.759208,0.940602,0.94513,1.944716,0.038954,4672.490729,19,2025
PK,2024-Q1,1303816,0.409727,3.11008,1.015164,0.972522,1.964716,0.037211,5108.605432,20,2025
PK,2024-Q2,1382291,0.376592,3.35746,0.963341,0.986275,2.01658,0.036539,5416.085791,21,2025
PK,2024-Q3,1476999,0.335774,3.656013,1.162068,1.0257,2.088946,0.035942,5787.17021,27,2025
PK,2024-Q4,1586524,0.330406,4.001274,1.091012,1.061372,2.119151,0.038791,6216.310526,23,2025
PK,2025-Q1,1718562,0.318102,4.417503,1.089758,1.079059,2.126286,0.040629,6733.661168,23,2025
PK,2025-Q2,1836325,0.328465,4.788733,1.174794,1.129789,2.160266,0.036821,7195.079575,28,2025
PK,2025-Q3,2053465,0.390295,5.473233,1.349212,1.185788,2.122448,0.033707,8045.876453,42,2025
PK,2025-Q4,2281650,0.438144,6.192552,1.258228,1.225794,2.075938,0.031219,8939.949797,29,2025
PK,2026-Q1,2497496,0.453248,6.872973,1.410687,1.306029,2.061664,0.029643,9785.676532,68,2025
PL,2020-Q1,531465,,0,2.649862,,2.803722,0.057545,14586.316486,34,2025
PL,2020-Q2,571515,,0.075358,2.854034,,2.795085,0.058116,15685.508296,34,2025
PL,2020-Q3,600202,,0.129335,2.035255,,2.784186,0.057864,16472.837022,29,2025
PL,2020-Q4,645840,,0.215207,2.270361,2.438158,2.730263,0.057231,17725.394221,33,2025
PL,2021-Q1,687888,0.294324,0.294324,2.317431,2.360104,2.713533,0.057089,18879.422117,40,2025
PL,2021-Q2,724435,0.26757,0.363091,2.292823,2.23558,2.727469,0.057529,19882.472381,36,2025
PL,2021-Q3,756585,0.260551,0.423584,1.643079,2.119036,2.71662,0.057428,20764.844832,30,2025
PL,2021-Q4,804421,0.245542,0.513592,1.942821,2.038493,2.699885,0.056897,22077.727215,40,2025
PL,2022-Q1,873922,0.270442,0.644364,2.004688,1.968409,2.664313,0.055036,23985.216103,47,2025
PL,2022-Q2,935738,0.29168,0.760677,2.10681,1.937106,2.693561,0.054053,25681.786414,57,2025
PL,2022-Q3,981895,0.297799,0.847525,1.762215,1.951214,2.696956,0.054041,26948.587821,54,2025
PL,2022-Q4,1048914,0.303937,0.973628,2.05398,1.98104,2.67569,0.053024,28787.957008,61,2025
PL,2023-Q1,1109622,0.269704,1.087855,2.182425,2.030791,2.68106,0.05316,30454.117717,78,2025
PL,2023-Q2,1171106,0.251532,1.203543,2.146868,2.045821,2.691543,0.052878,32141.576125,76,2025
PL,2023-Q3,1219463,0.241948,1.294531,1.65999,2.003608,2.678491,0.053231,33468.757607,61,2025
PL,2023-Q4,1283028,0.223197,1.414135,1.855267,1.952771,2.655862,0.053071,35213.330076,60,2025
PL,2024-Q1,1355588,0.221666,1.550663,1.849508,1.874267,2.626812,0.052776,37204.774714,67,2025
PL,2024-Q2,1412356,0.206002,1.657477,1.756227,1.782063,2.616939,0.052511,38762.800198,60,2025
PL,2024-Q3,1458937,0.196377,1.745123,1.382027,1.703157,2.613585,0.052984,40041.238493,56,2025
PL,2024-Q4,1526119,0.189467,1.871532,1.572642,1.634611,2.59098,0.053284,41885.081294,60,2025
PL,2025-Q1,1609020,0.186954,2.027518,1.616682,1.581308,2.561378,0.053331,44160.339727,63,2025
PL,2025-Q2,1712812,0.212734,2.222812,1.853325,1.616011,2.493176,0.053522,47008.961858,67,2025
PL,2025-Q3,1810496,0.240969,2.406614,1.494284,1.634181,2.44327,0.053824,49689.946945,61,2025
PL,2025-Q4,1934464,0.267571,2.639871,2.038115,1.758043,2.372784,0.052255,53092.30925,86,2025
PL,2026-Q1,2074728,0.289436,2.90379,2.717435,2.052491,2.293084,0.052108,56941.923233,119,2025
PM,2021-Q2,122,,,,,,,,0,
PM,2021-Q3,102,,,,,1.264706,,,0,
PM,2021-Q4,107,,,,,,,,0,
PM,2022-Q1,114,,,,,,,,0,
PM,2022-Q2,116,-0.04918,,,,,,,0,
PM,2022-Q3,122,0.196078,,,,0.827869,,,0,
PM,2022-Q4,130,0.214953,,,,,,,0,
PM,2023-Q1,136,0.192982,,,,,,,0,
PM,2023-Q2,140,0.206897,,,,,,,0,
PM,2023-Q3,140,0.147541,,,,,,,0,
PM,2023-Q4,145,0.115385,,,,,,,0,
PM,2024-Q1,158,0.161765,,,,0.816456,,,0,
PM,2024-Q2,160,0.142857,,,,,,,0,
PM,2024-Q3,173,0.235714,,,,1.872832,,,0,
PM,2024-Q4,184,0.268966,,,,0.668478,,,0,
PM,2025-Q1,191,0.208861,,,,0.706806,,,0,
PM,2025-Q2,199,0.24375,,,,0.703518,,,0,
PM,2025-Q3,206,0.190751,,,,1.81068,,,0,
PM,2025-Q4,218,0.184783,,,,0.779817,,,0,
PM,2026-Q1,225,0.17801,,,,0.715556,,,0,
PR,2020-Q1,18720,,0,0.753152,,1.624733,0.057158,5877.855525,0,2025
PR,2020-Q2,20855,,0.114049,1.021817,,1.595445,0.054711,6548.219923,0,2025
PR,2020-Q3,23145,,0.236378,1.027609,,1.543011,0.053618,7267.252464,0,2025
PR,2020-Q4,24702,,0.319551,1.001943,0.960205,1.508461,0.051899,7756.131793,0,2025
PR,2021-Q1,26420,0.411325,0.411325,1.346972,1.108377,1.583762,0.052195,8295.563192,0,2025
PR,2021-Q2,27729,0.329609,0.48125,1.248765,1.164242,1.546251,0.050705,8706.573496,0,2025
PR,2021-Q3,29095,0.257075,0.55422,1.035573,1.158857,1.59371,0.04994,9135.481116,2,2025
PR,2021-Q4,30381,0.2299,0.622917,1.063296,1.167419,1.591225,0.049406,9539.269695,2,2025
PR,2022-Q1,32410,0.226722,0.731303,1.293983,1.162053,1.640019,0.050108,10176.351365,2,2025
PR,2022-Q2,33975,0.225252,0.814904,1.308227,1.182408,1.640294,0.048595,10667.742599,2,2025
PR,2022-Q3,35288,0.212854,0.885043,1.00717,1.167931,1.534601,0.047268,11080.008854,0,2025
PR,2022-Q4,36573,0.203812,0.953686,0.931206,1.1283,1.605419,0.047221,11483.483446,0,2025
PR,2023-Q1,38743,0.195403,1.069605,1.201636,1.110811,1.633172,0.048706,12164.837425,0,2025
PR,2023-Q2,40949,0.205269,1.187447,1.109233,1.066129,1.57999,0.046888,12857.494972,0,2025
PR,2023-Q3,43090,0.221095,1.301816,0.92026,1.039741,1.537874,0.044929,13529.743299,0,2025
PR,2023-Q4,44967,0.229514,1.402083,1.937665,1.304103,1.568061,0.044966,14119.098792,0,2025
PR,2024-Q1,48028,0.239656,1.565598,1.97795,1.509337,1.535604,0.043579,15080.216087,0,2025
PR,2024-Q2,50147,0.224621,1.678793,1.616428,1.626149,1.543682,0.042754,15745.556677,0,2025
PR,2024-Q3,52208,0.211604,1.788889,1.110845,1.644136,1.483087,0.042963,16392.685963,0,2025
PR,2024-Q4,54818,0.219072,1.928312,1.210296,1.463916,1.509778,0.043654,17212.194666,0,2025
PR,2025-Q1,58757,0.223391,2.138729,1.113025,1.254101,1.484844,0.042769,18448.993433,0,2025
PR,2025-Q2,60784,0.212116,2.247009,1.086125,1.12884,1.470387,0.042824,19085.447127,0,2025
PR,2025-Q3,65125,0.247414,2.4789,0.977996,1.091743,1.444376,0.041443,20448.469073,0,2025
PR,2025-Q4,70124,0.279215,2.74594,1.120572,1.074171,1.397824,0.039587,22018.095129,0,2025
PR,2026-Q1,76405,0.300356,3.081464,1.623336,1.219804,1.375499,0.0395,23990.253812,0,2025
PS,2020-Q1,26794,,0,1.030529,,1.611629,0.097447,4949.390387,0,2025
PS,2020-Q2,28952,,0.08054,1.023487,,1.669867,0.0935,5348.016365,0,2025
PS,2020-Q3,31018,,0.157647,1.139532,,1.647334,0.091334,5729.648093,0,2025
PS,2020-Q4,33695,,0.257558,1.204719,1.105629,1.699985,0.087283,6224.143804,0,2025
PS,2021-Q1,36469,0.361088,0.361088,1.066221,1.110048,1.762757,0.082975,6736.557364,0,2025
PS,2021-Q2,38870,0.342567,0.450698,0.980962,1.092116,1.811757,0.081837,7180.070327,2,2025
PS,2021-Q3,41627,0.342027,0.553594,0.969251,1.048407,1.857977,0.078411,7689.343645,2,2025
PS,2021-Q4,45008,0.335747,0.679779,0.783772,0.942355,1.866313,0.073409,8313.882307,2,2025
PS,2022-Q1,47974,0.315473,0.790475,1.126298,0.967183,1.935319,0.069913,8861.762126,2,2025
PS,2022-Q2,51154,0.316028,0.909159,1.181902,1.023428,2.01214,0.067111,9449.172048,2,2025
PS,2022-Q3,54233,0.302832,1.024073,1.322663,1.116606,2.091531,0.065385,10017.925239,2,2025
PS,2022-Q4,57692,0.281817,1.153169,1.107502,1.185096,2.144335,0.062539,10656.872068,2,2025
PS,2023-Q1,61158,0.274816,1.282526,1.213774,1.205497,2.169119,0.062167,11297.111938,0,2025
PS,2023-Q2,65493,0.28031,1.444316,1.343655,1.248483,2.198189,0.060663,12097.873576,2,2025
PS,2023-Q3,70097,0.292516,1.616145,1.553576,1.316723,2.260225,0.059518,12948.324921,2,2025
PS,2023-Q4,72323,0.253605,1.699224,0.747273,1.208521,2.275749,0.058336,13359.511866,0,2025
PS,2024-Q1,74416,0.216783,1.777338,0.696826,1.072511,2.255039,0.057447,13746.131037,2,2025
PS,2024-Q2,75862,0.158322,1.831306,0.755095,0.929572,2.186932,0.056155,14013.236304,2,2025
PS,2024-Q3,77821,0.11019,1.904419,0.905218,0.777666,2.222125,0.055987,14375.102981,2,2025
PS,2024-Q4,81151,0.122064,2.0287,0.850427,0.803867,2.249301,0.055452,14990.220918,2,2025
PS,2025-Q1,85493,0.148852,2.190752,0.838852,0.838072,2.220837,0.05494,15792.275596,2,2025
PS,2025-Q2,89136,0.174976,2.326715,1.413481,1.010686,2.278159,0.056734,16465.210924,2,2025
PS,2025-Q3,95772,0.23067,2.574382,1.17148,1.077838,2.266999,0.05441,17691.013515,0,2025
PS,2025-Q4,103770,0.278727,2.872882,1.281825,1.183732,2.209868,0.052636,19168.404883,0,2025
PS,2026-Q1,112567,0.316681,3.201202,1.472234,1.338153,2.171,0.050512,20793.387611,0,2025
PT,2020-Q1,170627,,0,2.030833,,2.410562,0.058666,15791.673959,4,2025
PT,2020-Q2,186497,,0.09301,2.362108,,2.393111,0.06013,17260.455955,5,2025
PT,2020-Q3,196981,,0.154454,1.680147,,2.406867,0.060711,18230.759072,5,2025
PT,2020-Q4,212849,,0.247452,1.923655,1.991574,2.399715,0.060461,19699.355966,6,2025
PT,2021-Q1,230441,0.350554,0.350554,2.109915,2.016457,2.372681,0.060254,21327.510527,8,2025
PT,2021-Q2,244058,0.308643,0.43036,2.010014,1.941784,2.379344,0.060174,22587.775458,8,2025
PT,2021-Q3,255721,0.298201,0.498714,1.416696,1.854051,2.392432,0.059647,23667.196027,8,2025
PT,2021-Q4,272555,0.280509,0.597373,1.673581,1.790225,2.427062,0.059298,25225.197043,8,2025
PT,2022-Q1,294153,0.276479,0.723953,1.846444,1.736654,2.40823,0.05781,27224.110311,9,2025
PT,2022-Q2,313220,0.283383,0.8357,1.952257,1.737372,2.484867,0.057966,28988.777376,10,2025
PT,2022-Q3,328969,0.286437,0.928001,1.600595,1.767985,2.513377,0.057872,30446.36072,12,2025
PT,2022-Q4,349169,0.281096,1.046388,1.840069,1.80758,2.53747,0.057803,32315.887899,13,2025
PT,2023-Q1,369878,0.257434,1.167758,1.962531,1.841285,2.541268,0.058306,34232.523461,13,2025
PT,2023-Q2,391499,0.249917,1.294473,1.952559,1.847402,2.550913,0.058511,36233.565398,12,2025
PT,2023-Q3,410464,0.247729,1.405622,1.582797,1.829375,2.55267,0.058332,37988.792277,13,2025
PT,2023-Q4,432749,0.239368,1.536228,1.761615,1.808774,2.560667,0.058602,40051.287979,12,2025
PT,2024-Q1,459891,0.243359,1.6953,1.749221,1.759052,2.508718,0.058114,42563.303162,12,2025
PT,2024-Q2,481092,0.228846,1.819554,1.829155,1.735494,2.519817,0.058033,44525.473742,12,2025
PT,2024-Q3,500309,0.218886,1.93218,1.413876,1.683077,2.499803,0.058378,46304.023435,11,2025
PT,2024-Q4,525350,0.213983,2.078938,1.604256,1.64474,2.478858,0.058717,48621.589281,11,2025
PT,2025-Q1,557653,0.212576,2.268258,1.655081,1.624258,2.444355,0.058825,51611.259403,11,2025
PT,2025-Q2,590499,0.227414,2.460759,1.823227,1.63296,2.408788,0.05871,54651.184637,13,2025
PT,2025-Q3,629537,0.258296,2.689551,1.514167,1.648081,2.345643,0.057538,58264.184737,10,2025
PT,2025-Q4,680323,0.29499,2.987194,1.802238,1.700115,2.266873,0.055903,62964.472227,11,2025
PT,2026-Q1,740488,0.327865,3.339806,2.20233,1.850445,2.179992,0.056339,68532.794144,17,2025
PW,2020-Q2,106,,,,,,,6001.245542,0,2025
PW,2020-Q3,109,,,,,,,6171.092113,0,2025
PW,2020-Q4,120,,,,,,,6793.862877,0,2025
PW,2021-Q1,127,,,,,0.84252,,7190.171545,0,2025
PW,2021-Q2,134,0.264151,,,,0.91791,,7586.480213,0,2025
PW,2021-Q3,141,0.293578,,,,0.921986,,7982.788881,0,2025
PW,2021-Q4,145,0.208333,,,,0.868966,,8209.250977,0,2025
PW,2022-Q1,153,0.204724,,,,0.660131,,8662.175168,0,2025
PW,2022-Q2,161,0.201493,,,,0.627329,,9115.09936,0,2025
PW,2022-Q3,179,0.269504,,,,0.653631,,10134.178792,0,2025
PW,2022-Q4,184,0.268966,,,,1.103261,,10417.256412,0,2025
PW,2023-Q1,188,0.228758,,,,1.053191,,10643.718508,0,2025
PW,2023-Q2,203,0.26087,,,,0.975369,,11492.951367,0,2025
PW,2023-Q3,222,0.240223,,,,1.09009,,12568.646323,0,2025
PW,2023-Q4,238,0.293478,,,,0.865546,,13474.494706,0,2025
PW,2024-Q1,257,0.367021,,,,1.093385,,14550.189662,0,2025
PW,2024-Q2,266,0.310345,,,,1.056391,,15059.729378,0,2025
PW,2024-Q3,291,0.310811,,,,3.164948,,16475.117477,0,2025
PW,2024-Q4,286,0.201681,,,,1.493007,,16192.039857,0,2025
PW,2025-Q1,318,0.237354,,,,1.336478,,18003.736625,0,2025
PW,2025-Q2,376,0.413534,,,,1.069149,,21287.437015,0,2025
PW,2025-Q3,334,0.147766,,,,1.230539,,18909.585008,0,2025
PW,2025-Q4,367,0.283217,,,,1.215259,,20777.897299,0,2025
PW,2026-Q1,397,0.248428,,,,1.183879,,22476.363019,0,2025
PY,2020-Q1,14587,,0,1.099198,,2.046206,0.065538,2079.971162,0,2025
PY,2020-Q2,16423,,0.125865,1.269378,,1.975218,0.065092,2341.767766,0,2025
PY,2020-Q3,18266,,0.252211,1.053542,,1.931293,0.063615,2604.562505,0,2025
PY,2020-Q4,19601,,0.343731,1.069333,1.119169,1.942911,0.061834,2794.921146,0,2025
PY,2021-Q1,20979,0.438198,0.438198,0.935793,1.071929,1.933171,0.060012,2991.411189,0,2025
PY,2021-Q2,22533,0.372039,0.544732,0.948875,0.998009,1.930724,0.058581,3212.997203,0,2025
PY,2021-Q3,24419,0.336855,0.674025,1.135345,1.024734,1.926778,0.056759,3481.923344,2,2025
PY,2021-Q4,25813,0.316923,0.769589,0.847557,0.966622,1.924999,0.054391,3680.694839,0,2025
PY,2022-Q1,27600,0.315601,0.892096,0.925326,0.96171,1.94692,0.052754,3935.504496,0,2025
PY,2022-Q2,29716,0.318777,1.037156,1.040584,0.986192,1.923206,0.050781,4237.226507,2,2025
PY,2022-Q3,32080,0.313731,1.199218,1.04015,0.969603,1.87553,0.048784,4574.311023,0,2025
PY,2022-Q4,34260,0.327238,1.348667,1.129305,1.039327,1.891827,0.046789,4885.158842,2,2025
PY,2023-Q1,36625,0.326993,1.510797,1.055918,1.067621,1.913529,0.045078,5222.385948,0,2025
PY,2023-Q2,40241,0.354186,1.758689,1.078353,1.076247,1.917224,0.043513,5737.994073,0,2025
PY,2023-Q3,43591,0.358822,1.988346,1.040788,1.073741,1.906517,0.042325,6215.673061,0,2025
PY,2023-Q4,46377,0.353678,2.179338,0.950061,1.02795,1.797658,0.041012,6612.93087,0,2025
PY,2024-Q1,49909,0.362703,2.421471,0.882927,0.982078,1.794486,0.039452,7116.561373,0,2025
PY,2024-Q2,53251,0.323302,2.650579,1.091754,0.992259,1.883758,0.038685,7593.099635,2,2025
PY,2024-Q3,56626,0.29903,2.88195,1.043831,0.996163,1.926588,0.038551,8074.343391,2,2025
PY,2024-Q4,59782,0.289044,3.098307,1.108009,1.036353,2.016828,0.038289,8524.359775,2,2025
PY,2025-Q1,64639,0.295137,3.431274,0.837018,1.014042,1.95215,0.03798,9216.923012,0,2025
PY,2025-Q2,68412,0.284708,3.689929,1.211703,1.05166,1.948123,0.037727,9754.917883,0,2025
PY,2025-Q3,76499,0.350952,4.244327,1.215075,1.099721,1.853044,0.035164,10908.049219,0,2025
PY,2025-Q4,84731,0.417333,4.808665,1.239417,1.138259,1.806175,0.033825,12081.856212,0,2025
PY,2026-Q1,93779,0.450811,5.428944,1.541209,1.315304,1.740283,0.033003,13372.017251,0,2025
QA,2020-Q1,18205,,0,0.412304,,1.391211,0.077122,6125.061612,0,2025
QA,2020-Q2,20945,,0.150508,0.595846,,1.304655,0.070566,7046.933011,0,2025
QA,2020-Q3,23459,,0.288602,0.535743,,1.245748,0.066414,7892.766842,0,2025
QA,2020-Q4,25563,,0.404175,0.565309,0.533106,1.217815,0.062943,8600.656413,0,2025
QA,2021-Q1,27575,0.514694,0.514694,0.578024,0.56835,1.228141,0.059728,9277.592637,0,2025
QA,2021-Q2,29582,0.412366,0.624938,0.635319,0.581584,1.224021,0.05811,9952.846614,2,2025
QA,2021-Q3,31276,0.33322,0.71799,0.53597,0.578503,1.231839,0.056113,10522.791925,2,2025
QA,2021-Q4,33126,0.295857,0.81961,0.473163,0.552571,1.287659,0.054127,11145.223344,2,2025
QA,2022-Q1,35774,0.297335,0.965065,0.543831,0.544753,1.294292,0.051099,12036.141396,2,2025
QA,2022-Q2,37690,0.274086,1.07031,0.542558,0.52472,1.296498,0.049934,12680.778477,2,2025
QA,2022-Q3,39829,0.273468,1.187806,0.509026,0.518048,1.330613,0.04901,13400.443777,2,2025
QA,2022-Q4,42448,0.28141,1.331667,0.446028,0.507965,1.353633,0.046834,14281.604796,0,2025
QA,2023-Q1,45922,0.28367,1.522494,0.458299,0.486482,1.311267,0.04536,15450.430066,0,2025
QA,2023-Q2,49462,0.312337,1.716946,0.480692,0.472974,1.284198,0.043589,16641.460998,0,2025
QA,2023-Q3,52895,0.328052,1.90552,0.623065,0.50707,1.282012,0.041743,17796.491842,2,2025
QA,2023-Q4,56207,0.324138,2.087449,0.558507,0.53388,1.287082,0.041045,18910.812307,2,2025
QA,2024-Q1,60116,0.309089,2.30217,0.53796,0.550873,1.340791,0.041087,20225.993073,2,2025
QA,2024-Q2,63027,0.274251,2.462071,0.534961,0.561502,1.369461,0.039983,21205.397322,2,2025
QA,2024-Q3,66102,0.249683,2.63098,0.500393,0.531778,1.370564,0.03956,22239.979275,2,2025
QA,2024-Q4,69705,0.240148,2.828893,0.484054,0.51313,1.393243,0.040241,23452.206519,2,2025
QA,2025-Q1,76150,0.266718,3.182917,0.626921,0.539213,1.385647,0.039015,25620.623003,2,2025
QA,2025-Q2,80175,0.272074,3.40401,0.752491,0.598664,1.461441,0.038591,26974.831901,2,2025
QA,2025-Q3,88461,0.33825,3.85916,0.735352,0.657768,1.457162,0.036683,29762.65176,0,2025
QA,2025-Q4,98357,0.411047,4.402746,0.8515,0.748586,1.4242,0.035452,33092.155177,0,2025
QA,2026-Q1,109057,0.432134,4.990497,1.203637,0.905191,1.452158,0.034285,36692.163925,0,2025
RE,2020-Q1,5871,,0,1.33691,,1.643332,0.062851,,0,
RE,2020-Q2,6499,,0.106966,1.46084,,1.608709,0.062471,,0,
RE,2020-Q3,7139,,0.215977,1.562124,,1.59182,0.061213,,0,
RE,2020-Q4,7596,,0.293817,1.767114,1.546504,1.643497,0.061348,,0,
RE,2021-Q1,8239,0.403338,0.403338,1.671683,1.623248,1.736983,0.061294,,0,
RE,2021-Q2,8772,0.349746,0.494124,1.553352,1.637183,1.75456,0.059508,,0,
RE,2021-Q3,9345,0.309007,0.591722,1.470626,1.607122,1.787587,0.057464,,0,
RE,2021-Q4,9640,0.269089,0.641969,1.111307,1.440577,1.728423,0.05695,,0,
RE,2022-Q1,10267,0.246146,0.748765,1.485731,1.402693,1.817084,0.054057,,0,
RE,2022-Q2,10757,0.226288,0.832226,1.325927,1.349021,1.822069,0.053454,,0,
RE,2022-Q3,11194,0.19786,0.90666,1.223423,1.288284,1.773897,0.054047,,0,
RE,2022-Q4,11670,0.210581,0.987736,1.180805,1.298578,1.777721,0.052956,,0,
RE,2023-Q1,12283,0.196357,1.092148,1.392657,1.281893,1.785557,0.053163,,0,
RE,2023-Q2,12977,0.206377,1.210356,1.379055,1.29825,1.710334,0.052786,,0,
RE,2023-Q3,13570,0.212257,1.311361,1.369565,1.334,1.666986,0.052763,,0,
RE,2023-Q4,14214,0.217995,1.421053,1.227944,1.339284,1.621781,0.051006,,0,
RE,2024-Q1,15190,0.236669,1.587293,1.072943,1.255259,1.602831,0.049638,,0,
RE,2024-Q2,15796,0.21723,1.690513,0.930299,1.140582,1.577488,0.04919,,0,
RE,2024-Q3,16506,0.21636,1.811446,0.947534,1.038586,1.577972,0.048952,,0,
RE,2024-Q4,17117,0.204235,1.915517,0.929602,0.968054,1.529532,0.046328,,0,
RE,2025-Q1,18192,0.19763,2.09862,1.11527,0.9841,1.503298,0.046944,,0,
RE,2025-Q2,19262,0.219423,2.280872,1.146091,1.039957,1.453068,0.047088,,0,
RE,2025-Q3,20702,0.254211,2.526145,1.176988,1.09791,1.504879,0.044682,,0,
RE,2025-Q4,22269,0.300987,2.793051,1.583053,1.268063,1.41349,0.044232,,0,
RE,2026-Q1,24175,0.328881,3.117697,1.860228,1.465906,1.390569,0.043392,,0,
RO,2020-Q1,216516,,0,1.675391,,2.033111,0.058749,11383.434022,3,2025
RO,2020-Q2,235652,,0.088381,1.944728,,2.028483,0.058688,12389.51853,3,2025
RO,2020-Q3,249973,,0.154524,1.346497,,2.018382,0.058878,13142.452071,3,2025
RO,2020-Q4,270853,,0.250961,1.474065,1.600083,1.991815,0.0576,14240.228228,5,2025
RO,2021-Q1,291342,0.345591,0.345591,1.509841,1.55943,2.001678,0.055014,15317.44737,6,2025
RO,2021-Q2,307215,0.303681,0.418902,1.552968,1.476544,2.022291,0.055486,16151.978066,6,2025
RO,2021-Q3,321946,0.287923,0.486939,1.127832,1.409596,2.02419,0.055407,16926.467557,6,2025
RO,2021-Q4,341462,0.260691,0.577075,1.352417,1.380288,2.029558,0.054234,17952.53075,7,2025
RO,2022-Q1,366434,0.257745,0.692411,1.321177,1.335859,2.037251,0.052481,19265.445797,7,2025
RO,2022-Q2,387083,0.259974,0.78778,1.344601,1.291173,2.049292,0.051028,20351.077017,7,2025
RO,2022-Q3,404462,0.256304,0.868047,1.093804,1.273006,2.053389,0.050541,21264.786396,6,2025
RO,2022-Q4,425122,0.245005,0.963467,1.242535,1.247695,2.062573,0.05047,22350.995945,8,2025
RO,2023-Q1,444800,0.213861,1.054352,1.342237,1.256799,2.071117,0.050895,23385.576367,8,2025
RO,2023-Q2,465336,0.202161,1.149199,1.372862,1.268308,2.088076,0.050505,24465.266557,8,2025
RO,2023-Q3,481867,0.191378,1.225549,1.031289,1.244296,2.084633,0.050539,25334.391923,8,2025
RO,2023-Q4,502831,0.182792,1.322373,1.135608,1.215849,2.076437,0.050492,26436.584421,8,2025
RO,2024-Q1,530143,0.191868,1.448517,1.234144,1.192357,2.077187,0.050415,27872.526106,8,2025
RO,2024-Q2,548585,0.178901,1.533693,1.207441,1.155661,2.089545,0.050078,28842.123227,7,2025
RO,2024-Q3,565410,0.173374,1.611401,0.962413,1.132682,2.109294,0.050825,29726.705787,7,2025
RO,2024-Q4,589523,0.172408,1.722769,1.018518,1.101893,2.096604,0.050719,30994.458491,7,2025
RO,2025-Q1,623074,0.175294,1.877727,1.124935,1.077929,2.080069,0.050418,32758.418637,7,2025
RO,2025-Q2,650398,0.185592,2.003926,1.253605,1.095723,2.060045,0.049754,34194.991228,7,2025
RO,2025-Q3,686205,0.213641,2.169304,1.036416,1.109326,2.018907,0.048707,36077.561671,7,2025
RO,2025-Q4,734669,0.246209,2.39314,1.215128,1.158044,1.963132,0.047234,38625.580046,8,2025
RO,2026-Q1,795527,0.276778,2.674218,1.577493,1.281635,1.934032,0.047118,41825.218999,13,2025
RS,2020-Q1,96769,,0,1.80253,,2.114572,0.050533,14775.826394,0,2025
RS,2020-Q2,103646,,0.071066,1.937074,,2.1141,0.050788,15825.887448,0,2025
RS,2020-Q3,109737,,0.13401,1.496542,,2.126594,0.051168,16755.932799,0,2025
RS,2020-Q4,117828,,0.217621,1.542571,1.685086,2.117171,0.050226,17991.361618,0,2025
RS,2021-Q1,125527,0.297182,0.297182,1.615883,1.641184,2.110207,0.049981,19166.935277,2,2025
RS,2021-Q2,132378,0.277213,0.367979,1.537771,1.549814,2.123971,0.049276,20213.026346,2,2025
RS,2021-Q3,139109,0.267658,0.437537,1.289205,1.490753,2.153175,0.048818,21240.794406,2,2025
RS,2021-Q4,148494,0.260261,0.53452,1.409767,1.457515,2.177051,0.048736,22673.806329,2,2025
RS,2022-Q1,156374,0.24574,0.615951,1.468786,1.426081,2.144033,0.047668,23877.017191,2,2025
RS,2022-Q2,164898,0.24566,0.704037,1.688322,1.47282,2.201876,0.047957,25178.561531,3,2025
RS,2022-Q3,173622,0.2481,0.79419,1.423598,1.499237,2.233933,0.047431,26510.644217,2,2025
RS,2022-Q4,185608,0.249936,0.918052,1.593412,1.544447,2.297277,0.047697,28340.807339,2,2025
RS,2023-Q1,194954,0.246716,1.014633,1.721893,1.609008,2.33491,0.04797,29767.864284,5,2025
RS,2023-Q2,205208,0.244454,1.120596,1.61234,1.592686,2.363417,0.048288,31333.565323,5,2025
RS,2023-Q3,215144,0.239152,1.223274,1.396892,1.576746,2.390339,0.048572,32850.710391,2,2025
RS,2023-Q4,224194,0.20789,1.316796,1.402955,1.526649,2.389743,0.049167,34232.570582,4,2025
RS,2024-Q1,233915,0.199847,1.417251,1.510344,1.478977,2.38738,0.049569,35716.886927,6,2025
RS,2024-Q2,242554,0.181991,1.506526,1.423126,1.434302,2.387217,0.04949,37035.990816,2,2025
RS,2024-Q3,248951,0.157137,1.572632,1.296572,1.40667,2.383405,0.050528,38012.759837,2,2025
RS,2024-Q4,256977,0.146226,1.655572,1.337264,1.389363,2.363861,0.05181,39238.263693,3,2025
RS,2025-Q1,268158,0.146391,1.771115,1.307759,1.340002,2.34134,0.052913,40945.50997,3,2025
RS,2025-Q2,277397,0.14365,1.86659,1.430913,1.344811,2.331117,0.051965,42356.228899,3,2025
RS,2025-Q3,290242,0.16586,1.999328,1.447878,1.383175,2.289035,0.05205,44317.55422,4,2025
RS,2025-Q4,306091,0.191122,2.16311,1.574787,1.44487,2.241922,0.050936,46737.56551,6,2025
RS,2026-Q1,325368,0.213344,2.362316,1.898493,1.598621,2.188221,0.050534,49681.004064,8,2025
RU,2020-Q1,1283298,,0,2.153607,,2.382674,0.052257,8942.012689,55,2025
RU,2020-Q2,1402697,,0.093041,2.462086,,2.389289,0.051223,9773.984197,63,2025
RU,2020-Q3,1518924,,0.18361,1.948531,,2.36313,0.049676,10583.853229,63,2025
RU,2020-Q4,1647055,,0.283455,2.217721,2.192364,2.367612,0.048205,11476.669261,63,2025
RU,2021-Q1,1762587,0.373482,0.373482,2.06162,2.163822,2.385441,0.047551,12281.695537,73,2025
RU,2021-Q2,1867985,0.33171,0.455613,2.106255,2.086443,2.426168,0.047257,13016.108162,76,2025
RU,2021-Q3,1986086,0.307561,0.547642,1.815515,2.041203,2.436922,0.046395,13839.035215,82,2025
RU,2021-Q4,2130228,0.293356,0.659964,2.125337,2.026809,2.453696,0.044967,14843.415798,89,2025
RU,2022-Q1,2312304,0.311881,0.801845,1.871528,1.976136,2.437566,0.042924,16112.120262,90,2025
RU,2022-Q2,2427801,0.29969,0.891845,1.942173,1.939381,2.357907,0.040376,16916.902659,89,2025
RU,2022-Q3,2542465,0.280138,0.981196,1.712699,1.904288,2.373777,0.039595,17715.880716,95,2025
RU,2022-Q4,2653716,0.245743,1.067888,1.881836,1.850901,2.341838,0.037516,18491.07701,90,2025
RU,2023-Q1,2790032,0.206603,1.174111,1.748013,1.818757,2.351746,0.036655,19440.926072,95,2025
RU,2023-Q2,2926677,0.205485,1.28059,1.741773,1.770654,2.378713,0.03609,20393.067604,97,2025
RU,2023-Q3,3060711,0.203836,1.385035,1.370732,1.676465,2.383172,0.035814,21327.015704,83,2025
RU,2023-Q4,3209599,0.209473,1.501055,1.540603,1.594621,2.398945,0.035416,22364.466386,77,2025
RU,2024-Q1,3404378,0.220193,1.652835,1.330366,1.489268,2.3638,0.034449,23721.685278,74,2025
RU,2024-Q2,3546635,0.21183,1.763688,1.370519,1.401519,2.364921,0.034008,24712.931192,78,2025
RU,2024-Q3,3664948,0.197417,1.855882,1.068684,1.320105,2.342054,0.033711,25537.335459,62,2025
RU,2024-Q4,3819579,0.190049,1.976377,1.287491,1.26245,2.285435,0.032402,26614.80333,54,2025
RU,2025-Q1,3962314,0.163888,2.087602,1.129676,1.211941,2.242404,0.031866,27609.379946,56,2025
RU,2025-Q2,4097212,0.155239,2.192721,1.215414,1.176674,2.216283,0.031444,28549.348392,60,2025
RU,2025-Q3,4273520,0.166052,2.330107,0.938878,1.138262,2.140725,0.030334,29777.861468,56,2025
RU,2025-Q4,4490870,0.17575,2.499476,1.208678,1.123179,2.10612,0.029358,31292.354951,57,2025
RU,2026-Q1,4627668,0.167921,2.606074,1.154693,1.130046,2.061169,0.0286,32245.562586,64,2025
RW,2020-Q1,9848,,0,3.538688,,3.016653,0.08093,675.939976,0,2025
RW,2020-Q2,10680,,0.084484,2.693727,,3.07706,0.086049,733.046196,0,2025
RW,2020-Q3,11636,,0.18156,3.258766,,3.106824,0.085854,798.66344,0,2025
RW,2020-Q4,12597,,0.279143,3.730174,3.318201,3.210844,0.087481,864.62387,0,2025
RW,2021-Q1,13414,0.362104,0.362104,3.15126,3.226933,3.363501,0.089757,920.700531,0,2025
RW,2021-Q2,14468,0.354682,0.469131,2.919477,3.250849,3.484587,0.089992,993.044229,2,2025
RW,2021-Q3,15679,0.347456,0.5921,2.690669,3.09281,3.562919,0.087633,1076.16398,2,2025
RW,2021-Q4,16831,0.336112,0.709078,2.47561,2.787853,3.632523,0.086626,1155.234132,2,2025
RW,2022-Q1,18261,0.361339,0.854285,4.404085,3.16553,3.854444,0.085647,1253.385448,2,2025
RW,2022-Q2,20011,0.383121,1.031986,5.352156,3.834011,3.964969,0.083004,1373.500696,2,2025
RW,2022-Q3,21625,0.379233,1.195877,4.947884,4.381582,4.013364,0.081017,1484.281273,2,2025
RW,2022-Q4,23360,0.387915,1.372055,4.712072,4.859615,4.187543,0.080308,1603.366961,2,2025
RW,2023-Q1,26313,0.44094,1.671913,9.324668,6.237436,4.212899,0.077414,1806.052861,2,2025
RW,2023-Q2,29619,0.480136,2.007616,6.60029,6.519476,4.233836,0.0761,2032.967723,2,2025
RW,2023-Q3,31819,0.471399,2.231011,6.089161,6.702118,4.353154,0.075395,2183.969749,2,2025
RW,2023-Q4,34422,0.473545,2.495329,4.506275,6.463949,4.367498,0.073558,2362.6326,2,2025
RW,2024-Q1,39128,0.487022,2.973193,5.064864,5.50077,4.425501,0.070384,2685.639659,2,2025
RW,2024-Q2,42631,0.439313,3.328899,4.756984,5.06648,4.585771,0.07206,2926.076066,2,2025
RW,2024-Q3,45978,0.444986,3.668765,3.962243,4.552717,4.576406,0.072121,3155.805057,2,2025
RW,2024-Q4,50032,0.453489,4.080422,3.917933,4.383053,4.536697,0.068596,3434.060607,2,2025
RW,2025-Q1,55098,0.408148,4.594842,4.1428,4.177027,4.524048,0.067952,3781.777089,2,2025
RW,2025-Q2,61638,0.445849,5.258936,3.853418,3.967055,4.583001,0.066453,4230.664928,2,2025
RW,2025-Q3,69137,0.503697,6.02041,3.567656,3.85094,4.46512,0.064047,4745.375923,2,2025
RW,2025-Q4,78206,0.56312,6.941308,3.46031,3.722564,4.289684,0.06075,5367.847454,2,2025
RW,2026-Q1,87857,0.594559,7.921304,3.732884,3.647616,4.227415,0.058789,6030.265885,2,2025
SA,2020-Q1,166866,,0,0.394197,,1.186635,0.106151,4513.117551,0,2025
SA,2020-Q2,191828,,0.149593,0.503065,,1.145208,0.096222,5188.248736,0,2025
SA,2020-Q3,213878,,0.281735,0.508313,,1.11817,0.088742,5784.620927,0,2025
SA,2020-Q4,234329,,0.404294,0.440018,0.463633,1.099736,0.083242,6337.745992,0,2025
SA,2021-Q1,255614,0.531852,0.531852,0.411014,0.461552,1.09692,0.078458,6913.427719,2,2025
SA,2021-Q2,273934,0.428019,0.641641,0.430976,0.444841,1.10366,0.074912,7408.916995,2,2025
SA,2021-Q3,294430,0.376626,0.76447,0.445036,0.432068,1.122848,0.071117,7963.259146,2,2025
SA,2021-Q4,314763,0.343252,0.886322,0.608569,0.47922,1.189883,0.068035,8513.19274,2,2025
SA,2022-Q1,336367,0.315918,1.015791,0.418727,0.476831,1.215595,0.065149,9097.502255,2,2025
SA,2022-Q2,356148,0.300123,1.134335,0.395807,0.464312,1.22943,0.062438,9632.50626,2,2025
SA,2022-Q3,378763,0.286428,1.269863,0.457064,0.466426,1.242035,0.06004,10244.159643,2,2025
SA,2022-Q4,400801,0.273342,1.401933,0.39465,0.416491,1.263739,0.057894,10840.207278,2,2025
SA,2023-Q1,426067,0.266673,1.553348,0.420669,0.417149,1.267737,0.056902,11523.560556,2,2025
SA,2023-Q2,452266,0.269882,1.710354,0.373157,0.409732,1.267493,0.054771,12232.148085,2,2025
SA,2023-Q3,481930,0.272379,1.888126,0.480676,0.418967,1.258793,0.052493,13034.451245,2,2025
SA,2023-Q4,510284,0.27316,2.058047,0.461941,0.4359,1.274032,0.051025,13801.323676,2,2025
SA,2024-Q1,546224,0.282014,2.273429,0.379196,0.423601,1.266411,0.04896,14773.369777,2,2025
SA,2024-Q2,569919,0.260141,2.415429,0.368944,0.419648,1.284272,0.047916,15414.233227,2,2025
SA,2024-Q3,596230,0.237171,2.573107,0.398635,0.400778,1.301828,0.046804,16125.849949,2,2025
SA,2024-Q4,630310,0.235214,2.777342,0.431324,0.395675,1.317371,0.045655,17047.589825,2,2025
SA,2025-Q1,671395,0.229157,3.023558,0.436144,0.410332,1.332083,0.044433,18158.789437,2,2025
SA,2025-Q2,721658,0.266247,3.324776,0.626021,0.478755,1.325859,0.042462,19518.220523,2,2025
SA,2025-Q3,803391,0.347451,3.814588,0.678382,0.55239,1.286723,0.039301,21728.80049,2,2025
SA,2025-Q4,901427,0.430133,4.402101,0.814855,0.653396,1.253081,0.036167,24380.317229,3,2025
SA,2026-Q1,988061,0.471654,4.921284,1.020009,0.8022,1.243998,0.034477,26723.451397,3,2025
SB,2020-Q1,202,,0,,,2.386139,,240.864728,0,2025
SB,2020-Q2,229,,0.133663,,,1.895197,,273.059519,0,2025
SB,2020-Q3,248,,0.227723,,,1.903226,,295.715112,0,2025
SB,2020-Q4,294,,0.455446,,,1.680272,,350.565496,0,2025
SB,2021-Q1,313,0.549505,0.549505,,,2.367412,,373.221089,0,2025
SB,2021-Q2,330,0.441048,0.633663,,,2.351515,,393.491883,0,2025
SB,2021-Q3,352,0.419355,0.742574,,,2.221591,,419.724675,0,2025
SB,2021-Q4,379,0.289116,0.876238,,,1.98153,,451.919465,0,2025
SB,2022-Q1,399,0.27476,0.975248,,,2.195489,,475.767458,0,2025
SB,2022-Q2,433,0.312121,1.143564,,,1.685912,,516.309046,0,2025
SB,2022-Q3,463,0.315341,1.292079,,,2.075594,,552.081035,0,2025
SB,2022-Q4,490,0.292876,1.425743,,,2.07551,,584.275826,0,2025
SB,2023-Q1,541,0.35589,1.678218,,,2.330869,,645.088208,0,2025
SB,2023-Q2,589,0.360277,1.915842,,,2.439728,,702.323391,0,2025
SB,2023-Q3,631,0.362851,2.123762,,,2.077655,,752.404176,0,2025
SB,2023-Q4,657,0.340816,2.252475,,,1.814307,,783.406567,0,2025
SB,2024-Q1,710,0.312384,2.514851,,,1.690141,,846.603748,0,2025
SB,2024-Q2,751,0.275042,2.717822,,,1.6751,,895.492133,0,2025
SB,2024-Q3,783,0.240887,2.876238,,,1.646232,,933.648922,0,2025
SB,2024-Q4,816,0.242009,3.039604,,,1.671569,,972.99811,0,2025
SB,2025-Q1,894,0.259155,3.425743,,,1.583893,,1066.005282,0,2025
SB,2025-Q2,1030,0.371505,4.09901,,,1.137864,,1228.171634,0,2025
SB,2025-Q3,1169,0.492976,4.787129,,,1.076989,,1393.915185,0,2025
SB,2025-Q4,1315,0.61152,5.509901,,,1.260837,,1568.005533,0,2025
SB,2026-Q1,1533,0.714765,6.589109,,,1.033268,,1827.948655,0,2025
SC,2020-Q1,831,,0,,,1.243081,,6770.960645,0,2025
SC,2020-Q2,849,,0.021661,,,1.1649,,6917.624053,0,2025
SC,2020-Q3,885,,0.064982,,,1.055367,,7210.950868,0,2025
SC,2020-Q4,991,,0.192539,,,1.161453,,8074.635378,0,2025
SC,2021-Q1,1153,0.387485,0.387485,,,2.138768,,9394.606046,0,2025
SC,2021-Q2,1391,0.638398,0.673887,,,1.708843,,11333.822211,0,2025
SC,2021-Q3,1610,0.819209,0.937425,,,1.919876,,13118.227002,0,2025
SC,2021-Q4,1510,0.523713,0.817088,1.103311,,2.506623,,12303.430294,0,2025
SC,2022-Q1,2065,0.79098,1.484958,2.078935,,3.62276,0.056659,16825.552025,0,2025
SC,2022-Q2,2526,0.81596,2.039711,2.343626,,4.541568,0.054236,20581.76485,0,2025
SC,2022-Q3,3544,1.201242,3.264741,2.010158,1.970244,5.332957,0.048815,28876.395339,0,2025
SC,2022-Q4,4116,1.725828,3.953069,1.761419,2.006938,6.024538,0.056122,33537.03251,0,2025
SC,2023-Q1,4711,1.281356,4.669073,1.340267,1.786131,5.863935,0.054553,38385.072924,0,2025
SC,2023-Q2,7290,1.885986,7.772563,1.519753,1.615737,4.237174,0.042798,59398.680029,0,2025
SC,2023-Q3,7112,1.006772,7.558363,0.969629,1.357742,3.556102,0.040917,57948.341889,0,2025
SC,2023-Q4,6005,0.458941,6.226233,0.373689,1.056334,2.330558,0.030641,48928.542329,0,2025
SC,2024-Q1,6780,0.439185,7.158845,0.559882,0.883327,1.850147,0.028171,55243.216817,0,2025
SC,2024-Q2,7241,-0.006722,7.713598,0.231184,0.538359,1.879575,0.02914,58999.429642,0,2025
SC,2024-Q3,7984,0.12261,8.607702,0.491984,0.415637,2.486598,0.029684,65053.369184,0,2025
SC,2024-Q4,8441,0.405662,9.157641,1.270584,0.660941,2.195356,0.036252,68776.990141,0,2025
SC,2025-Q1,9309,0.373009,10.202166,1.297454,0.86141,1.79031,0.023526,75849.425568,0,2025
SC,2025-Q2,9739,0.34498,10.719615,1.752952,1.234826,2.030804,0.031625,79353.051414,0,2025
SC,2025-Q3,15249,0.909945,17.350181,1.886091,1.605971,2.701423,0.029641,124248.350037,0,2025
SC,2025-Q4,21288,1.521976,24.617329,1.291479,1.536458,2.508127,0.04364,173453.923246,0,2025
SC,2026-Q1,26777,1.876464,31.222623,1.23453,1.456244,2.502259,0.033872,218178.11456,0,2025
SD,2020-Q1,11010,,0,0.497911,,1.172389,0.092007,213.115417,0,2025
SD,2020-Q2,12353,,0.12198,0.615154,,1.173561,0.086619,239.111239,0,2025
SD,2020-Q3,13543,,0.230064,0.569815,,1.164365,0.080706,262.145512,0,2025
SD,2020-Q4,15434,,0.401817,0.580796,0.568628,1.134767,0.076001,298.748714,0,2025
SD,2021-Q1,16853,0.530699,0.530699,0.580668,0.585497,1.185724,0.072925,326.215633,0,2025
SD,2021-Q2,18265,0.478588,0.658946,0.47758,0.549029,1.212154,0.070627,353.547056,0,2025
SD,2021-Q3,19939,0.472273,0.81099,0.496615,0.53021,1.232961,0.067456,385.949891,2,2025
SD,2021-Q4,21177,0.372101,0.923433,0.339567,0.467009,1.213959,0.063418,409.913278,2,2025
SD,2022-Q1,22924,0.360233,1.082107,0.628773,0.488792,1.251178,0.060722,443.729139,2,2025
SD,2022-Q2,24321,0.331563,1.208992,0.545167,0.506626,1.23786,0.058591,470.770214,2,2025
SD,2022-Q3,26463,0.327198,1.403542,0.730756,0.571239,1.248082,0.053924,512.231905,2,2025
SD,2022-Q4,28745,0.357369,1.610808,1.972552,1.012289,1.258654,0.050374,556.403511,2,2025
SD,2023-Q1,30819,0.344399,1.799183,1.272884,1.164742,1.258672,0.049353,596.548959,0,2025
SD,2023-Q2,31327,0.288064,1.845322,0.392473,1.086993,1.202796,0.04702,606.382077,0,2025
SD,2023-Q3,32219,0.217511,1.92634,2.745275,1.597555,1.150532,0.043266,623.648104,0,2025
SD,2023-Q4,32549,0.132336,1.956312,1.243817,1.4219,1.106025,0.041384,630.035759,0,2025
SD,2024-Q1,32488,0.054155,1.950772,0.457554,1.213963,1.044724,0.039707,628.855011,0,2025
SD,2024-Q2,32501,0.037476,1.951953,0.429002,1.21568,0.997415,0.037999,629.106646,0,2025
SD,2024-Q3,32824,0.018778,1.98129,0.416403,0.636389,0.977364,0.037107,635.358805,0,2025
SD,2024-Q4,33450,0.027681,2.038147,0.264006,0.390872,0.957967,0.036532,647.475994,0,2025
SD,2025-Q1,34532,0.062916,2.136421,0.31924,0.356065,0.945355,0.034606,668.419762,0,2025
SD,2025-Q2,35794,0.10132,2.251045,0.38716,0.346859,0.95516,0.03333,692.847705,0,2025
SD,2025-Q3,39846,0.213929,2.619074,0.491367,0.371057,0.922677,0.030066,771.280373,0,2025
SD,2025-Q4,45023,0.345979,3.089282,0.603158,0.461465,0.880439,0.026986,871.489139,0,2025
SD,2026-Q1,49732,0.440171,3.516985,0.7351,0.570152,0.876357,0.025175,962.639048,0,2025
SE,2020-Q1,321505,,0,2.581587,,2.685352,0.066316,30340.334937,8,2025
SE,2020-Q2,339616,,0.056332,2.617138,,2.663352,0.067874,32049.464829,8,2025
SE,2020-Q3,358195,,0.11412,2.046221,,2.642558,0.067555,33802.759748,8,2025
SE,2020-Q4,378992,,0.178806,2.618757,2.463155,2.656111,0.067928,35765.366692,11,2025
SE,2021-Q1,398837,0.240531,0.240531,2.48493,2.443237,2.655997,0.068509,37638.133669,12,2025
SE,2021-Q2,415782,0.224271,0.293236,2.415155,2.397654,2.670101,0.067976,39237.228475,13,2025
SE,2021-Q3,433647,0.210645,0.348803,1.716634,2.293528,2.65569,0.067225,40923.143417,13,2025
SE,2021-Q4,456674,0.20497,0.420426,2.272393,2.215571,2.676971,0.066706,43096.194824,16,2025
SE,2022-Q1,485345,0.216901,0.509603,2.230865,2.159746,2.67193,0.066118,45801.868898,18,2025
SE,2022-Q2,509831,0.226198,0.585764,2.081215,2.08219,2.681285,0.065541,48112.605718,16,2025
SE,2022-Q3,532188,0.227238,0.655302,1.666298,2.050532,2.665797,0.06478,50222.429416,15,2025
SE,2022-Q4,558592,0.223175,0.737429,2.230712,2.050211,2.675726,0.064279,52714.167348,21,2025
SE,2023-Q1,585385,0.206121,0.820765,2.147956,2.036276,2.644395,0.06399,55242.615098,22,2025
SE,2023-Q2,610668,0.197785,0.899404,1.892704,1.987918,2.632966,0.063738,57628.56458,19,2025
SE,2023-Q3,636330,0.195686,0.979223,1.520867,1.935205,2.605888,0.063201,60050.280184,17,2025
SE,2023-Q4,665114,0.190697,1.068752,2.043525,1.897958,2.621158,0.062998,62766.618035,19,2025
SE,2024-Q1,699608,0.195125,1.176041,1.931699,1.850963,2.576143,0.062599,66021.806954,20,2025
SE,2024-Q2,729456,0.194521,1.268879,1.784439,1.823855,2.559426,0.062307,68838.55418,18,2025
SE,2024-Q3,752930,0.183238,1.341892,1.426119,1.786391,2.548638,0.062295,71053.78885,16,2025
SE,2024-Q4,784016,0.178769,1.438581,1.89873,1.758425,2.560369,0.062977,73987.365783,19,2025
SE,2025-Q1,822949,0.1763,1.559677,1.823461,1.73651,2.52651,0.063215,77661.461862,18,2025
SE,2025-Q2,859715,0.17857,1.674033,1.826126,1.74958,2.496929,0.063199,81131.058772,22,2025
SE,2025-Q3,906885,0.204475,1.820749,1.568017,1.772964,2.441783,0.062206,85582.478186,20,2025
SE,2025-Q4,962139,0.227193,1.99261,1.981772,1.801767,2.389794,0.061349,90796.78237,21,2025
SE,2026-Q1,1029024,0.25041,2.200647,2.32573,1.940498,2.308932,0.060982,97108.700699,29,2025
SG,2020-Q1,302591,,0,1.921696,,3.110763,0.062044,49514.373259,3,2025
SG,2020-Q2,330375,,0.09182,2.214511,,2.976387,0.061597,54060.798455,5,2025
SG,2020-Q3,371132,,0.226514,1.986167,,3.508889,0.063649,60730.056004,7,2025
SG,2020-Q4,402074,,0.328771,2.056539,2.046064,3.598273,0.062687,65793.239434,9,2025
SG,2021-Q1,429261,0.418618,0.418618,1.789284,1.998706,3.169105,0.060504,70241.974743,10,2025
SG,2021-Q2,477580,0.445569,0.578302,1.995982,1.955494,3.40147,0.061766,78148.637537,11,2025
SG,2021-Q3,518833,0.397974,0.714635,1.935665,1.943637,3.359757,0.060353,84899.057873,12,2025
SG,2021-Q4,562951,0.400118,0.860435,1.986043,1.932814,3.390245,0.059128,92118.291491,12,2025
SG,2022-Q1,615939,0.434882,1.03555,1.801625,1.923991,3.553832,0.058087,100788.964479,14,2025
SG,2022-Q2,672124,0.407354,1.221229,1.768215,1.865303,3.661981,0.057656,109982.777453,17,2025
SG,2022-Q3,724785,0.396952,1.395263,1.769788,1.824254,3.729196,0.057006,118599.94191,21,2025
SG,2022-Q4,774024,0.37494,1.557988,1.800352,1.784934,3.643077,0.055874,126657.148584,21,2025
SG,2023-Q1,850023,0.380044,1.809148,1.865965,1.804331,3.667197,0.05693,139093.218571,24,2025
SG,2023-Q2,943281,0.403433,2.117347,1.68356,1.7771,3.617454,0.053498,154353.459032,27,2025
SG,2023-Q3,1020658,0.408222,2.373061,1.554748,1.715326,3.687236,0.053265,167015.01757,23,2025
SG,2023-Q4,1091989,0.410795,2.608795,1.554649,1.653556,3.67608,0.052988,178687.240997,25,2025
SG,2024-Q1,1180464,0.388744,2.901187,1.35401,1.527469,3.666395,0.052554,193164.816913,25,2025
SG,2024-Q2,1235877,0.31019,3.084315,1.364151,1.450392,3.623828,0.053132,202232.303935,25,2025
SG,2024-Q3,1311862,0.28531,3.33543,1.330936,1.395784,3.602861,0.053439,214666.083036,27,2025
SG,2024-Q4,1398636,0.280815,3.6222,1.424059,1.36966,3.554185,0.053302,228865.316408,26,2025
SG,2025-Q1,1524913,0.291791,4.039519,1.359871,1.370309,3.718582,0.054193,249528.609474,31,2025
SG,2025-Q2,1629902,0.318822,4.386485,1.354427,1.367193,3.628462,0.053008,266708.448048,31,2025
SG,2025-Q3,1794116,0.36761,4.929178,1.460071,1.400938,3.582072,0.053875,293579.548941,37,2025
SG,2025-Q4,1944204,0.390071,5.425188,1.479147,1.418305,3.456243,0.050876,318139.146727,34,2025
SG,2026-Q1,2170580,0.423412,6.173313,1.899273,1.568606,3.346334,0.049516,355182.104914,65,2025
SI,2020-Q1,38214,,0,1.92576,,2.346077,0.053985,17932.543902,0,2025
SI,2020-Q2,40710,,0.065316,2.106166,,2.312184,0.05576,19103.832686,0,2025
SI,2020-Q3,42549,,0.11344,1.671814,,2.307575,0.056876,19966.813484,0,2025
SI,2020-Q4,45506,,0.19082,1.951721,1.912109,2.272755,0.057707,21354.434051,0,2025
SI,2021-Q1,47992,0.255875,0.255875,1.850642,1.892468,2.249958,0.056843,22521.030171,0,2025
SI,2021-Q2,50093,0.230484,0.310855,1.66119,1.783491,2.257002,0.056954,23506.958751,2,2025
SI,2021-Q3,51881,0.219324,0.357644,1.395906,1.70493,2.283495,0.056938,24346.006966,2,2025
SI,2021-Q4,54561,0.198985,0.427775,1.761918,1.665223,2.262495,0.057605,25603.640756,2,2025
SI,2022-Q1,58230,0.213327,0.523787,1.859471,1.676456,2.245063,0.056346,27325.378956,2,2025
SI,2022-Q2,60983,0.217396,0.595829,1.664923,1.676728,2.249299,0.05613,28617.269189,2,2025
SI,2022-Q3,62948,0.213315,0.64725,1.363808,1.655064,2.247982,0.056904,29539.377546,2,2025
SI,2022-Q4,65814,0.206246,0.722248,1.641961,1.628075,2.229176,0.057617,30884.294876,2,2025
SI,2023-Q1,68774,0.181075,0.799707,1.767645,1.613085,2.21479,0.058583,32273.323241,0,2025
SI,2023-Q2,72020,0.180985,0.88465,1.796473,1.650355,2.190114,0.057901,33796.561779,0,2025
SI,2023-Q3,74300,0.180339,0.944314,1.482759,1.670237,2.195034,0.058089,34866.489034,0,2025
SI,2023-Q4,77396,0.175981,1.025331,1.51097,1.634456,2.161236,0.058879,36319.337621,2,2025
SI,2024-Q1,80949,0.177029,1.118307,1.544528,1.580497,2.149267,0.059692,37986.640926,2,2025
SI,2024-Q2,83423,0.158331,1.183048,1.561811,1.526352,2.148484,0.0599,39147.60585,1,2025
SI,2024-Q3,85725,0.153769,1.243288,1.281983,1.472276,2.146725,0.059971,40227.856964,1,2025
SI,2024-Q4,89466,0.155951,1.341184,1.469631,1.462759,2.143664,0.061208,41983.38234,2,2025
SI,2025-Q1,95306,0.177359,1.494007,1.505299,1.455513,2.102155,0.060699,44723.897764,0,2025
SI,2025-Q2,98155,0.176594,1.568561,1.681514,1.491632,2.101482,0.061668,46060.837565,0,2025
SI,2025-Q3,102504,0.195731,1.682368,1.452558,1.527869,2.056447,0.060524,48101.676876,0,2025
SI,2025-Q4,109273,0.221391,1.859502,1.717487,1.591857,2.023116,0.060353,51278.140729,0,2025
SI,2026-Q1,117306,0.230835,2.069713,2.02762,1.730813,1.960769,0.059656,55047.757235,0,2025
SK,2020-Q1,55554,,0,1.778054,,2.082928,0.060932,10261.529166,0,2025
SK,2020-Q2,60596,,0.090759,2.218249,,2.089643,0.061506,11192.850584,0,2025
SK,2020-Q3,64339,,0.158134,1.489361,,2.079718,0.061285,11884.230209,0,2025
SK,2020-Q4,69384,,0.248947,1.912617,1.847835,2.023348,0.059927,12816.105765,0,2025
SK,2021-Q1,74875,0.347788,0.347788,1.94607,1.889559,2.012968,0.05998,13830.363184,2,2025
SK,2021-Q2,78489,0.295284,0.412842,1.822294,1.801792,2.010027,0.059524,14497.914871,2,2025
SK,2021-Q3,82378,0.280374,0.482846,1.486999,1.782683,2.010646,0.059154,15216.262549,2,2025
SK,2021-Q4,86324,0.244149,0.553876,1.739053,1.742997,2.004448,0.05857,15945.138851,2,2025
SK,2022-Q1,92645,0.237329,0.667657,1.671693,1.678816,1.977128,0.055891,17112.707809,2,2025
SK,2022-Q2,97625,0.243805,0.757299,1.641967,1.637423,2.005685,0.055211,18032.57704,2,2025
SK,2022-Q3,102527,0.244592,0.845538,1.403581,1.60687,2.021038,0.054688,18938.03868,2,2025
SK,2022-Q4,107129,0.241011,0.928376,1.671966,1.595775,1.988808,0.053748,19788.086511,2,2025
SK,2023-Q1,113578,0.225949,1.044461,1.758157,1.622886,2.000449,0.053267,20979.298694,2,2025
SK,2023-Q2,119251,0.221521,1.146578,1.644959,1.624625,1.989954,0.053366,22027.173824,2,2025
SK,2023-Q3,124732,0.216577,1.245239,1.316382,1.590656,1.955601,0.053378,23039.584116,2,2025
SK,2023-Q4,130512,0.21827,1.349282,1.480921,1.543466,1.940664,0.053229,24107.223504,2,2025
SK,2024-Q1,137731,0.212656,1.479227,1.40097,1.457546,1.920541,0.052581,25440.664463,2,2025
SK,2024-Q2,142443,0.194481,1.564046,1.454385,1.414964,1.925219,0.051866,26311.030691,2,2025
SK,2024-Q3,147801,0.184949,1.660492,1.130479,1.361693,1.92971,0.052774,27300.721322,2,2025
SK,2024-Q4,154214,0.181608,1.77593,1.375647,1.338661,1.905916,0.055144,28485.283847,2,2025
SK,2025-Q1,165103,0.198735,1.971937,1.409169,1.34368,1.878815,0.056207,30496.620404,2,2025
SK,2025-Q2,172001,0.207508,2.096105,1.443509,1.345873,1.876477,0.056255,31770.768588,2,2025
SK,2025-Q3,182138,0.232319,2.278576,1.332363,1.389491,1.840742,0.053597,33643.201197,2,2025
SK,2025-Q4,196050,0.271285,2.528999,1.563469,1.44016,1.77648,0.051558,36212.924237,2,2025
SK,2026-Q1,212894,0.289462,2.832199,1.968059,1.594145,1.715534,0.051129,39324.224904,3,2025
SL,2020-Q1,1800,,0,0.391111,,1.320556,0.096667,204.086399,0,2025
SL,2020-Q2,2060,,0.144444,0.541262,,1.266019,0.087864,233.565546,0,2025
SL,2020-Q3,2427,,0.348333,0.87021,,1.31438,0.081582,275.176495,0,2025
SL,2020-Q4,2682,,0.49,0.859433,0.695284,1.398583,0.0783,304.088735,0,2025
SL,2021-Q1,2964,0.646667,0.646667,0.734818,0.76088,1.491903,0.077598,336.062271,0,2025
SL,2021-Q2,3195,0.550971,0.775,0.769953,0.803603,1.50266,0.074178,362.253359,0,2025
SL,2021-Q3,3413,0.406263,0.896111,1.080574,0.867553,1.585116,0.07237,386.970489,0,2025
SL,2021-Q4,3674,0.369873,1.041111,0.921884,0.884267,1.624932,0.06859,416.563017,0,2025
SL,2022-Q1,4123,0.391026,1.290556,1.465438,1.081361,1.655348,0.062818,467.471236,0,2025
SL,2022-Q2,4536,0.419718,1.52,1.937169,1.391083,1.710317,0.059744,514.297726,0,2025
SL,2022-Q3,4972,0.456783,1.762222,1.908488,1.600982,1.748391,0.058528,563.731987,0,2025
SL,2022-Q4,5419,0.474959,2.010556,1.419635,1.680367,1.783724,0.055361,614.413443,0,2025
SL,2023-Q1,5887,0.427844,2.270556,1.699677,1.728404,1.782062,0.055376,667.475907,0,2025
SL,2023-Q2,6232,0.373898,2.462222,0.846598,1.442203,1.815148,0.053755,706.592467,0,2025
SL,2023-Q3,6726,0.352776,2.736667,1.836158,1.455861,1.822777,0.053821,762.602845,0,2025
SL,2023-Q4,7162,0.321646,2.978889,0.778972,1.277002,1.806898,0.049288,812.037107,0,2025
SL,2024-Q1,7573,0.286394,3.207222,0.675954,1.022786,1.792949,0.049386,858.636834,0,2025
SL,2024-Q2,8009,0.285141,3.449444,0.530029,0.926128,1.825322,0.049819,908.071096,0,2025
SL,2024-Q3,8526,0.267618,3.736667,0.708069,0.670931,1.848815,0.050434,966.689245,0,2025
SL,2024-Q4,9138,0.275901,4.076667,0.620376,0.63376,1.823922,0.048151,1036.07862,0,2025
SL,2025-Q1,10164,0.342137,4.646667,0.677883,0.637358,1.763774,0.047029,1152.407868,0,2025
SL,2025-Q2,11359,0.418279,5.310556,0.804472,0.707735,1.725592,0.043402,1287.898561,0,2025
SL,2025-Q3,13328,0.563218,6.404444,0.804397,0.736957,1.644808,0.039466,1511.146405,0,2025
SL,2025-Q4,15066,0.64872,7.37,1.045666,0.851473,1.611509,0.036108,1708.203162,0,2025
SL,2026-Q1,16670,0.640102,8.261111,1.019796,0.932474,1.563167,0.034313,1890.06682,0,2025
SM,2020-Q1,349,,0,,,1.997135,,10231.903603,0,2025
SM,2020-Q2,393,,0.126074,,,1.773537,,11521.885719,0,2025
SM,2020-Q3,439,,0.25788,,,1.831435,,12870.503386,0,2025
SM,2020-Q4,466,,0.335244,,,1.939914,,13662.083321,0,2025
SM,2021-Q1,495,0.418338,0.418338,,,1.717172,,14512.298807,0,2025
SM,2021-Q2,538,0.368957,0.541547,,,1.771375,,15772.963148,0,2025
SM,2021-Q3,555,0.264237,0.590258,,,1.798198,,16271.365329,0,2025
SM,2021-Q4,578,0.240343,0.65616,,,2.107266,,16945.674162,0,2025
SM,2022-Q1,612,0.236364,0.753582,,,2.063725,,17942.478525,0,2025
SM,2022-Q2,621,0.154275,0.77937,,,2.012882,,18206.338503,0,2025
SM,2022-Q3,641,0.154955,0.836676,,,2.471139,,18792.69401,0,2025
SM,2022-Q4,665,0.150519,0.905444,,,2.577444,,19496.320619,0,2025
SM,2023-Q1,693,0.132353,0.985673,,,2.391053,,20317.218329,0,2025
SM,2023-Q2,744,0.198068,1.131805,,,2.391129,,21812.424873,0,2025
SM,2023-Q3,776,0.210608,1.223496,,,2.253866,,22750.593685,0,2025
SM,2023-Q4,793,0.192481,1.272206,,,2.332913,,23248.995866,0,2025
SM,2024-Q1,837,0.207792,1.398281,,,3.076464,,24538.977982,0,2025
SM,2024-Q2,879,0.181452,1.518625,,,2.924915,,25770.324548,0,2025
SM,2024-Q3,917,0.181701,1.627507,,,2.716467,,26884.400012,0,2025
SM,2024-Q4,962,0.213115,1.756447,,,2.720374,,28203.699903,0,2025
SM,2025-Q1,1019,0.217443,1.919771,,,2.375859,,29874.813099,0,2025
SM,2025-Q2,1119,0.273038,2.206304,,,2.2958,,32806.590636,0,2025
SM,2025-Q3,1178,0.284624,2.375358,,,2.219864,,34536.339383,0,2025
SM,2025-Q4,1297,0.348233,2.716332,1.826523,,2.111025,,38025.154651,0,2025
SM,2026-Q1,1381,0.35525,2.95702,,,2.039102,,40487.847782,0,2025
SN,2020-Q1,13736,,0,0.946418,,2.171447,0.101995,725.545355,0,2025
SN,2020-Q2,15320,,0.115317,1.233225,,2.22017,0.096279,809.21337,0,2025
SN,2020-Q3,16619,,0.209886,0.912028,,2.258559,0.092063,877.82748,0,2025
SN,2020-Q4,17895,,0.302781,0.868287,0.984552,2.311707,0.090193,945.226713,0,2025
SN,2021-Q1,20184,0.469423,0.469423,1.083878,1.020666,2.357263,0.08591,1066.133332,0,2025
SN,2021-Q2,22120,0.443864,0.610367,1.040913,0.984105,2.367586,0.082324,1168.394239,2,2025
SN,2021-Q3,23610,0.420663,0.718841,0.997332,1.002124,2.452266,0.079204,1247.097105,2,2025
SN,2021-Q4,25249,0.410953,0.838162,1.116005,1.059937,2.483306,0.076518,1333.670259,2,2025
SN,2022-Q1,27345,0.354786,0.990754,1.169464,1.085483,2.537868,0.073286,1444.38248,2,2025
SN,2022-Q2,29338,0.326311,1.135847,1.333731,1.163831,2.549833,0.069909,1549.654167,2,2025
SN,2022-Q3,31016,0.313681,1.258008,1.504997,1.29232,2.635478,0.067933,1638.287328,2,2025
SN,2022-Q4,33067,0.309636,1.407324,1.037681,1.25946,2.616748,0.065594,1746.622617,2,2025
SN,2023-Q1,35984,0.315926,1.619685,1.469403,1.336857,2.621137,0.062917,1900.700646,0,2025
SN,2023-Q2,38223,0.30285,1.782688,0.994794,1.242975,2.63017,0.060958,2018.966229,0,2025
SN,2023-Q3,40195,0.295944,1.926252,1.08404,1.144546,2.667496,0.06043,2123.128681,2,2025
SN,2023-Q4,42700,0.291318,2.10862,1.028852,1.135593,2.688665,0.058173,2255.444575,2,2025
SN,2024-Q1,45896,0.275456,2.341293,1.090749,1.051349,2.707534,0.055887,2424.259583,2,2025
SN,2024-Q2,48703,0.27418,2.545646,1.057019,1.065084,2.763033,0.054966,2572.527333,2,2025
SN,2024-Q3,51413,0.279089,2.742938,1.090036,1.067844,2.832533,0.054208,2715.671473,2,2025
SN,2024-Q4,54914,0.286042,2.997816,1.010453,1.060445,2.846433,0.053648,2900.5968,2,2025
SN,2025-Q1,61855,0.347721,3.50313,1.147312,1.078807,2.777269,0.051249,3267.22539,2,2025
SN,2025-Q2,66599,0.367452,3.8485,1.535879,1.212981,2.818781,0.050181,3517.806867,2,2025
SN,2025-Q3,74825,0.455371,4.447365,1.331159,1.271711,2.717581,0.048086,3952.310077,0,2025
SN,2025-Q4,82190,0.496704,4.983547,1.601497,1.416917,2.658413,0.04638,4341.334651,0,2025
SN,2026-Q1,91364,0.477067,5.651427,2.031347,1.648087,2.66061,0.045466,4825.911899,0,2025
SO,2020-Q1,5156,,0,0.259503,,0.900892,0.102405,262.328592,0,2025
SO,2020-Q2,5851,,0.134794,0.340626,,0.885148,0.091437,297.68902,0,2025
SO,2020-Q3,6727,,0.304694,0.29166,,0.935781,0.083395,342.258424,0,2025
SO,2020-Q4,7784,,0.509697,0.363052,0.318168,0.938335,0.073869,396.036803,0,2025
SO,2021-Q1,9412,0.825446,0.825446,0.326711,0.331027,0.926902,0.067467,478.8667,0,2025
SO,2021-Q2,10368,0.772005,1.010861,0.329861,0.329037,0.949749,0.062596,527.506369,0,2025
SO,2021-Q3,11417,0.69719,1.214313,0.392572,0.354096,1.015416,0.059911,580.877721,2,2025
SO,2021-Q4,12736,0.636177,1.470132,0.476288,0.387932,1.086369,0.058653,647.986218,2,2025
SO,2022-Q1,14424,0.532512,1.797517,0.637063,0.473123,1.163339,0.052482,733.868814,2,2025
SO,2022-Q2,15680,0.512346,2.041117,0.814541,0.599167,1.238265,0.050574,797.771978,2,2025
SO,2022-Q3,17145,0.501708,2.325252,0.772995,0.688172,1.265908,0.049227,872.308709,2,2025
SO,2022-Q4,18836,0.478957,2.65322,0.945424,0.80233,1.372638,0.045763,958.343939,2,2025
SO,2023-Q1,20479,0.419786,2.971877,1.049758,0.905614,1.452171,0.04595,1041.937011,0,2025
SO,2023-Q2,21904,0.396939,3.248254,0.828798,0.902366,1.465394,0.044375,1114.438609,0,2025
SO,2023-Q3,23560,0.374162,3.569434,1.033489,0.964968,1.525552,0.042869,1198.693099,0,2025
SO,2023-Q4,29856,0.58505,4.790535,0.598808,0.854696,1.396068,0.036308,1519.022969,2,2025
SO,2024-Q1,32447,0.584404,5.293057,0.558326,0.728396,1.410546,0.034518,1650.848683,2,2025
SO,2024-Q2,34508,0.57542,5.692785,0.417961,0.62113,1.422858,0.033528,1755.70889,2,2025
SO,2024-Q3,37522,0.592615,6.277347,0.528383,0.522902,1.449656,0.033287,1909.056131,2,2025
SO,2024-Q4,40871,0.368938,6.926881,0.617333,0.533864,1.492256,0.033178,2079.447608,2,2025
SO,2025-Q1,44356,0.367029,7.602793,0.584633,0.543136,1.525769,0.033051,2256.758535,2,2025
SO,2025-Q2,48222,0.397415,8.352599,0.702418,0.613326,1.560678,0.032744,2453.454101,2,2025
SO,2025-Q3,55069,0.467646,9.680566,0.698106,0.654998,1.527084,0.029,2801.817923,0,2025
SO,2025-Q4,64612,0.580876,11.53142,0.72892,0.684753,1.453321,0.025553,3287.349682,0,2025
SO,2026-Q1,72309,0.630197,13.024244,0.892627,0.765815,1.453235,0.024644,3678.960072,0,2025
SR,2020-Q1,1703,,0,,,0.972402,0.064592,2661.561303,0,2025
SR,2020-Q2,1916,,0.125073,,,0.969729,0.06263,2994.451825,0,2025
SR,2020-Q3,2074,,0.217851,,,1.034716,0.062199,3241.3847,0,2025
SR,2020-Q4,2234,,0.311803,,,1.054611,0.061773,3491.443307,0,2025
SR,2021-Q1,2422,0.422196,0.422196,,,1.182907,0.059455,3785.262171,0,2025
SR,2021-Q2,2598,0.35595,0.525543,,,1.202463,0.059276,4060.326639,0,2025
SR,2021-Q3,2779,0.339923,0.631826,,,1.084563,0.059374,4343.205439,0,2025
SR,2021-Q4,2939,0.315577,0.725778,,,1.051718,0.058523,4593.264046,0,2025
SR,2022-Q1,3176,0.311313,0.864944,0.738665,,1.072418,0.054786,4963.663359,0,2025
SR,2022-Q2,3386,0.30331,0.988256,0.692853,,1.058476,0.05316,5291.865281,0,2025
SR,2022-Q3,3560,0.281036,1.090429,0.689326,,1.125,0.050562,5563.804017,0,2025
SR,2022-Q4,3723,0.266757,1.186142,0.622885,0.68364,1.121676,0.050228,5818.551223,0,2025
SR,2023-Q1,4018,0.265113,1.359366,0.756098,0.691564,1.107516,0.047287,6279.59678,0,2025
SR,2023-Q2,4330,0.278795,1.542572,0.598383,0.665472,1.076443,0.046651,6767.211065,0,2025
SR,2023-Q3,4591,0.289607,1.695831,0.567415,0.633357,1.056633,0.044217,7175.119169,0,2025
SR,2023-Q4,4847,0.301907,1.846154,0.553332,0.613741,1.02744,0.043532,7575.212941,0,2025
SR,2024-Q1,5142,0.279741,2.019378,0.532478,0.561396,1.00389,0.041813,8036.258498,0,2025
SR,2024-Q2,5439,0.25612,2.193776,0.449347,0.522953,0.990807,0.040265,8500.429788,0,2025
SR,2024-Q3,5672,0.235461,2.330593,0.505818,0.508673,0.9628,0.038611,8864.577635,0,2025
SR,2024-Q4,5962,0.230039,2.500881,0.523985,0.503038,0.936598,0.037404,9317.808861,0,2025
SR,2025-Q1,6599,0.283353,2.874927,0.376269,0.461304,0.896348,0.034551,10313.354693,0,2025
SR,2025-Q2,7140,0.312741,3.192601,0.488655,0.471564,0.879132,0.033894,11158.865359,0,2025
SR,2025-Q3,7424,0.308886,3.359366,0.634159,0.508903,0.886315,0.034752,11602.719387,0,2025
SR,2025-Q4,8082,0.355585,3.745743,0.575353,0.524192,0.860307,0.032789,12631.085411,0,2025
SR,2026-Q1,8887,0.346719,4.218438,0.653651,0.591634,0.829639,0.031957,13889.19278,0,2025
SS,2020-Q1,235,,0,,,1.506383,,19.280014,0,2025
SS,2020-Q2,294,,0.251064,,,1.346939,,24.120528,0,2025
SS,2020-Q3,366,,0.557447,,,1.071038,,30.027596,0,2025
SS,2020-Q4,427,,0.817021,,,1.093677,,35.032195,0,2025
SS,2021-Q1,494,1.102128,1.102128,,,0.941296,,40.52905,0,2025
SS,2021-Q2,580,0.972789,1.468085,,,1.272414,,47.584715,0,2025
SS,2021-Q3,680,0.857923,1.893617,,,1.308824,,55.788976,0,2025
SS,2021-Q4,765,0.791569,2.255319,,,1.271895,,62.762598,0,2025
SS,2022-Q1,855,0.730769,2.638298,,,1.388304,,70.146433,0,2025
SS,2022-Q2,962,0.658621,3.093617,,,1.39501,,78.924992,0,2025
SS,2022-Q3,1152,0.694118,3.902128,,,1.640625,,94.513089,0,2025
SS,2022-Q4,1331,0.739869,4.66383,,,1.551465,,109.198716,0,2025
SS,2023-Q1,1567,0.832749,5.668085,,,1.430759,,128.560772,0,2025
SS,2023-Q2,1786,0.856549,6.6,,,1.445129,,146.528104,0,2025
SS,2023-Q3,2020,0.753472,7.595745,,,1.490099,,165.726075,0,2025
SS,2023-Q4,2386,0.792637,9.153191,1.084661,,1.396899,,195.753671,0,2025
SS,2024-Q1,2582,0.647735,9.987234,,,1.480248,,211.834023,0,2025
SS,2024-Q2,2844,0.592385,11.102128,0.843882,,1.704993,,233.329187,0,2025
SS,2024-Q3,3083,0.526238,12.119149,0.745702,,1.576387,,252.937372,0,2025
SS,2024-Q4,3326,0.393965,13.153191,0.460914,,1.598316,,272.873726,0,2025
SS,2025-Q1,3697,0.431836,14.731915,0.395185,0.594054,1.515553,0.02786,303.311535,0,2025
SS,2025-Q2,4227,0.486287,16.987234,0.805063,0.606712,1.628105,0.027679,346.794119,0,2025
SS,2025-Q3,5317,0.724619,21.625532,0.957683,0.693487,1.602219,0.02445,436.220566,0,2025
SS,2025-Q4,6142,0.846663,25.13617,1.396776,0.95625,1.581407,0.02198,503.905721,0,2025
SS,2026-Q1,7034,0.902624,28.931915,1.490901,1.213072,1.53412,0.021041,577.08773,0,2025
ST,2020-Q1,132,,0,,,1.090909,,549.418532,0,2025
ST,2020-Q2,145,,0.098485,,,1.144828,,603.527933,0,2025
ST,2020-Q3,154,,0.166667,,,1.051948,,640.988287,0,2025
ST,2020-Q4,170,,0.287879,,,0.947059,,707.584473,0,2025
ST,2021-Q1,178,0.348485,0.348485,,,1.11236,,740.882566,0,2025
ST,2021-Q2,189,0.303448,0.431818,,,1.328042,,786.667444,0,2025
ST,2021-Q3,192,0.246753,0.454545,,,1.291667,,799.154228,0,2025
ST,2021-Q4,193,0.135294,0.462121,,,1.150259,,803.31649,0,2025
ST,2022-Q1,182,0.022472,0.378788,,,0.714286,,757.531612,0,2025
ST,2022-Q2,202,0.068783,0.530303,,,1.188119,,840.776845,0,2025
ST,2022-Q3,219,0.140625,0.659091,,,1.534247,,911.535292,0,2025
ST,2022-Q4,247,0.279793,0.871212,,,1.94332,,1028.078617,0,2025
ST,2023-Q1,254,0.395604,0.924242,,,1.555118,,1057.214448,0,2025
ST,2023-Q2,280,0.386139,1.121212,,,1.564286,,1165.43325,0,2025
ST,2023-Q3,299,0.365297,1.265152,,,1.672241,,1244.51622,0,2025
ST,2023-Q4,313,0.267206,1.371212,,,1.638978,,1302.787883,0,2025
ST,2024-Q1,333,0.311024,1.522727,,,1.543544,,1386.033115,0,2025
ST,2024-Q2,382,0.364286,1.893939,,,1.442408,,1589.983934,0,2025
ST,2024-Q3,394,0.317726,1.984848,,,1.540609,,1639.931073,0,2025
ST,2024-Q4,423,0.351438,2.204545,,,1.79669,,1760.63666,0,2025
ST,2025-Q1,495,0.486486,2.75,,,1.549495,,2060.319495,0,2025
ST,2025-Q2,586,0.534031,3.439394,,,1.397611,,2439.085301,0,2025
ST,2025-Q3,612,0.553299,3.636364,,,1.388889,,2547.304103,0,2025
ST,2025-Q4,753,0.780142,4.704545,,,1.136786,,3134.18299,0,2025
ST,2026-Q1,859,0.735354,5.507576,,,1.188591,,3575.38272,0,2025
SV,2020-Q1,25900,,0,1.139035,,2.274131,0.064595,4068.806503,0,2025
SV,2020-Q2,28753,,0.110154,1.813341,,2.289952,0.063993,4517.003605,0,2025
SV,2020-Q3,31981,,0.234788,1.538226,,2.246803,0.061005,5024.111999,0,2025
SV,2020-Q4,34310,,0.32471,1.408919,1.481462,2.270971,0.06007,5389.99039,0,2025
SV,2021-Q1,36341,0.403127,0.403127,1.108885,1.445911,2.305275,0.059382,5709.053943,0,2025
SV,2021-Q2,38979,0.35565,0.504981,1.357628,1.347007,2.326381,0.0578,6123.475238,2,2025
SV,2021-Q3,41978,0.312592,0.620772,1.207752,1.268113,2.364429,0.055863,6594.60847,2,2025
SV,2021-Q4,44261,0.290032,0.708919,1.213326,1.2232,2.42046,0.054292,6953.26041,2,2025
SV,2022-Q1,47224,0.299469,0.82332,1.016877,1.190789,2.43209,0.052156,7418.738158,2,2025
SV,2022-Q2,50377,0.292414,0.945058,1.265121,1.175783,2.437084,0.050162,7914.064293,2,2025
SV,2022-Q3,54039,0.287317,1.086448,1.140177,1.159111,2.401654,0.048335,8489.352687,2,2025
SV,2022-Q4,57232,0.293057,1.20973,1.161658,1.148321,2.416533,0.046617,8990.962694,2,2025
SV,2023-Q1,60894,0.289471,1.35112,0.917972,1.113183,2.410861,0.045095,9566.251088,0,2025
SV,2023-Q2,65445,0.299105,1.526834,1.248743,1.118307,2.396348,0.044236,10281.198516,0,2025
SV,2023-Q3,70577,0.306038,1.724981,1.037236,1.091144,2.371495,0.0433,11087.419172,2,2025
SV,2023-Q4,74405,0.300059,1.87278,1.040857,1.062479,2.345474,0.042578,11688.785631,0,2025
SV,2024-Q1,79095,0.298896,2.053861,0.855022,1.036198,2.319565,0.041798,12425.569511,2,2025
SV,2024-Q2,83407,0.274459,2.220347,1.216205,1.039787,2.332502,0.041879,13102.97081,2,2025
SV,2024-Q3,88333,0.251583,2.410541,1.263752,1.101168,2.364926,0.040834,13876.829529,2,2025
SV,2024-Q4,92368,0.241422,2.566332,1.135686,1.123533,2.366631,0.041356,14510.715021,2,2025
SV,2025-Q1,99197,0.25415,2.83,0.8667,1.111865,2.357269,0.044316,15583.528906,2,2025
SV,2025-Q2,103908,0.245795,3.011892,1.462842,1.18421,2.420545,0.041306,16323.611818,0,2025
SV,2025-Q3,113769,0.287956,3.392625,1.242913,1.183361,2.37664,0.039026,17872.743128,0,2025
SV,2025-Q4,124177,0.344373,3.794479,1.346159,1.239181,2.298252,0.037092,19507.806374,0,2025
SV,2026-Q1,136169,0.372713,4.25749,1.203482,1.306307,2.224963,0.0355,21391.710914,0,2025
SX,2020-Q1,268,,0,,,1.44403,,6101.586868,0,2025
SX,2020-Q2,307,,0.145522,,,1.094463,,6989.50436,0,2025
SX,2020-Q3,339,,0.264925,,,0.938053,,7718.052046,0,2025
SX,2020-Q4,379,,0.414179,,,1.290237,,8628.736653,0,2025
SX,2021-Q1,422,0.574627,0.574627,,,1.547393,,9607.722605,0,2025
SX,2021-Q2,441,0.436482,0.645522,,,2.517007,,10040.297794,0,2025
SX,2021-Q3,467,0.377581,0.742537,,,0.980728,,10632.242789,0,2025
SX,2021-Q4,485,0.279683,0.809701,,,0.956701,,11042.050862,0,2025
SX,2022-Q1,518,0.227488,0.932836,,,1.090734,,11793.365663,0,2025
SX,2022-Q2,552,0.251701,1.059701,,,0.900362,,12567.447579,0,2025
SX,2022-Q3,588,0.259101,1.19403,,,0.855442,,13387.063725,0,2025
SX,2022-Q4,607,0.251546,1.264925,,,0.830313,,13819.638914,0,2025
SX,2023-Q1,645,0.245174,1.406716,,,0.953488,,14684.78929,0,2025
SX,2023-Q2,681,0.233696,1.541045,,,0.992658,,15504.405437,0,2025
SX,2023-Q3,726,0.234694,1.708955,,,1.157025,,16528.92562,0,2025
SX,2023-Q4,762,0.255354,1.843284,,,0.870079,,17348.541766,0,2025
SX,2024-Q1,812,0.258915,2.029851,,,0.935961,,18486.897525,0,2025
SX,2024-Q2,837,0.229075,2.123134,,,0.92951,,19056.075405,0,2025
SX,2024-Q3,855,0.177686,2.190299,,,0.891228,,19465.883478,0,2025
SX,2024-Q4,875,0.148294,2.264925,,,0.928,,19921.225781,0,2025
SX,2025-Q1,950,0.169951,2.544776,,,0.958947,,21628.75942,0,2025
SX,2025-Q2,1037,0.238949,2.869403,,,1.040501,,23609.49844,0,2025
SX,2025-Q3,1073,0.254971,3.003731,,,1.237651,,24429.114587,0,2025
SX,2025-Q4,1153,0.317714,3.302239,,,0.982654,,26250.483801,0,2025
SX,2026-Q1,1299,0.367368,3.847015,,,0.878368,,29574.482617,0,2025
SY,2020-Q1,14515,,0,0.463383,,0.927592,0.064209,566.540128,0,2025
SY,2020-Q2,16155,,0.112987,0.673538,,0.945775,0.060662,630.551552,0,2025
SY,2020-Q3,17358,,0.195866,0.720532,,0.985309,0.057149,677.506273,0,2025
SY,2020-Q4,19037,,0.31154,0.707412,0.649832,0.998897,0.053843,743.039919,0,2025
SY,2021-Q1,20387,0.404547,0.404547,0.750037,0.714946,0.989503,0.051013,795.732249,0,2025
SY,2021-Q2,22617,0.4,0.558181,0.852058,0.762428,1.029756,0.048724,882.772172,2,2025
SY,2021-Q3,24349,0.402754,0.677506,0.891946,0.80735,1.069325,0.04571,950.37448,2,2025
SY,2021-Q4,26127,0.372433,0.8,0.745015,0.81028,1.056417,0.043403,1019.772231,2,2025
SY,2022-Q1,27582,0.352921,0.900241,0.812196,0.823005,1.074541,0.040497,1076.562854,2,2025
SY,2022-Q2,29534,0.305832,1.034723,1.053159,0.880075,1.134286,0.039243,1152.75206,2,2025
SY,2022-Q3,31373,0.288472,1.161419,1.016033,0.914768,1.163134,0.037293,1224.530723,2,2025
SY,2022-Q4,33197,0.270601,1.287082,0.820707,0.925554,1.163509,0.034883,1295.723916,0,2025
SY,2023-Q1,34639,0.255855,1.386428,0.762464,0.90596,1.17053,0.034701,1352.007131,0,2025
SY,2023-Q2,36906,0.249611,1.542611,0.802065,0.845851,1.136617,0.03219,1440.491214,0,2025
SY,2023-Q3,39255,0.251235,1.704444,0.814597,0.800253,1.14872,0.030467,1532.175869,0,2025
SY,2023-Q4,41622,0.253788,1.867516,0.780236,0.790332,1.169934,0.029408,1624.563088,0,2025
SY,2024-Q1,43224,0.247842,1.977885,0.796641,0.798021,1.194082,0.02885,1687.09132,0,2025
SY,2024-Q2,45044,0.220506,2.103272,0.899076,0.82405,1.212881,0.027973,1758.128387,0,2025
SY,2024-Q3,46210,0.177175,2.183603,0.753235,0.807575,1.256957,0.027007,1803.638948,0,2025
SY,2024-Q4,47480,0.140743,2.271099,0.605223,0.761027,1.256487,0.026727,1853.20877,0,2025
SY,2025-Q1,49580,0.147048,2.415777,0.609601,0.712985,1.240783,0.025837,1935.174617,0,2025
SY,2025-Q2,50892,0.129829,2.506166,0.91032,0.721537,1.281321,0.026016,1986.383755,0,2025
SY,2025-Q3,54227,0.173491,2.735928,0.814834,0.739315,1.208863,0.025393,2116.553327,0,2025
SY,2025-Q4,59799,0.259457,3.119807,0.822071,0.792068,1.214669,0.024214,2334.036041,0,2025
SY,2026-Q1,67957,0.370653,3.681846,0.974984,0.884294,1.1537,0.021572,2652.453841,0,2025
SZ,2020-Q1,998,,0,,,1.237475,,794.475925,0,2025
SZ,2020-Q2,1137,,0.139279,,,1.127529,,905.129385,0,2025
SZ,2020-Q3,1279,,0.281563,,,1.14699,,1018.17105,0,2025
SZ,2020-Q4,1412,,0.41483,,,1.166431,,1124.048102,0,2025
SZ,2021-Q1,1527,0.53006,0.53006,,,1.206942,,1215.595929,0,2025
SZ,2021-Q2,1660,0.459982,0.663327,,,1.239157,,1321.472981,0,2025
SZ,2021-Q3,1787,0.397185,0.790581,,,1.273643,,1422.573624,0,2025
SZ,2021-Q4,1951,0.381728,0.95491,0.534598,,1.295746,,1553.128786,0,2025
SZ,2022-Q1,2175,0.424361,1.179359,0.767816,,1.456092,0.046897,1731.448032,0,2025
SZ,2022-Q2,2319,0.396988,1.323647,1.015955,,1.488141,0.046572,1846.081833,0,2025
SZ,2022-Q3,2463,0.378288,1.467936,1.127081,0.880669,1.510353,0.046285,1960.715633,0,2025
SZ,2022-Q4,2576,0.320349,1.581162,1.000776,0.98395,1.479814,0.040373,2050.671324,0,2025
SZ,2023-Q1,2728,0.254253,1.733467,1.990836,1.302895,1.690249,0.042522,2171.673669,0,2025
SZ,2023-Q2,2920,0.259163,1.925852,1.138014,1.320109,1.610274,0.040753,2324.518737,0,2025
SZ,2023-Q3,3132,0.27162,2.138277,1.487867,1.408242,1.666347,0.038633,2493.285166,0,2025
SZ,2023-Q4,3269,0.269022,2.275551,0.981952,1.3797,1.643316,0.039768,2602.34649,0,2025
SZ,2024-Q1,3730,0.367302,2.737475,0.825469,1.093556,1.60563,0.03807,2969.333866,0,2025
SZ,2024-Q2,4011,0.37363,3.019038,1.049115,1.071772,1.650212,0.038893,3193.028991,0,2025
SZ,2024-Q3,4334,0.38378,3.342685,0.878403,0.932221,1.669589,0.039455,3450.158975,0,2025
SZ,2024-Q4,4652,0.423065,3.661323,0.794282,0.884139,1.647463,0.036328,3703.308618,0,2025
SZ,2025-Q1,5167,0.385255,4.177355,0.718018,0.848932,1.60809,0.03503,4113.283669,0,2025
SZ,2025-Q2,5668,0.413114,4.679359,0.713126,0.769588,1.427135,0.033874,4512.113768,0,2025
SZ,2025-Q3,6399,0.476465,5.411824,1.016878,0.820342,1.410845,0.033286,5094.03952,0,2025
SZ,2025-Q4,7105,0.5273,6.119238,0.843209,0.831998,1.372836,0.029134,5656.063571,0,2025
SZ,2026-Q1,7975,0.543449,6.990982,1.230345,0.970715,1.291285,0.028464,6348.642784,0,2025
TC,2020-Q1,194,,0,,,3.118557,,4140.433252,0,2025
TC,2020-Q2,232,,0.195876,,,2.521552,,4951.44595,0,2025
TC,2020-Q3,271,,0.396907,,,1.682657,,5783.801088,0,2025
TC,2020-Q4,315,,0.623711,,,2.101587,,6722.868424,0,2025
TC,2021-Q1,346,0.783505,0.783505,,,2.034682,,7384.484047,0,2025
TC,2021-Q2,379,0.633621,0.953608,,,1.902375,,8088.784548,0,2025
TC,2021-Q3,396,0.461255,1.041237,,,1.535354,,8451.606019,0,2025
TC,2021-Q4,417,0.32381,1.149485,,,1.803357,,8899.797247,0,2025
TC,2022-Q1,451,0.303468,1.324742,,,1.778271,,9625.440188,0,2025
TC,2022-Q2,493,0.300792,1.541237,,,1.724138,,10521.822644,0,2025
TC,2022-Q3,522,0.318182,1.690722,,,0.875479,,11140.753388,0,2025
TC,2022-Q4,550,0.318945,1.835052,,,1.261818,,11738.341692,0,2025
TC,2023-Q1,579,0.283814,1.984536,,,1.246978,,12357.272436,0,2025
TC,2023-Q2,619,0.255578,2.190722,,,1.156704,,13210.970014,0,2025
TC,2023-Q3,662,0.268199,2.412371,,,0.774924,,14128.69491,0,2025
TC,2023-Q4,700,0.272727,2.608247,,,0.991429,,14939.707609,0,2025
TC,2024-Q1,741,0.279793,2.819588,,,0.979757,,15814.747626,0,2025
TC,2024-Q2,782,0.263328,3.030928,,,0.969309,,16689.787643,0,2025
TC,2024-Q3,810,0.223565,3.175258,,,0.740741,,17287.375947,0,2025
TC,2024-Q4,845,0.207143,3.35567,,,0.854438,,18034.361327,0,2025
TC,2025-Q1,882,0.190283,3.546392,,,0.84127,,18824.031587,0,2025
TC,2025-Q2,1238,0.58312,5.381443,,,0.503231,,26421.940028,0,2025
TC,2025-Q3,1081,0.334568,4.572165,,,0.681776,,23071.177036,0,2025
TC,2025-Q4,1174,0.389349,5.051546,,,0.625213,,25056.023904,0,2025
TC,2026-Q1,1286,0.45805,5.628866,,,0.692068,,27446.377121,0,2025
TD,2020-Q1,263,,0,,,1.060837,,12.5216,0,2025
TD,2020-Q2,325,,0.235741,,,1.193846,,15.473461,0,2025
TD,2020-Q3,379,,0.441065,,,1.134565,,18.044435,0,2025
TD,2020-Q4,431,,0.638783,,,1.218097,,20.520189,0,2025
TD,2021-Q1,476,0.809886,0.809886,,,1.57563,,22.662668,0,2025
TD,2021-Q2,535,0.646154,1.034221,,,1.562617,,25.471697,0,2025
TD,2021-Q3,636,0.6781,1.418251,,,1.504717,,30.280372,0,2025
TD,2021-Q4,709,0.645012,1.695817,,,1.617772,,33.755949,0,2025
TD,2022-Q1,850,0.785714,2.231939,,,1.827059,,40.469051,0,2025
TD,2022-Q2,1015,0.897196,2.859316,0.936946,,2.105419,,48.324807,0,2025
TD,2022-Q3,1147,0.803459,3.361217,,,2.102005,,54.609413,0,2025
TD,2022-Q4,1288,0.816643,3.897338,,,1.953416,,61.322514,0,2025
TD,2023-Q1,1477,0.737647,4.61597,,,1.930941,,70.320927,0,2025
TD,2023-Q2,1616,0.592118,5.144487,,,1.941213,,76.938807,0,2025
TD,2023-Q3,1819,0.585876,5.91635,1.521165,,1.880154,,86.603768,0,2025
TD,2023-Q4,1988,0.543478,6.558935,,,1.734909,,94.649968,0,2025
TD,2024-Q1,2191,0.483412,7.330798,0.434961,,1.705157,,104.314929,0,2025
TD,2024-Q2,2365,0.46349,7.992395,,,1.570402,,112.599182,0,2025
TD,2024-Q3,2558,0.406267,8.726236,,,1.644644,,121.788037,0,2025
TD,2024-Q4,2855,0.436117,9.855513,0.42662,,1.566725,,135.928399,0,2025
TD,2025-Q1,3167,0.445459,11.041825,0.272813,,1.414588,,150.782921,0,2025
TD,2025-Q2,3443,0.455814,12.091255,0.527157,,1.514958,,163.92346,0,2025
TD,2025-Q3,4446,0.738077,15.904943,0.771255,0.526634,1.654746,,211.67694,0,2025
TD,2025-Q4,5566,0.949562,20.163498,0.724757,0.610155,1.536471,0.019943,265.000865,0,2025
TD,2026-Q1,6676,1.107989,24.38403,1.335081,0.903631,1.491312,0.018724,317.848684,0,2025
TG,2020-Q1,5107,,0,0.38085,,1.118856,0.093793,594.416005,0,2025
TG,2020-Q2,5650,,0.106325,0.467788,,1.159823,0.089558,657.61708,0,2025
TG,2020-Q3,6279,,0.229489,0.509158,,1.179169,0.086319,730.827901,0,2025
TG,2020-Q4,6845,,0.340317,0.375457,0.433608,1.197516,0.081812,796.706002,0,2025
TG,2021-Q1,7475,0.463677,0.463677,0.407358,0.436398,1.265151,0.078528,870.033216,0,2025
TG,2021-Q2,8309,0.470619,0.626983,0.382718,0.414833,1.297629,0.07534,967.104481,0,2025
TG,2021-Q3,9017,0.436057,0.765616,0.458911,0.408677,1.358101,0.072862,1049.510302,0,2025
TG,2021-Q4,9784,0.429364,0.915802,0.484771,0.436779,1.354252,0.071954,1138.783276,0,2025
TG,2022-Q1,10730,0.435452,1.101038,0.980988,0.596908,1.445666,0.067008,1248.890489,2,2025
TG,2022-Q2,11610,0.39728,1.27335,1.567873,0.914173,1.572007,0.066925,1351.315804,0,2025
TG,2022-Q3,12700,0.408451,1.486783,2.256772,1.386155,1.750394,0.064016,1478.183524,0,2025
TG,2022-Q4,13761,0.40648,1.694537,1.484848,1.594701,1.844052,0.062423,1601.675864,0,2025
TG,2023-Q1,14875,0.3863,1.912669,1.409412,1.667019,1.760134,0.061916,1731.337002,0,2025
TG,2023-Q2,16053,0.382687,2.143333,1.197471,1.555734,1.748521,0.060238,1868.447253,0,2025
TG,2023-Q3,17044,0.342047,2.33738,1.198604,1.312912,1.828679,0.060021,1983.792125,0,2025
TG,2023-Q4,18183,0.321343,2.560407,0.916845,1.168287,1.840785,0.059286,2116.363073,0,2025
TG,2024-Q1,19365,0.301849,2.791854,0.892951,1.042041,1.839556,0.059644,2253.938894,0,2025
TG,2024-Q2,20597,0.283062,3.033092,0.815022,0.946668,1.875856,0.059669,2397.334335,0,2025
TG,2024-Q3,21836,0.281155,3.2757,0.901585,0.880672,1.931672,0.059397,2541.544523,0,2025
TG,2024-Q4,23297,0.281252,3.561778,0.792935,0.848922,1.913422,0.05902,2711.593824,0,2025
TG,2025-Q1,26970,0.392719,4.280987,1.066593,0.903053,1.862588,0.053652,3139.103122,2,2025
TG,2025-Q2,28565,0.386852,4.593303,1.402416,1.062761,1.929669,0.054367,3324.749006,2,2025
TG,2025-Q3,31619,0.448022,5.191306,1.362029,1.180297,1.872893,0.050539,3680.211406,0,2025
TG,2025-Q4,35980,0.544405,6.045232,1.409339,1.320513,1.821429,0.048249,4187.798677,0,2025
TG,2026-Q1,40421,0.498739,6.914823,1.882363,1.536926,1.828653,0.046931,4704.697341,0,2025
TH,2020-Q1,304181,,0,1.145025,,2.112558,0.101857,4247.159758,0,2025
TH,2020-Q2,331449,,0.089644,1.111127,,2.04563,0.097505,4627.892125,0,2025
TH,2020-Q3,358303,,0.177927,0.944801,,2.004558,0.092612,5002.843974,0,2025
TH,2020-Q4,383466,,0.260651,1.013362,1.048129,1.987438,0.088996,5354.185053,1,2025
TH,2021-Q1,412666,0.356646,0.356646,1.061519,1.032012,1.981855,0.085529,5761.893178,2,2025
TH,2021-Q2,441763,0.332823,0.452303,1.036146,1.016728,1.979815,0.083441,6168.163153,2,2025
TH,2021-Q3,476990,0.331248,0.568112,0.974039,1.019882,1.953074,0.079461,6660.02391,2,2025
TH,2021-Q4,510059,0.330128,0.676827,0.98392,1.011279,1.9484,0.076115,7121.753361,4,2025
TH,2022-Q1,589373,0.428208,0.937573,0.868623,0.959346,1.837244,0.068174,8229.183572,4,2025
TH,2022-Q2,627698,0.420893,1.063567,0.82998,0.907112,1.82132,0.065573,8764.300485,3,2025
TH,2022-Q3,683099,0.432103,1.245699,0.853488,0.878669,1.8729,0.06196,9537.842875,4,2025
TH,2022-Q4,724189,0.419814,1.380783,0.87661,0.857645,1.808912,0.06008,10111.566396,7,2025
TH,2023-Q1,764382,0.296941,1.512918,0.928513,0.874685,1.867371,0.060585,10672.765459,9,2025
TH,2023-Q2,803463,0.280015,1.641398,0.792723,0.861982,1.834749,0.058947,11218.438103,7,2025
TH,2023-Q3,858245,0.256399,1.821494,0.776615,0.840567,1.792107,0.056641,11983.337639,6,2025
TH,2023-Q4,900719,0.243762,1.961128,0.86172,0.838448,1.810803,0.055855,12576.385409,6,2025
TH,2024-Q1,978756,0.280454,2.217676,0.90186,0.836534,1.782322,0.053426,13665.985371,7,2025
TH,2024-Q2,1009178,0.256035,2.317689,0.760031,0.825323,1.799538,0.05334,14090.755801,6,2025
TH,2024-Q3,1048091,0.221203,2.445616,0.819125,0.834292,1.808144,0.053034,14634.082726,6,2025
TH,2024-Q4,1090563,0.210769,2.585244,0.950986,0.859145,1.859532,0.053803,15227.102571,7,2025
TH,2025-Q1,1145723,0.170591,2.766583,1.01036,0.889759,1.872773,0.05334,15997.279972,7,2025
TH,2025-Q2,1203196,0.192253,2.955526,1.065476,0.966045,1.850761,0.052228,16799.752884,7,2025
TH,2025-Q3,1314225,0.253923,3.320536,1.178824,1.057263,1.79718,0.049007,18350.007176,7,2025
TH,2025-Q4,1437597,0.318215,3.726124,1.21805,1.125302,1.756086,0.046941,20072.601926,8,2025
TH,2026-Q1,1570196,0.370485,4.162045,1.627338,1.291809,1.743793,0.045535,21924.029651,12,2025
TJ,2020-Q1,2599,,0,1.919584,,2.035013,0.083494,240.944108,0,2025
TJ,2020-Q2,2811,,0.08157,1.63963,,1.966204,0.077908,260.597879,0,2025
TJ,2020-Q3,3194,,0.228934,1.5933,,1.933626,0.077019,296.104456,0,2025
TJ,2020-Q4,3756,,0.445171,1.919862,1.771683,2.042066,0.07295,348.20549,0,2025
TJ,2021-Q1,4327,0.664871,0.664871,1.599029,1.691369,2.193437,0.070025,401.140883,0,2025
TJ,2021-Q2,4808,0.710423,0.849942,1.968386,1.783214,2.177413,0.065516,445.732694,0,2025
TJ,2021-Q3,5274,0.651221,1.029242,1.410315,1.70834,2.261471,0.06314,488.933907,0,2025
TJ,2021-Q4,5597,0.490149,1.153521,1.35787,1.570579,2.104878,0.059139,518.878096,0,2025
TJ,2022-Q1,6140,0.418997,1.362447,1.985179,1.681608,2.140065,0.056026,569.217708,0,2025
TJ,2022-Q2,6721,0.397879,1.585995,1.404107,1.544918,2.167386,0.05282,623.080165,0,2025
TJ,2022-Q3,7424,0.40766,1.856483,1.435614,1.540994,2.225081,0.048491,688.252811,0,2025
TJ,2022-Q4,8244,0.472932,2.171989,1.865842,1.670791,2.371543,0.045366,764.272114,0,2025
TJ,2023-Q1,8937,0.455537,2.43863,1.649323,1.603045,2.401141,0.044982,828.517696,0,2025
TJ,2023-Q2,9613,0.430293,2.69873,1.554562,1.6285,2.410278,0.043899,891.187268,0,2025
TJ,2023-Q3,10610,0.429149,3.082339,1.651367,1.67327,2.493591,0.043261,983.615615,0,2025
TJ,2023-Q4,11355,0.377365,3.368988,1.424042,1.564235,2.42325,0.040599,1052.681933,0,2025
TJ,2024-Q1,12351,0.382007,3.752212,1.490649,1.526236,2.377945,0.038944,1145.017574,0,2025
TJ,2024-Q2,13040,0.356496,4.017314,1.440261,1.496811,2.419939,0.03911,1208.89233,0,2025
TJ,2024-Q3,13891,0.309237,4.344748,1.325535,1.417442,2.499964,0.039954,1287.785534,0,2025
TJ,2024-Q4,14692,0.293879,4.652943,1.401919,1.411828,2.486591,0.03866,1362.043414,0,2025
TJ,2025-Q1,16007,0.296008,5.158907,1.712063,1.478327,2.503905,0.03992,1483.952418,0,2025
TJ,2025-Q2,17649,0.353451,5.790689,1.624511,1.527756,2.507054,0.037509,1636.176437,0,2025
TJ,2025-Q3,20062,0.444244,6.719123,1.54506,1.573893,2.477021,0.036985,1859.877142,0,2025
TJ,2025-Q4,22663,0.54254,7.719892,1.766183,1.664026,2.32745,0.034726,2101.006662,0,2025
TJ,2026-Q1,26111,0.631224,9.046556,2.119566,1.792669,2.308376,0.032707,2420.658561,0,2025
TL,2020-Q1,433,,0,,,1.73903,,305.248369,0,2025
TL,2020-Q2,463,,0.069284,,,1.537797,,326.397216,0,2025
TL,2020-Q3,487,,0.124711,,,1.365503,,343.316294,0,2025
TL,2020-Q4,519,,0.198614,,,1.414258,,365.875065,0,2025
TL,2021-Q1,560,0.293303,0.293303,,,1.341071,,394.77849,0,2025
TL,2021-Q2,594,0.282937,0.371824,,,1.409091,,418.747185,0,2025
TL,2021-Q3,614,0.26078,0.418014,,,1.275244,,432.846416,0,2025
TL,2021-Q4,685,0.319846,0.581986,,,1.759124,,482.898689,0,2025
TL,2022-Q1,751,0.341071,0.734411,,,1.61518,,529.426154,0,2025
TL,2022-Q2,867,0.459596,1.002309,,,1.680507,,611.201699,0,2025
TL,2022-Q3,970,0.579805,1.240185,,,1.751546,,683.812742,0,2025
TL,2022-Q4,1017,0.484672,1.34873,,,1.689282,,716.945937,0,2025
TL,2023-Q1,1118,0.488682,1.581986,,,1.629696,,788.147058,0,2025
TL,2023-Q2,1213,0.399077,1.801386,,,1.446826,,855.118409,0,2025
TL,2023-Q3,1325,0.365979,2.060046,,,1.24,,934.074107,0,2025
TL,2023-Q4,1433,0.409046,2.309469,,,1.180042,,1010.209959,0,2025
TL,2024-Q1,1579,0.412343,2.646651,,,1.180494,,1113.134351,0,2025
TL,2024-Q2,1718,0.416323,2.967667,,,1.311991,,1211.124012,0,2025
TL,2024-Q3,1848,0.394717,3.267898,,,1.320887,,1302.769019,0,2025
TL,2024-Q4,1946,0.35799,3.494226,,,1.333505,,1371.855254,0,2025
TL,2025-Q1,2222,0.40722,4.13164,,,1.242124,,1566.424653,0,2025
TL,2025-Q2,2349,0.367288,4.424942,1.06854,,1.263516,,1655.954775,0,2025
TL,2025-Q3,2670,0.444805,5.166282,0.746067,,1.238577,,1882.247446,0,2025
TL,2025-Q4,2990,0.536485,5.905312,0.81204,,1.137124,,2107.835155,0,2025
TL,2026-Q1,3545,0.59541,7.187067,1.378279,1.022676,1.122426,,2499.088837,0,2025
TM,2020-Q1,865,,0,,,0.744509,,113.534239,0,2025
TM,2020-Q2,1045,,0.208092,,,0.542584,,137.159862,0,2025
TM,2020-Q3,2241,,1.590751,,,0.343597,,294.138995,0,2025
TM,2020-Q4,3425,,2.959538,0.275328,,0.320292,0.032117,449.543087,0,2025
TM,2021-Q1,3526,3.076301,3.076301,,,0.340613,0.034884,462.799686,0,2025
TM,2021-Q2,3754,2.592344,3.339884,0.344699,,0.486148,0.035962,492.725474,0,2025
TM,2021-Q3,4004,0.786702,3.628902,0.535714,,0.538212,0.031968,525.538838,0,2025
TM,2021-Q4,4364,0.274161,4.045087,0.643905,,0.689505,0.032081,572.790082,0,2025
TM,2022-Q1,4794,0.359614,4.542197,0.564247,0.529321,0.729453,0.031498,629.229068,0,2025
TM,2022-Q2,5355,0.426478,5.190751,0.594771,0.585678,0.849673,0.030252,702.862257,0,2025
TM,2022-Q3,5781,0.443806,5.683237,0.752292,0.642998,0.957793,0.030445,758.77623,0,2025
TM,2022-Q4,5994,0.373511,5.92948,0.743076,0.670179,0.973974,0.029363,786.733216,0,2025
TM,2023-Q1,6316,0.31748,6.301734,0.783566,0.722383,1.079322,0.031824,828.996829,0,2025
TM,2023-Q2,6655,0.242764,6.693642,1.024493,0.831245,1.170098,0.031555,873.49175,0,2025
TM,2023-Q3,6772,0.171424,6.828902,0.638512,0.798267,1.163615,0.032191,888.848404,0,2025
TM,2023-Q4,7152,0.193193,7.268208,0.795582,0.809853,1.313339,0.033417,938.724718,0,2025
TM,2024-Q1,7163,0.134104,7.280925,0.613989,0.765266,1.178556,0.031272,940.168506,0,2025
TM,2024-Q2,7390,0.110443,7.543353,0.575237,0.655371,1.238972,0.032476,969.96304,0,2025
TM,2024-Q3,7807,0.152835,8.025434,1.053286,0.764503,1.313437,0.034456,1024.695732,0,2025
TM,2024-Q4,8336,0.165548,8.636994,0.826895,0.774205,1.34441,0.035629,1094.12881,0,2025
TM,2025-Q1,8619,0.203267,8.964162,0.676645,0.783746,1.22636,0.033531,1131.273538,0,2025
TM,2025-Q2,8137,0.101083,8.406936,0.302814,0.711633,1.041047,0.029372,1068.009372,0,2025
TM,2025-Q3,7901,0.01204,8.134104,0.258701,0.522323,0.962663,0.027591,1037.033556,0,2025
TM,2025-Q4,7779,-0.066819,7.993064,0.25286,0.379424,0.926854,0.027124,1021.020635,0,2025
TM,2026-Q1,7738,-0.102216,7.945665,0.248902,0.266234,0.934996,0.027397,1015.639243,0,2025
TN,2020-Q1,88631,,0,1.344541,,1.7144,0.0942,7177.428517,0,2025
TN,2020-Q2,96518,,0.088987,1.355913,,1.768541,0.089517,7816.125799,0,2025
TN,2020-Q3,102800,,0.159865,1.083356,,1.839611,0.087597,8324.848547,0,2025
TN,2020-Q4,113249,,0.277758,1.320603,1.273596,1.890516,0.083241,9171.019194,0,2025
TN,2021-Q1,123955,0.398551,0.398551,1.341777,1.278552,1.973087,0.080053,10038.001962,2,2025
TN,2021-Q2,133148,0.379515,0.502273,1.391414,1.294531,2.072235,0.076952,10782.460451,2,2025
TN,2021-Q3,141516,0.376615,0.596687,1.093558,1.281379,2.160681,0.073773,11460.109601,2,2025
TN,2021-Q4,152080,0.342882,0.715878,1.368339,1.297328,2.224027,0.070726,12315.593065,2,2025
TN,2022-Q1,165393,0.334299,0.866085,1.195335,1.259535,2.24842,0.067476,13393.693344,2,2025
TN,2022-Q2,174269,0.308837,0.966231,1.232044,1.22424,2.287773,0.065519,14112.480851,2,2025
TN,2022-Q3,182535,0.289854,1.059494,1.021393,1.196754,2.334862,0.063856,14781.869938,2,2025
TN,2022-Q4,193939,0.275243,1.188162,1.476454,1.236063,2.373746,0.061983,15705.377455,2,2025
TN,2023-Q1,208372,0.25986,1.351006,1.262526,1.2522,2.37016,0.060982,16874.176474,2,2025
TN,2023-Q2,220399,0.264706,1.486703,1.246988,1.255136,2.380451,0.059061,17848.135165,2,2025
TN,2023-Q3,231523,0.268376,1.612212,1.012513,1.239325,2.386346,0.058426,18748.967998,2,2025
TN,2023-Q4,245586,0.266305,1.770882,1.478749,1.253466,2.427492,0.057792,19887.80404,2,2025
TN,2024-Q1,260464,0.249995,1.938746,1.165631,1.227614,2.414464,0.056607,21092.639611,2,2025
TN,2024-Q2,272555,0.236644,2.075166,1.176544,1.209607,2.427848,0.05564,22071.781088,2,2025
TN,2024-Q3,283326,0.223749,2.196692,0.864079,1.16039,2.462887,0.055886,22944.027622,2,2025
TN,2024-Q4,298164,0.214092,2.364105,1.249162,1.113987,2.487299,0.054876,24145.623952,2,2025
TN,2025-Q1,316372,0.214648,2.569541,1.019822,1.077041,2.467854,0.054297,25620.126309,2,2025
TN,2025-Q2,333356,0.223078,2.761167,1.372704,1.135065,2.485097,0.053336,26995.507902,6,2025
TN,2025-Q3,357283,0.261031,3.031129,1.015861,1.16126,2.424406,0.051603,28933.140696,2,2025
TN,2025-Q4,389842,0.307475,3.398484,1.394762,1.207664,2.373746,0.048366,31569.801628,4,2025
TN,2026-Q1,420582,0.329391,3.745315,1.352968,1.287967,2.32694,0.046954,34059.158091,18,2025
TO,2020-Q1,127,,0,,,,,1224.190781,0,2025
TO,2020-Q2,150,,0.181102,,,0.786667,,1445.894623,0,2025
TO,2020-Q3,164,,0.291339,,,0.762195,,1580.844788,0,2025
TO,2020-Q4,168,,0.322835,,,0.678571,,1619.401978,0,2025
TO,2021-Q1,180,0.417323,0.417323,,,0.683333,,1735.073548,0,2025
TO,2021-Q2,192,0.28,0.511811,,,0.635417,,1850.745118,0,2025
TO,2021-Q3,213,0.29878,0.677165,,,0.610329,,2053.170365,0,2025
TO,2021-Q4,223,0.327381,0.755906,,,0.596413,,2149.56334,0,2025
TO,2022-Q1,227,0.261111,0.787402,,,0.559471,,2188.12053,0,2025
TO,2022-Q2,248,0.291667,0.952756,,,0.516129,,2390.545777,0,2025
TO,2022-Q3,263,0.234742,1.070866,,,0.524715,,2535.135239,0,2025
TO,2022-Q4,290,0.300448,1.283465,,,0.531034,,2795.396272,0,2025
TO,2023-Q1,311,0.370044,1.448819,,,0.482315,,2997.821519,0,2025
TO,2023-Q2,333,0.342742,1.622047,,,0.48048,,3209.886064,0,2025
TO,2023-Q3,354,0.346008,1.787402,,,0.491525,,3412.311311,0,2025
TO,2023-Q4,367,0.265517,1.889764,,,0.47139,,3537.622178,0,2025
TO,2024-Q1,401,0.289389,2.15748,,,0.448878,,3865.358293,0,2025
TO,2024-Q2,433,0.3003,2.409449,,,0.367206,,4173.815812,0,2025
TO,2024-Q3,447,0.262712,2.519685,,,0.635347,,4308.765977,0,2025
TO,2024-Q4,466,0.269755,2.669291,,,0.688841,,4491.912629,0,2025
TO,2025-Q1,504,0.256858,2.968504,,,0.47619,,4858.205934,0,2025
TO,2025-Q2,594,0.371824,3.677165,,,0.459596,,5725.742708,0,2025
TO,2025-Q3,619,0.384787,3.874016,,,0.588045,,5966.725145,0,2025
TO,2025-Q4,697,0.495708,4.488189,,,0.631277,,6718.590349,0,2025
TO,2026-Q1,778,0.543651,5.125984,,,0.634961,,7499.373446,0,2025
TR,2020-Q1,480618,,0,0.882609,,1.608132,0.097352,5596.484412,8,2025
TR,2020-Q2,542562,,0.128884,1.051338,,1.617876,0.090869,6317.782055,12,2025
TR,2020-Q3,596755,,0.241641,0.898045,,1.615331,0.086121,6948.824337,11,2025
TR,2020-Q4,670969,,0.396055,1.008115,0.963349,1.581969,0.080215,7812.99816,14,2025
TR,2021-Q1,747120,0.554499,0.554499,1.148945,1.032743,1.591818,0.07544,8699.727089,19,2025
TR,2021-Q2,815145,0.5024,0.696035,1.137598,1.05938,1.621693,0.071982,9491.834027,19,2025
TR,2021-Q3,863930,0.447713,0.79754,0.919598,1.051475,1.667554,0.069348,10059.903662,19,2025
TR,2021-Q4,926888,0.381417,0.928534,0.955364,1.033583,1.700076,0.066736,10793.008676,24,2025
TR,2022-Q1,1015107,0.358693,1.112087,1.137804,1.038998,1.740119,0.063333,11820.261626,32,2025
TR,2022-Q2,1085601,0.331789,1.258761,1.174284,1.056084,1.827488,0.061794,12641.118465,38,2025
TR,2022-Q3,1157705,0.340045,1.408784,1.147975,1.109676,1.877663,0.059741,13480.722708,37,2025
TR,2022-Q4,1243553,0.341643,1.587404,1.187316,1.162893,1.951491,0.057962,14480.366903,42,2025
TR,2023-Q1,1317401,0.297795,1.741056,1.156381,1.166408,1.972169,0.056919,15340.278893,44,2025
TR,2023-Q2,1396972,0.286819,1.906616,1.054702,1.134232,1.967737,0.05526,16266.831501,33,2025
TR,2023-Q3,1498372,0.294261,2.117594,0.94316,1.078845,1.93795,0.053305,17447.568634,35,2025
TR,2023-Q4,1581758,0.271967,2.291092,0.862146,0.996413,1.926749,0.052216,18418.544438,28,2025
TR,2024-Q1,1675304,0.271674,2.485729,0.87928,0.930264,1.90936,0.050634,19507.826843,30,2025
TR,2024-Q2,1729362,0.237936,2.598205,0.78026,0.863454,1.922951,0.050176,20137.297139,27,2025
TR,2024-Q3,1791160,0.195404,2.726785,0.758789,0.818173,1.874562,0.050567,20856.894706,29,2025
TR,2024-Q4,1864219,0.178574,2.878796,0.749609,0.790216,1.85891,0.050303,21707.619304,24,2025
TR,2025-Q1,1954709,0.166779,3.067074,0.772434,0.765151,1.841033,0.051343,22761.316574,23,2025
TR,2025-Q2,2045120,0.182586,3.255188,0.939539,0.808326,1.838219,0.049829,23814.09394,27,2025
TR,2025-Q3,2181072,0.217687,3.538057,0.901225,0.84454,1.798673,0.047943,25397.166669,29,2025
TR,2025-Q4,2362908,0.267506,3.916395,1.058618,0.92446,1.737147,0.045857,27514.528772,40,2025
TR,2026-Q1,2544065,0.301506,4.29332,1.345038,1.07415,1.707248,0.0448,29623.984362,69,2025
TT,2020-Q1,8522,,0,0.792654,,1.394626,0.058085,6230.607035,0,2025
TT,2020-Q2,9753,,0.14445,1.238183,,1.380601,0.055368,7130.6161,0,2025
TT,2020-Q3,10915,,0.280803,0.87366,,1.303894,0.052955,7980.177867,0,2025
TT,2020-Q4,11983,,0.406125,0.722273,0.899182,1.260202,0.050655,8761.014327,0,2025
TT,2021-Q1,13190,0.547759,0.547759,0.656558,0.849174,1.221607,0.04928,9643.476506,0,2025
TT,2021-Q2,14332,0.469497,0.681765,0.924574,0.795359,1.217276,0.047725,10478.415867,0,2025
TT,2021-Q3,15512,0.421164,0.82023,0.678507,0.746878,1.189208,0.045707,11341.137799,0,2025
TT,2021-Q4,16573,0.383043,0.944731,0.68328,0.734142,1.179147,0.043022,12116.856417,0,2025
TT,2022-Q1,18175,0.377938,1.132715,0.770399,0.760187,1.193012,0.04066,13288.111107,2,2025
TT,2022-Q2,19172,0.337706,1.249707,0.827509,0.744844,1.199197,0.039745,14017.038027,0,2025
TT,2022-Q3,20238,0.304667,1.374795,0.517591,0.696702,1.207827,0.039381,14796.412247,0,2025
TT,2022-Q4,21132,0.275086,1.4797,0.664916,0.690994,1.192977,0.039892,15450.033778,0,2025
TT,2023-Q1,22297,0.226795,1.616405,0.586671,0.645493,1.217384,0.040364,16301.788905,0,2025
TT,2023-Q2,23535,0.227571,1.761676,0.683068,0.615617,1.197493,0.039771,17206.915813,0,2025
TT,2023-Q3,24514,0.211286,1.876555,0.522436,0.612333,1.161663,0.039039,17922.682568,0,2025
TT,2023-Q4,25457,0.204666,1.98721,0.664415,0.614574,1.169109,0.039478,18612.128993,0,2025
TT,2024-Q1,26930,0.207786,2.160056,0.532009,0.59863,1.156628,0.039176,19689.069167,0,2025
TT,2024-Q2,27938,0.187083,2.278338,0.652373,0.593997,1.158243,0.039623,20426.03841,0,2025
TT,2024-Q3,28982,0.182263,2.400845,0.537368,0.595031,1.158547,0.03899,21189.327983,0,2025
TT,2024-Q4,30428,0.19527,2.570523,0.723314,0.613731,1.154726,0.041541,22246.52791,0,2025
TT,2025-Q1,33231,0.233977,2.899437,0.635762,0.638055,1.179892,0.039903,24295.858057,0,2025
TT,2025-Q2,33727,0.207209,2.957639,0.963056,0.72163,1.218905,0.041095,24658.493717,0,2025
TT,2025-Q3,36481,0.258747,3.280803,0.611442,0.731495,1.168142,0.038924,26671.998971,0,2025
TT,2025-Q4,38880,0.27777,3.562309,0.711291,0.727724,1.147479,0.038786,28425.956525,0,2025
TT,2026-Q1,41845,0.259216,3.910232,1.068419,0.842427,1.171179,0.038643,30593.728158,0,2025
TW,2020-Q1,414767,,0,1.628073,,2.904968,0.058908,,3,
TW,2020-Q2,446342,,0.076127,1.888025,,2.944767,0.058296,,4,
TW,2020-Q3,480230,,0.157831,1.650163,,2.968434,0.057454,,4,
TW,2020-Q4,512233,,0.23499,1.706969,1.718196,2.96222,0.056285,,4,
TW,2021-Q1,545832,0.315997,0.315997,1.69063,1.729449,3.008834,0.055508,,8,
TW,2021-Q2,585430,0.311618,0.411467,1.872781,1.735632,3.049803,0.054621,,10,
TW,2021-Q3,622391,0.296027,0.50058,1.640213,1.727537,3.006655,0.053319,,11,
TW,2021-Q4,659942,0.288363,0.591115,1.588012,1.693752,3.00207,0.051823,,9,
TW,2022-Q1,702084,0.286264,0.692719,1.563698,1.658884,3.017704,0.050753,,11,
TW,2022-Q2,752092,0.284683,0.813288,1.693197,1.622555,3.028958,0.049408,,12,
TW,2022-Q3,794930,0.27722,0.91657,1.457264,1.57361,2.995366,0.048601,,11,
TW,2022-Q4,836840,0.268051,1.017615,1.506331,1.552285,3.057486,0.047704,,11,
TW,2023-Q1,907211,0.292169,1.187279,1.312124,1.483648,2.966392,0.046251,,13,
TW,2023-Q2,987536,0.313052,1.380942,1.405686,1.417126,2.938717,0.044892,,13,
TW,2023-Q3,1049487,0.320226,1.530305,1.230081,1.356771,2.902463,0.044245,,12,
TW,2023-Q4,1106311,0.32201,1.667307,1.289795,1.307579,2.87823,0.044076,,12,
TW,2024-Q1,1178832,0.299402,1.842155,1.147428,1.262945,2.867085,0.043406,,11,
TW,2024-Q2,1219387,0.234777,1.939933,1.241571,1.226269,2.797589,0.042977,,11,
TW,2024-Q3,1271075,0.211139,2.064552,1.091235,1.18949,2.792011,0.042855,,11,
TW,2024-Q4,1334820,0.20655,2.218241,1.195713,1.168975,2.771652,0.043323,,11,
TW,2025-Q1,1417799,0.202715,2.418302,1.141074,1.166275,2.768452,0.043468,,14,
TW,2025-Q2,1511720,0.239738,2.644745,1.415588,1.217775,2.727332,0.041791,,15,
TW,2025-Q3,1614260,0.269996,2.891968,1.239487,1.251098,2.557786,0.040146,,13,
TW,2025-Q4,1735979,0.300534,3.185432,1.47773,1.325521,2.479942,0.038411,,13,
TW,2026-Q1,1890259,0.333235,3.5574,1.84444,1.50952,2.426051,0.037407,,34,
TZ,2020-Q1,17267,,0,1.012741,,1.889442,0.106851,244.762751,0,2025
TZ,2020-Q2,19288,,0.117044,1.110276,,1.876918,0.101981,273.41078,0,2025
TZ,2020-Q3,21372,,0.237737,1.002573,,1.82201,0.099195,302.951846,0,2025
TZ,2020-Q4,22745,,0.317253,0.782634,0.96849,1.792482,0.097648,322.414361,0,2025
TZ,2021-Q1,24089,0.395089,0.395089,0.960148,0.95746,1.831832,0.0966,341.465797,0,2025
TZ,2021-Q2,26518,0.374844,0.535762,1.056754,0.95414,1.874086,0.092239,375.897297,2,2025
TZ,2021-Q3,28341,0.326081,0.641339,1.078508,0.978622,1.94238,0.089552,401.738642,2,2025
TZ,2021-Q4,30232,0.329171,0.750854,0.842518,0.981764,1.957562,0.085869,428.543898,2,2025
TZ,2022-Q1,32358,0.343269,0.873979,1.102448,1.019447,1.970548,0.084338,458.680321,2,2025
TZ,2022-Q2,35625,0.343427,1.063184,1.34254,1.102579,1.993067,0.079719,504.990619,2,2025
TZ,2022-Q3,37923,0.338097,1.19627,1.302086,1.163165,2.013026,0.078422,537.565171,2,2025
TZ,2022-Q4,39754,0.314964,1.302311,1.124868,1.219264,2.037405,0.076143,563.519917,2,2025
TZ,2023-Q1,42327,0.308085,1.451323,1.205188,1.239724,2.001488,0.076122,599.992643,0,2025
TZ,2023-Q2,45353,0.273067,1.626571,1.095517,1.178021,2.031266,0.074637,642.886723,2,2025
TZ,2023-Q3,48357,0.275136,1.800544,1.122257,1.135917,2.033584,0.072813,685.46895,2,2025
TZ,2023-Q4,51367,0.292122,1.974865,0.813713,1.049946,2.050675,0.071213,728.136227,2,2025
TZ,2024-Q1,55681,0.315496,2.224706,0.983388,0.998755,2.049945,0.068102,789.287933,2,2025
TZ,2024-Q2,61372,0.353207,2.554294,0.948608,0.964314,2.072427,0.064394,869.958856,2,2025
TZ,2024-Q3,65542,0.355378,2.795795,1.019484,0.947124,2.132571,0.062815,929.069337,2,2025
TZ,2024-Q4,70044,0.363599,3.056524,0.889098,0.958162,2.104663,0.060419,992.885976,2,2025
TZ,2025-Q1,76288,0.37009,3.418139,1.024879,0.971648,2.113399,0.058568,1081.39577,2,2025
TZ,2025-Q2,84757,0.381037,3.908612,1.382116,1.093699,2.154878,0.055417,1201.445329,2,2025
TZ,2025-Q3,96581,0.473574,4.593386,1.201603,1.140349,2.059649,0.051387,1369.052601,2,2025
TZ,2025-Q4,106127,0.515148,5.146233,1.241418,1.218217,1.991293,0.047726,1504.368824,2,2025
TZ,2026-Q1,121146,0.588009,6.016042,1.863462,1.445617,1.899493,0.044005,1717.265782,2,2025
UA,2020-Q1,568562,,0,2.172799,,2.880177,0.057422,14585.852122,9,2025
UA,2020-Q2,611294,,0.075158,2.400536,,2.884102,0.056207,15682.096037,23,2025
UA,2020-Q3,650147,,0.143494,1.946228,,2.880556,0.055807,16678.828342,16,2025
UA,2020-Q4,693442,,0.219642,2.098611,2.149206,2.885464,0.054951,17789.515422,19,2025
UA,2021-Q1,737846,0.297741,0.297741,2.074112,2.123647,2.888679,0.054179,18928.652715,27,2025
UA,2021-Q2,776084,0.269576,0.364994,2.041662,2.042147,2.916402,0.053248,19909.60785,25,2025
UA,2021-Q3,818046,0.258248,0.438798,1.867346,2.015495,2.933732,0.052404,20986.098236,21,2025
UA,2021-Q4,870261,0.254987,0.530635,2.138483,2.030921,2.944398,0.050527,22325.618409,27,2025
UA,2022-Q1,931796,0.26286,0.638864,1.622319,1.909431,2.880539,0.048086,23904.233248,20,2025
UA,2022-Q2,954612,0.230037,0.678994,1.810623,1.854337,2.739413,0.045832,24489.55341,25,2025
UA,2022-Q3,992765,0.213581,0.746098,1.972777,1.882859,2.749825,0.044826,25468.327961,22,2025
UA,2022-Q4,1029538,0.183022,0.810775,1.915124,1.834443,2.791932,0.04398,26411.700082,21,2025
UA,2023-Q1,1071147,0.149551,0.883958,2.037254,1.936936,2.814082,0.042439,27479.134629,37,2025
UA,2023-Q2,1122708,0.176088,0.974645,2.007502,1.984326,2.838083,0.041689,28801.877129,37,2025
UA,2023-Q3,1176158,0.18473,1.068654,1.678977,1.905302,2.860821,0.041084,30173.079911,31,2025
UA,2023-Q4,1244062,0.208369,1.188085,1.64466,1.832835,2.853943,0.04,31915.084657,33,2025
UA,2024-Q1,1274317,0.189675,1.241298,1.534175,1.708376,2.906472,0.040334,32691.244435,26,2025
UA,2024-Q2,1311480,0.16814,1.306661,1.426453,1.567432,2.926966,0.040052,33644.621591,25,2025
UA,2024-Q3,1349094,0.147035,1.372818,1.181076,1.441456,2.900753,0.039826,34609.568671,18,2025
UA,2024-Q4,1378125,0.107762,1.423878,1.280637,1.35216,2.92075,0.040063,35354.328034,15,2025
UA,2025-Q1,1430578,0.122623,1.516134,1.298795,1.295793,2.922761,0.039785,36699.953843,15,2025
UA,2025-Q2,1492408,0.137957,1.624882,1.348641,1.279424,2.901154,0.039361,38286.136593,23,2025
UA,2025-Q3,1577185,0.16907,1.773989,1.129505,1.261771,2.804968,0.042885,40461.000171,17,2025
UA,2025-Q4,1651906,0.198662,1.90541,1.224788,1.247615,2.737858,0.045524,42377.887786,15,2025
UA,2026-Q1,1729006,0.208607,2.041016,1.297895,1.249742,2.679625,0.040076,44355.806111,22,2025
UG,2020-Q1,21053,,0,1.796941,,3.020425,0.090486,409.71185,0,2025
UG,2020-Q2,23072,,0.095901,1.975121,,2.958738,0.090759,449.003553,0,2025
UG,2020-Q3,24971,,0.186102,1.759721,,2.979696,0.091386,485.95994,0,2025
UG,2020-Q4,26676,,0.267088,1.474097,1.740237,2.985717,0.091768,519.140898,0,2025
UG,2021-Q1,27846,0.322662,0.322662,1.209904,1.584615,2.882999,0.09118,541.910235,0,2025
UG,2021-Q2,29917,0.29668,0.421033,1.405455,1.453277,2.925761,0.091353,582.213909,2,2025
UG,2021-Q3,33204,0.329702,0.577162,1.786351,1.482239,2.951512,0.086737,646.182125,2,2025
UG,2021-Q4,36304,0.360924,0.72441,1.381583,1.455233,2.971518,0.083352,706.511139,2,2025
UG,2022-Q1,39472,0.417511,0.874887,1.912267,1.634297,2.994502,0.081627,768.1635,2,2025
UG,2022-Q2,42374,0.416385,1.01273,2.085335,1.805806,3.038656,0.079176,824.639241,2,2025
UG,2022-Q3,45996,0.385255,1.184772,3.187864,2.197014,3.066114,0.076789,895.126883,2,2025
UG,2022-Q4,49197,0.35514,1.336817,2.521739,2.454465,3.14383,0.075167,957.421455,2,2025
UG,2023-Q1,52672,0.334414,1.501876,2.985533,2.714002,3.206125,0.075277,1025.048334,2,2025
UG,2023-Q2,56274,0.328031,1.672968,2.221754,2.708801,3.205512,0.074013,1095.146757,2,2025
UG,2023-Q3,60371,0.312527,1.867572,2.503951,2.551365,3.210946,0.071806,1174.87836,2,2025
UG,2023-Q4,64232,0.305608,2.050967,1.661306,2.312817,3.205645,0.070354,1250.017174,2,2025
UG,2024-Q1,68495,0.300406,2.253456,1.456077,1.935406,3.213373,0.068341,1332.979299,2,2025
UG,2024-Q2,72510,0.288517,2.444165,1.473548,1.748652,3.227624,0.067729,1411.115103,2,2025
UG,2024-Q3,77988,0.291812,2.704365,1.520054,1.52471,3.220265,0.066292,1517.72231,2,2025
UG,2024-Q4,83906,0.306296,2.985465,1.342741,1.445337,3.199497,0.06344,1632.892344,2,2025
UG,2025-Q1,91451,0.335149,3.343846,1.461679,1.447665,3.199211,0.062121,1779.72538,2,2025
UG,2025-Q2,100212,0.382044,3.759987,1.74513,1.52667,3.14166,0.060142,1950.222959,2,2025
UG,2025-Q3,115137,0.476343,4.468912,1.696058,1.577908,2.935616,0.055873,2240.67797,2,2025
UG,2025-Q4,130626,0.556814,5.204626,1.704132,1.660711,2.791688,0.050763,2542.108971,2,2025
UG,2026-Q1,147165,0.609222,5.990215,2.106173,1.830557,2.695614,0.048279,2863.973992,2,2025
US,2020-Q1,9763122,,0,2.189633,,3.141391,0.061616,28565.109893,564,2025
US,2020-Q2,10434232,,0.068739,2.274877,,3.088758,0.061603,30528.655048,635,2025
US,2020-Q3,11086139,,0.135512,2.019139,,3.0424,0.060864,32436.015736,630,2025
US,2020-Q4,11660333,,0.194324,1.865495,2.07832,3.021818,0.060448,34116.002395,644,2025
US,2021-Q1,12307169,0.260577,0.260577,1.847043,1.991854,3.00818,0.060508,36008.526264,683,2025
US,2021-Q2,12895305,0.235865,0.320818,1.692632,1.849793,3.00052,0.060907,37729.304666,676,2025
US,2021-Q3,13515151,0.219104,0.384306,1.467133,1.709869,2.98495,0.060367,39542.86073,674,2025
US,2021-Q4,14190290,0.216971,0.453458,1.514827,1.623259,2.983287,0.059723,41518.194002,671,2025
US,2022-Q1,15137065,0.229939,0.550433,1.584697,1.563374,2.971136,0.058786,44288.284545,749,2025
US,2022-Q2,15941648,0.236237,0.632843,1.511313,1.520901,2.954046,0.058012,46642.347294,755,2025
US,2022-Q3,16686238,0.234632,0.709109,1.367782,1.49139,2.918671,0.057408,48820.881494,741,2025
US,2022-Q4,17416689,0.227367,0.783926,1.39946,1.461724,2.905137,0.056639,50958.047565,783,2025
US,2023-Q1,18326730,0.210719,0.877138,1.414888,1.421944,2.866104,0.055935,53620.66114,833,2025
US,2023-Q2,19338656,0.21309,0.980786,1.332343,1.377949,2.848704,0.056488,56581.371597,842,2025
US,2023-Q3,20226711,0.212179,1.071746,1.176501,1.326096,2.803605,0.055988,59179.658156,790,2025
US,2023-Q4,21077020,0.210162,1.15884,1.233421,1.285181,2.788871,0.055667,61667.50682,802,2025
US,2024-Q1,22233197,0.213157,1.277263,1.226208,1.240677,2.725505,0.054873,65050.269328,840,2025
US,2024-Q2,23027788,0.190765,1.35865,1.157364,1.198036,2.689299,0.054794,67375.097312,818,2025
US,2024-Q3,23845773,0.178925,1.442433,1.059342,1.166194,2.661328,0.054551,69768.371862,807,2025
US,2024-Q4,24759357,0.174709,1.536008,1.130873,1.141781,2.639222,0.054534,72441.351607,789,2025
US,2025-Q1,25853769,0.162845,1.648105,1.184077,1.133744,2.607759,0.054417,75643.401018,829,2025
US,2025-Q2,27113067,0.177406,1.77709,1.252084,1.159978,2.561829,0.054295,79327.876717,860,2025
US,2025-Q3,28629080,0.200593,1.932369,1.204873,1.194626,2.492527,0.053465,83763.453569,882,2025
US,2025-Q4,30298253,0.223709,2.103337,1.345562,1.249603,2.443918,0.052665,88647.148577,972,2025
US,2026-Q1,32410529,0.253609,2.319689,1.765908,1.405176,2.384564,0.052237,94827.281947,1314,2025
UY,2020-Q1,35715,,0,1.539969,,1.835951,0.064539,10551.932704,0,2025
UY,2020-Q2,39419,,0.10371,1.957761,,1.783861,0.065248,11646.272862,0,2025
UY,2020-Q3,43159,,0.208428,2.174309,,1.78044,0.062026,12751.249155,0,2025
UY,2020-Q4,45990,,0.287694,1.986019,1.931734,1.889954,0.062231,13587.663028,0,2025
UY,2021-Q1,49018,0.372477,0.372477,1.811396,1.977307,1.901567,0.061202,14482.280198,0,2025
UY,2021-Q2,52690,0.336665,0.47529,2.073031,2.00777,1.833194,0.062194,15567.166014,2,2025
UY,2021-Q3,56909,0.318589,0.59342,2.074927,1.99132,1.840675,0.060834,16813.661998,2,2025
UY,2021-Q4,59696,0.298021,0.671455,2.083272,2.01758,1.888669,0.059602,17637.07615,2,2025
UY,2022-Q1,63840,0.302379,0.787484,2.085291,2.079473,1.943123,0.059868,18861.413519,2,2025
UY,2022-Q2,68753,0.304859,0.925045,2.759545,2.268465,1.96835,0.057423,20312.950559,2,2025
UY,2022-Q3,73881,0.298231,1.068627,2.8423,2.469125,2.020655,0.056361,21828.008963,2,2025
UY,2022-Q4,77628,0.300389,1.173541,2.351136,2.517962,2.064873,0.05583,22935.053393,2,2025
UY,2023-Q1,81919,0.283192,1.293686,2.193081,2.521297,2.108009,0.055323,24202.821649,0,2025
UY,2023-Q2,87926,0.278868,1.461879,2.207641,2.384504,2.06071,0.053989,25977.579026,2,2025
UY,2023-Q3,93387,0.264019,1.614784,2.236061,2.244608,2.123593,0.053273,27591.021684,2,2025
UY,2023-Q4,97024,0.249858,1.716618,1.99495,2.154415,2.158476,0.052946,28665.566811,2,2025
UY,2024-Q1,101830,0.243057,1.851183,1.271845,1.909682,2.120564,0.051998,30085.490893,2,2025
UY,2024-Q2,107319,0.22056,2.004872,1.49338,1.732298,2.106412,0.052507,31707.2061,2,2025
UY,2024-Q3,112462,0.204258,2.148873,1.652149,1.59839,2.117898,0.052,33226.696227,2,2025
UY,2024-Q4,117234,0.208299,2.282486,1.70889,1.540234,2.143363,0.051922,34636.57507,2,2025
UY,2025-Q1,123580,0.213591,2.460171,1.175603,1.501738,2.084925,0.051991,36511.48939,2,2025
UY,2025-Q2,129798,0.20946,2.634271,1.456263,1.491376,2.076819,0.052782,38348.586339,2,2025
UY,2025-Q3,140220,0.246821,2.926081,1.695101,1.511902,2.029311,0.051241,41427.74755,0,2025
UY,2025-Q4,149551,0.275662,3.187344,1.746742,1.534045,2.013801,0.05009,44184.574767,0,2025
UY,2026-Q1,160501,0.298762,3.493938,1.692388,1.654221,1.92863,0.050461,47419.732631,0,2025
UZ,2020-Q1,24575,,0,1.359064,,2.025717,0.082482,663.231483,0,2025
UZ,2020-Q2,29267,,0.190926,1.491236,,1.963543,0.073632,789.859443,0,2025
UZ,2020-Q3,34889,,0.419695,1.416177,,1.913497,0.066468,941.586295,0,2025
UZ,2020-Q4,41139,,0.674018,1.554462,1.466089,1.95785,0.061961,1110.261647,0,2025
UZ,2021-Q1,48415,0.970092,0.970092,1.799752,1.588296,2.041516,0.056449,1306.626744,2,2025
UZ,2021-Q2,56168,0.919158,1.285575,1.893,1.698784,2.174245,0.055174,1515.865145,2,2025
UZ,2021-Q3,64278,0.842357,1.615585,1.942064,1.8202,2.317636,0.051339,1734.738281,2,2025
UZ,2021-Q4,74253,0.80493,2.021485,2.055203,1.936943,2.479779,0.048766,2003.944142,2,2025
UZ,2022-Q1,86479,0.786203,2.518983,2.269025,2.0627,2.67369,0.04541,2333.900118,2,2025
UZ,2022-Q2,98721,0.757602,3.017131,2.233162,2.144126,2.853577,0.043506,2664.287903,2,2025
UZ,2022-Q3,110371,0.717088,3.49119,2.063866,2.155293,2.972058,0.041587,2978.698759,2,2025
UZ,2022-Q4,125981,0.696645,4.126389,2.266762,2.206236,3.128623,0.040578,3399.982317,3,2025
UZ,2023-Q1,140105,0.620104,4.701119,2.218429,2.198404,3.178902,0.039949,3781.161624,3,2025
UZ,2023-Q2,154003,0.559982,5.266653,1.936787,2.115982,3.201912,0.038999,4156.24163,2,2025
UZ,2023-Q3,167475,0.517382,5.814852,1.853232,2.05088,3.258158,0.038268,4519.824724,2,2025
UZ,2023-Q4,182921,0.451973,6.443377,1.690899,1.906513,3.265907,0.037749,4936.682242,2,2025
UZ,2024-Q1,199289,0.422426,7.10942,1.709693,1.788669,3.31515,0.036936,5378.422747,2,2025
UZ,2024-Q2,212185,0.377798,7.634181,1.533586,1.687687,3.40787,0.036864,5726.46072,2,2025
UZ,2024-Q3,222625,0.329303,8.059003,1.500766,1.60282,3.519061,0.03748,6008.216028,2,2025
UZ,2024-Q4,238184,0.302114,8.692126,1.491838,1.554045,3.554319,0.036934,6428.123196,2,2025
UZ,2025-Q1,257749,0.293343,9.48826,1.527315,1.513316,3.560464,0.036625,6956.144517,2,2025
UZ,2025-Q2,275788,0.299753,10.222299,1.580939,1.527746,3.580986,0.036097,7442.982064,2,2025
UZ,2025-Q3,306711,0.377702,11.48061,1.530874,1.534205,3.46806,0.034179,8277.533728,2,2025
UZ,2025-Q4,349244,0.466278,13.211353,1.541845,1.544932,3.275555,0.031743,9425.416725,2,2025
UZ,2026-Q1,395040,0.532654,15.074873,1.895889,1.652849,3.176544,0.03027,10661.36175,3,2025
VA,2023-Q2,123,,,,,1.747967,,,0,
VA,2023-Q3,157,,,,,1.235669,,,0,
VA,2023-Q4,146,,,,,1.294521,,,0,
VA,2024-Q1,152,,,,,1.263158,,,0,
VA,2024-Q2,165,0.341463,,,,1.369697,,,0,
VA,2024-Q3,195,0.242038,,,,4.45641,,,0,
VA,2024-Q4,166,0.136986,,,,5.174699,,,0,
VA,2025-Q1,165,0.085526,,,,4.521212,,,0,
VA,2025-Q2,170,0.030303,,,,4.247059,,,0,
VA,2025-Q3,183,-0.061538,,,,3.42623,,,0,
VA,2025-Q4,181,0.090361,,,,3.38674,,,0,
VA,2026-Q1,180,0.090909,,,,3.355556,,,0,
VC,2020-Q1,431,,0,,,1.37819,,4313.278091,0,2025
VC,2020-Q2,518,,0.201856,,,1.258687,,5183.939794,0,2025
VC,2020-Q3,569,,0.320186,,,1.182777,,5694.327689,0,2025
VC,2020-Q4,613,,0.422274,,,1.114192,,6134.662343,0,2025
VC,2021-Q1,665,0.542923,0.542923,,,1.16391,,6655.057844,0,2025
VC,2021-Q2,715,0.380309,0.658933,,,1.262937,,7155.438133,0,2025
VC,2021-Q3,745,0.309315,0.728538,,,1.130201,,7455.666306,0,2025
VC,2021-Q4,781,0.274062,0.812065,,,1.076825,,7815.940114,0,2025
VC,2022-Q1,833,0.252632,0.932715,,,1.073229,,8336.335615,0,2025
VC,2022-Q2,877,0.226573,1.034803,,,1.004561,,8776.670269,0,2025
VC,2022-Q3,950,0.275168,1.204176,,,0.992632,,9507.225491,0,2025
VC,2022-Q4,1006,0.288092,1.334107,,,1.058648,,10067.651415,0,2025
VC,2023-Q1,1075,0.290516,1.4942,,,1.066047,,10758.176214,0,2025
VC,2023-Q2,1133,0.291904,1.62877,,,1.071492,,11338.617349,0,2025
VC,2023-Q3,1218,0.282105,1.825986,,,1.08867,,12189.263841,0,2025
VC,2023-Q4,1260,0.252485,1.923434,,,1.25,,12609.583283,0,2025
VC,2024-Q1,1298,0.207442,2.011601,,,1.171032,,12989.872303,0,2025
VC,2024-Q2,1358,0.198588,2.150812,,,1.173049,,13590.32865,0,2025
VC,2024-Q3,1402,0.151067,2.2529,,,1.124822,,14030.663304,0,2025
VC,2024-Q4,1453,0.153175,2.37123,,,1.218169,,14541.051199,0,2025
VC,2025-Q1,1748,0.346687,3.055684,,,1.105263,,17493.294904,0,2025
VC,2025-Q2,1801,0.326215,3.178654,,,1.137146,,18023.69801,0,2025
VC,2025-Q3,1895,0.351641,3.396752,,,1.113456,,18964.412954,0,2025
VC,2025-Q4,2039,0.403304,3.730858,,,1.117705,,20405.508186,0,2025
VC,2026-Q1,2176,0.244851,4.048724,,,0.997243,,21776.550178,0,2025
VE,2020-Q1,83817,,0,0.89903,,1.244366,0.094181,2939.204884,0,2025
VE,2020-Q2,89282,,0.065202,0.998309,,1.252335,0.090466,3130.845657,0,2025
VE,2020-Q3,95465,,0.138969,1.041115,,1.270602,0.08687,3347.664486,0,2025
VE,2020-Q4,100228,,0.195796,0.964401,0.977611,1.296454,0.084248,3514.688275,0,2025
VE,2021-Q1,105798,0.26225,0.26225,1.121174,1.033334,1.333598,0.081315,3710.011076,0,2025
VE,2021-Q2,111074,0.244081,0.325197,1.041954,1.043234,1.379891,0.078713,3895.024199,2,2025
VE,2021-Q3,116360,0.218876,0.388263,1.005199,1.033491,1.42005,0.076281,4080.387992,2,2025
VE,2021-Q4,120903,0.20628,0.442464,0.924229,1.019651,1.448086,0.0742,4239.697055,2,2025
VE,2022-Q1,127527,0.205382,0.521493,1.03168,1.000303,1.492805,0.071279,4471.980401,2,2025
VE,2022-Q2,133810,0.204692,0.596454,1.048113,1.003855,1.519303,0.069255,4692.305923,2,2025
VE,2022-Q3,141050,0.212186,0.682833,1.143892,1.041302,1.569529,0.066941,4946.190497,3,2025
VE,2022-Q4,147568,0.220549,0.760597,1.024145,1.062436,1.588718,0.064668,5174.756748,2,2025
VE,2023-Q1,156172,0.224619,0.86325,1.142215,1.090748,1.635991,0.062796,5476.472615,3,2025
VE,2023-Q2,167204,0.249563,0.99487,1.07644,1.096161,1.633041,0.059753,5863.330988,2,2025
VE,2023-Q3,177624,0.259298,1.119188,1.014137,1.063316,1.623401,0.057138,6228.7284,2,2025
VE,2023-Q4,187079,0.267748,1.231994,0.948599,1.040527,1.628269,0.055126,6560.286225,2,2025
VE,2024-Q1,203090,0.300425,1.423017,0.925762,0.987209,1.585145,0.052016,7121.742843,2,2025
VE,2024-Q2,216340,0.293869,1.581099,0.962231,0.961291,1.568147,0.049658,7586.379668,2,2025
VE,2024-Q3,224877,0.266028,1.682952,0.927849,0.940955,1.570877,0.048333,7885.74605,2,2025
VE,2024-Q4,231096,0.235286,1.75715,0.921777,0.934259,1.570633,0.047859,8103.827289,2,2025
VE,2025-Q1,244921,0.205973,1.922092,0.982055,0.948903,1.55502,0.046823,8588.627598,2,2025
VE,2025-Q2,257825,0.191758,2.076047,1.122381,0.992548,1.563968,0.045267,9041.131265,2,2025
VE,2025-Q3,284220,0.263891,2.390959,0.962205,0.998368,1.482795,0.041989,9966.722886,2,2025
VE,2025-Q4,313110,0.354891,2.735638,1.002018,1.015497,1.40023,0.038884,10979.806498,1,2025
VE,2026-Q1,345018,0.408691,3.116325,1.344411,1.116876,1.333945,0.036149,12098.722105,2,2025
VG,2020-Q1,189,,0,,,2.005291,,4756.871036,0,2025
VG,2020-Q2,270,,0.428571,,,3.314815,,6795.530051,0,2025
VG,2020-Q3,273,,0.444444,,,2.120879,,6871.035941,0,2025
VG,2020-Q4,283,,0.497354,,,2.109541,,7122.722239,0,2025
VG,2021-Q1,305,0.613757,0.613757,,,1.747541,,7676.432095,0,2025
VG,2021-Q2,337,0.248148,0.783069,,,1.824926,,8481.828249,0,2025
VG,2021-Q3,355,0.300366,0.878307,,,1.653521,,8934.863586,0,2025
VG,2021-Q4,382,0.349823,1.021164,,,2.060209,,9614.416591,0,2025
VG,2022-Q1,406,0.331148,1.148148,,,2.332512,,10218.463707,0,2025
VG,2022-Q2,412,0.222552,1.179894,,,1.737864,,10369.475486,0,2025
VG,2022-Q3,413,0.16338,1.185185,,,1.847458,,10394.644116,0,2025
VG,2022-Q4,450,0.17801,1.380952,,,1.897778,,11325.883419,0,2025
VG,2023-Q1,547,0.347291,1.89418,,,1.824497,,13767.240511,0,2025
VG,2023-Q2,570,0.383495,2.015873,,,1.568421,,14346.118997,0,2025
VG,2023-Q3,584,0.414044,2.089947,,,1.481164,,14698.479815,0,2025
VG,2023-Q4,629,0.397778,2.328042,,,1.721781,,15831.068157,0,2025
VG,2024-Q1,663,0.212066,2.507937,,,1.535445,,16686.801571,0,2025
VG,2024-Q2,661,0.159649,2.497354,,,1.500756,,16636.464311,0,2025
VG,2024-Q3,683,0.169521,2.613757,,,1.330893,,17190.174167,0,2025
VG,2024-Q4,787,0.251192,3.164021,,,1.449809,0.167726,19807.711668,0,2025
VG,2025-Q1,834,0.257919,3.412698,,,1.111511,,20990.63727,0,2025
VG,2025-Q2,947,0.432678,4.010582,,,0.920803,,23834.692439,0,2025
VG,2025-Q3,980,0.434846,4.185185,,,1.479592,,24665.257223,0,2025
VG,2025-Q4,1071,0.360864,4.666667,,,1.304388,,26955.602537,0,2025
VG,2026-Q1,1216,0.458034,5.433862,,,1.337993,,30605.053861,0,2025
VI,2020-Q1,673,,0,,,1.224368,,6484.12209,0,2025
VI,2020-Q2,812,,0.206538,,,1.150246,,7823.338986,0,2025
VI,2020-Q3,919,,0.365527,,,1.224157,,8854.246955,0,2025
VI,2020-Q4,986,,0.465082,,,1.193712,,9499.768768,0,2025
VI,2021-Q1,1079,0.603269,0.603269,,,1.267841,,10395.791583,0,2025
VI,2021-Q2,1166,0.435961,0.732541,,,1.535163,,11234.006474,0,2025
VI,2021-Q3,1236,0.34494,0.836553,,,1.525081,,11908.432249,0,2025
VI,2021-Q4,1313,0.331643,0.950966,,,1.380807,,12650.300601,0,2025
VI,2022-Q1,1417,0.313253,1.105498,,,1.42343,,13652.304609,0,2025
VI,2022-Q2,1477,0.266724,1.194651,,,1.222072,,14230.383845,0,2025
VI,2022-Q3,1547,0.251618,1.298663,,,1.283129,,14904.809619,0,2025
VI,2022-Q4,1603,0.220868,1.381872,,,1.253275,,15444.350239,0,2025
VI,2023-Q1,1659,0.170783,1.465082,,,1.209765,,15983.890859,0,2025
VI,2023-Q2,1748,0.18348,1.597325,,,1.319794,,16841.375058,0,2025
VI,2023-Q3,1822,0.177763,1.707281,,,1.374863,,17554.339448,0,2025
VI,2023-Q4,1868,0.165315,1.775632,,,1.216809,,17997.533529,0,2025
VI,2024-Q1,1987,0.197709,1.952452,,,1.385506,,19144.057345,0,2025
VI,2024-Q2,2062,0.179634,2.063893,,,1.328807,,19866.65639,0,2025
VI,2024-Q3,2117,0.16191,2.145617,,,1.350024,,20396.562355,0,2025
VI,2024-Q4,2184,0.169165,2.245171,,,1.345696,,21042.084168,0,2025
VI,2025-Q1,2274,0.144439,2.3789,,,1.364556,,21909.203021,0,2025
VI,2025-Q2,2457,0.191562,2.650817,,,1.120879,,23672.344689,0,2025
VI,2025-Q3,2554,0.206424,2.794948,,,1.20556,,24606.90612,0,2025
VI,2025-Q4,2710,0.240842,3.026746,,,1.180074,,26109.912132,0,2025
VI,2026-Q1,2892,0.271768,3.297177,,,1.034924,,27863.419146,0,2025
VN,2020-Q1,505532,,0,1.244647,,2.738752,0.110616,4975.7808,3,2025
VN,2020-Q2,559974,,0.107692,1.644028,,2.683294,0.104944,5511.635026,5,2025
VN,2020-Q3,601156,,0.189155,1.607975,,2.702708,0.101874,5916.975548,5,2025
VN,2020-Q4,648835,,0.28347,1.611477,1.538352,2.712514,0.098477,6386.263848,6,2025
VN,2021-Q1,691796,0.368451,0.368451,1.302507,1.532484,2.705384,0.095288,6809.114467,6,2025
VN,2021-Q2,751010,0.341152,0.485584,1.80639,1.585679,2.724371,0.092875,7391.937877,9,2025
VN,2021-Q3,843598,0.403293,0.668733,1.65279,1.600401,2.660699,0.085805,8303.250302,9,2025
VN,2021-Q4,936490,0.443341,0.852484,1.742361,1.639421,2.615992,0.080229,9217.554896,10,2025
VN,2022-Q1,1002684,0.449393,0.983423,1.352964,1.624097,2.642295,0.076935,9869.08009,11,2025
VN,2022-Q2,1070392,0.42527,1.117358,1.672848,1.60211,2.6815,0.074712,10535.507075,14,2025
VN,2022-Q3,1144766,0.357004,1.264478,1.457128,1.551868,2.679161,0.072262,11267.545247,15,2025
VN,2022-Q4,1237554,0.321481,1.448023,1.624218,1.531924,2.657804,0.069136,12180.826204,19,2025
VN,2023-Q1,1313681,0.310165,1.598611,1.36113,1.522498,2.669877,0.06811,12930.118564,14,2025
VN,2023-Q2,1430601,0.336521,1.829892,1.6211,1.518621,2.629354,0.065019,14080.92265,22,2025
VN,2023-Q3,1537574,0.343134,2.041497,1.358832,1.486862,2.59156,0.06286,15133.821773,16,2025
VN,2023-Q4,1617140,0.306723,2.198888,1.665658,1.507061,2.611248,0.062434,15916.963048,18,2025
VN,2024-Q1,1739877,0.324429,2.441675,1.270839,1.472391,2.567988,0.062232,17125.021901,18,2025
VN,2024-Q2,1832224,0.280737,2.624348,1.575785,1.468927,2.573032,0.061536,18033.962244,20,2025
VN,2024-Q3,1931120,0.255953,2.819976,1.321461,1.452707,2.566104,0.059228,19007.362184,17,2025
VN,2024-Q4,2068806,0.279299,3.092334,1.711921,1.478049,2.530126,0.057926,20362.558997,22,2025
VN,2025-Q1,2198359,0.263514,3.348605,1.30587,1.475809,2.513798,0.057478,21637.705436,22,2025
VN,2025-Q2,2314072,0.262985,3.577499,1.819542,1.547733,2.530598,0.056744,22776.629429,27,2025
VN,2025-Q3,2507142,0.298284,3.959413,1.52017,1.588208,2.462603,0.054112,24676.952255,27,2025
VN,2025-Q4,2760619,0.334402,4.460819,1.916611,1.654736,2.384755,0.051155,27171.840789,28,2025
VN,2026-Q1,2972715,0.352243,4.88037,1.73127,1.748956,2.360577,0.053185,29259.43011,52,2025
VU,2020-Q1,247,,0,,,0.967611,,736.941662,0,2025
VU,2020-Q2,276,,0.117409,,,0.942029,,823.465177,0,2025
VU,2020-Q3,296,,0.198381,,,0.888514,,883.136567,0,2025
VU,2020-Q4,312,,0.263158,,,0.923077,,930.873679,0,2025
VU,2021-Q1,328,0.327935,0.327935,,,1.051829,,978.61079,0,2025
VU,2021-Q2,348,0.26087,0.408907,,,1.063218,,1038.28218,0,2025
VU,2021-Q3,368,0.243243,0.489879,,,1.002717,,1097.95357,0,2025
VU,2021-Q4,392,0.25641,0.587045,,,1,,1169.559237,0,2025
VU,2022-Q1,425,0.295732,0.720648,,,0.976471,,1268.01703,0,2025
VU,2022-Q2,451,0.295977,0.825911,,,1.017738,,1345.589837,0,2025
VU,2022-Q3,493,0.339674,0.995951,,,1.056795,,1470.899755,0,2025
VU,2022-Q4,521,0.329082,1.109312,,,1.132438,,1554.439701,0,2025
VU,2023-Q1,554,0.303529,1.242915,,,1.126354,,1652.897494,0,2025
VU,2023-Q2,600,0.330377,1.42915,,,1.225,,1790.14169,0,2025
VU,2023-Q3,628,0.273834,1.54251,,,1.08758,,1873.681635,0,2025
VU,2023-Q4,654,0.255278,1.647773,,,0.944954,,1951.254442,0,2025
VU,2024-Q1,691,0.247292,1.797571,,,0.966715,,2061.646513,0,2025
VU,2024-Q2,710,0.183333,1.874494,,,0.838028,,2118.334333,0,2025
VU,2024-Q3,765,0.218153,2.097166,,,0.91634,,2282.430654,0,2025
VU,2024-Q4,903,0.380734,2.65587,,,2.401993,,2694.163243,0,2025
VU,2025-Q1,1046,0.513748,3.234818,,,1.787763,,3120.813679,0,2025
VU,2025-Q2,1001,0.409859,3.052632,,,1.263736,,2986.553052,0,2025
VU,2025-Q3,1109,0.449673,3.489879,,,0.987376,,3308.778556,0,2025
VU,2025-Q4,1201,0.330011,3.862348,,,0.962531,,3583.266949,0,2025
VU,2026-Q1,1289,0.232314,4.218623,,,0.855702,,3845.821063,0,2025
WS,2020-Q1,138,,0,,,1.463768,,629.257749,0,2025
WS,2020-Q2,158,,0.144928,,,1.316456,,720.454525,0,2025
WS,2020-Q3,166,,0.202899,,,1.325301,,756.933235,0,2025
WS,2020-Q4,178,,0.289855,,,1.275281,,811.6513,0,2025
WS,2021-Q1,198,0.434783,0.434783,,,1.227273,,902.848075,0,2025
WS,2021-Q2,215,0.360759,0.557971,,,1.195349,,980.365334,0,2025
WS,2021-Q3,241,0.451807,0.746377,,,1.248963,,1098.921142,0,2025
WS,2021-Q4,262,0.47191,0.898551,,,1.221374,,1194.677756,0,2025
WS,2022-Q1,289,0.459596,1.094203,,,1.207612,,1317.793403,0,2025
WS,2022-Q2,317,0.474419,1.297101,,,1.198738,,1445.468888,0,2025
WS,2022-Q3,338,0.40249,1.449275,,,1.150888,,1541.225502,0,2025
WS,2022-Q4,366,0.396947,1.652174,,,1.087432,,1668.900988,0,2025
WS,2023-Q1,390,0.349481,1.826087,,,1.041026,,1778.337118,0,2025
WS,2023-Q2,423,0.334385,2.065217,,,1.170213,,1928.811797,0,2025
WS,2023-Q3,466,0.378698,2.376812,,,0.963519,,2124.884864,0,2025
WS,2023-Q4,495,0.352459,2.586957,,,0.979798,,2257.120188,0,2025
WS,2024-Q1,535,0.371795,2.876812,,,0.970093,,2439.513739,0,2025
WS,2024-Q2,558,0.319149,3.043478,,,0.930108,,2544.39003,0,2025
WS,2024-Q3,586,0.257511,3.246377,,,1.006826,,2672.065516,0,2025
WS,2024-Q4,623,0.258586,3.514493,,,0.871589,,2840.77955,0,2025
WS,2025-Q1,659,0.231776,3.775362,,,0.933232,,3004.933746,0,2025
WS,2025-Q2,733,0.31362,4.311594,,,0.9809,,3342.361814,0,2025
WS,2025-Q3,817,0.394198,4.92029,,,0.833537,,3725.38827,0,2025
WS,2025-Q4,893,0.433387,5.471014,,,0.783875,,4071.936016,0,2025
WS,2026-Q1,979,0.485584,6.094203,,,0.790603,,4464.08215,0,2025
XK,2021-Q4,236,,,,,0.716102,,149.663005,0,2025
XK,2022-Q1,3418,,,3.520772,,3.037449,0.066413,2167.576905,0,2025
XK,2022-Q2,4248,,,2.208098,,2.681968,0.058145,2693.934082,0,2025
XK,2022-Q3,5103,,,1.514991,,2.375073,0.055458,3236.145391,0,2025
XK,2022-Q4,7238,29.669492,,2.000967,2.180637,2.317767,0.054297,4590.08825,0,2025
XK,2023-Q1,12125,2.547396,,2.673485,2.229226,2.45501,0.052784,7689.253943,0,2025
XK,2023-Q2,15179,2.573211,,2.668489,2.399672,2.316622,0.048949,9625.994688,0,2025
XK,2023-Q3,15643,2.065452,,1.072109,2.075819,2.090392,0.043598,9920.247375,0,2025
XK,2023-Q4,20037,1.768306,,1.547337,1.916296,2.0809,0.045366,12706.769587,0,2025
XK,2024-Q1,22808,0.881072,,1.601719,1.694273,1.980139,0.042441,14464.041561,0,2025
XK,2024-Q2,25171,0.658278,,1.58623,1.485005,1.937031,0.042191,15962.574102,0,2025
XK,2024-Q3,27331,0.747171,,1.004171,1.414916,1.913541,0.041894,17332.371093,0,2025
XK,2024-Q4,30260,0.510206,,1.489921,1.411282,1.897257,0.041672,19189.84118,0,2025
XK,2025-Q1,33618,0.473957,,1.422423,1.377178,1.870397,0.041287,21319.368168,0,2025
XK,2025-Q2,35914,0.426801,,1.748622,1.440723,1.91566,0.041182,22775.411637,0,2025
XK,2025-Q3,39260,0.436464,,1.163856,1.448357,1.846026,0.040092,24897.328642,0,2025
XK,2025-Q4,44202,0.46074,,1.679856,1.50702,1.775598,0.03846,28031.373424,0,2025
XK,2026-Q1,48832,0.452555,,1.775373,1.601832,1.748341,0.039237,30967.558641,0,2025
YE,2020-Q1,12584,,0,0.28417,,2.54172,0.105531,301.240886,0,2025
YE,2020-Q2,14080,,0.118881,0.281392,,2.398153,0.098224,337.052739,0,2025
YE,2020-Q3,15710,,0.248411,1.802101,,1.455315,0.091598,376.072339,0,2025
YE,2020-Q4,17516,,0.391926,0.481617,0.739439,1.44388,0.086721,419.305098,0,2025
YE,2021-Q1,19751,0.569533,0.569533,0.335882,0.706011,1.423472,0.079895,472.807432,0,2025
YE,2021-Q2,21926,0.557244,0.742371,0.33344,0.676769,1.436058,0.075208,524.873463,2,2025
YE,2021-Q3,24490,0.55888,0.946122,0.399837,0.384463,1.443569,0.06962,586.251533,2,2025
YE,2021-Q4,27142,0.549555,1.156866,0.312357,0.345251,1.46452,0.065913,649.736182,2,2025
YE,2022-Q1,29840,0.51081,1.371265,0.510389,0.394698,1.519068,0.061361,714.321998,2,2025
YE,2022-Q2,32576,0.485725,1.588684,0.532509,0.445839,1.502241,0.058571,779.817473,2,2025
YE,2022-Q3,36082,0.473336,1.867292,0.508453,0.472787,1.504213,0.055734,863.745521,2,2025
YE,2022-Q4,40086,0.476899,2.185474,0.500798,0.51231,1.529911,0.051539,959.594893,2,2025
YE,2023-Q1,44363,0.486696,2.52535,0.558326,0.526018,1.563983,0.049974,1061.97945,0,2025
YE,2023-Q2,48468,0.487844,2.851558,0.456198,0.504743,1.60737,0.047722,1160.246602,2,2025
YE,2023-Q3,54063,0.498337,3.29617,0.51612,0.507316,1.561955,0.045244,1294.181977,2,2025
YE,2023-Q4,59222,0.477374,3.706135,0.5,0.506482,1.523842,0.043295,1417.680207,2,2025
YE,2024-Q1,64246,0.448189,4.105372,0.459702,0.483007,1.531613,0.041621,1537.946752,2,2025
YE,2024-Q2,67646,0.395684,4.375556,0.545768,0.505622,1.521243,0.040934,1619.337328,2,2025
YE,2024-Q3,72767,0.345967,4.782502,0.532494,0.510882,1.527822,0.040527,1741.925899,2,2025
YE,2024-Q4,79137,0.336277,5.2887,0.487458,0.506621,1.518797,0.038743,1894.413538,2,2025
YE,2025-Q1,86324,0.343648,5.859822,0.542097,0.526488,1.535262,0.038518,2066.458853,2,2025
YE,2025-Q2,94603,0.398501,6.517721,0.76894,0.591483,1.52604,0.037208,2264.644906,2,2025
YE,2025-Q3,113783,0.563662,8.041879,0.966814,0.7172,1.379767,0.031964,2723.783509,0,2025
YE,2025-Q4,133164,0.682702,9.582009,0.968708,0.837966,1.327371,0.028446,3187.733732,0,2025
YE,2026-Q1,146772,0.700246,10.663382,1.028616,0.947571,1.308894,0.026538,3513.487544,0,2025
YT,2020-Q1,347,,0,,,0.974063,,,0,
YT,2020-Q2,382,,0.100865,,,0.819372,,,0,
YT,2020-Q3,410,,0.181556,,,0.870732,,,0,
YT,2020-Q4,432,,0.244957,,,0.946759,,,0,
YT,2021-Q1,449,0.293948,0.293948,,,0.964365,,,0,
YT,2021-Q2,470,0.230366,0.354467,,,1.051064,,,0,
YT,2021-Q3,494,0.204878,0.423631,,,1.046559,,,0,
YT,2021-Q4,525,0.215278,0.512968,,,1.173333,,,0,
YT,2022-Q1,575,0.280624,0.657061,,,1.293913,,,0,
YT,2022-Q2,625,0.329787,0.801153,,,1.4848,,,0,
YT,2022-Q3,667,0.350202,0.92219,,,1.46027,,,0,
YT,2022-Q4,704,0.340952,1.028818,,,1.487216,,,0,
YT,2023-Q1,742,0.290435,1.138329,,,1.303235,,,0,
YT,2023-Q2,803,0.2848,1.314121,,,1.160648,,,0,
YT,2023-Q3,874,0.310345,1.518732,,,1.154462,,,0,
YT,2023-Q4,914,0.298295,1.634006,,,1.190372,,,0,
YT,2024-Q1,984,0.326146,1.835735,,,1.028455,,,0,
YT,2024-Q2,1019,0.268991,1.936599,,,1.149166,,,0,
YT,2024-Q3,1086,0.242563,2.129683,,,1.112339,,,0,
YT,2024-Q4,1114,0.218818,2.210375,,,1.105027,,,0,
YT,2025-Q1,1203,0.222561,2.466859,,,1.203658,,,0,
YT,2025-Q2,1287,0.263003,2.708934,,,1.275835,,,0,
YT,2025-Q3,1433,0.319521,3.129683,,,1.224703,,,0,
YT,2025-Q4,1588,0.425494,3.576369,,,1.18136,,,0,
YT,2026-Q1,1746,0.451372,4.0317,,,1.178121,,,0,
ZA,2020-Q1,202767,,0,1.188576,,2.060893,0.065306,3131.666347,0,2025
ZA,2020-Q2,225046,,0.109875,1.351035,,2.052132,0.065071,3475.757815,0,2025
ZA,2020-Q3,246671,,0.216524,1.207341,,1.963486,0.064272,3809.748478,0,2025
ZA,2020-Q4,261947,,0.291862,0.98967,1.176922,1.95414,0.063498,4045.681027,0,2025
ZA,2021-Q1,280384,0.382789,0.382789,0.971493,1.11779,1.948645,0.063385,4330.43413,2,2025
ZA,2021-Q2,299470,0.330706,0.476917,1.10167,1.065131,1.974108,0.063839,4625.210814,2,2025
ZA,2021-Q3,319311,0.294481,0.574768,1.130785,1.052974,1.975857,0.062948,4931.648212,4,2025
ZA,2021-Q4,337012,0.286566,0.662065,0.951966,1.038851,1.989707,0.061639,5205.034049,4,2025
ZA,2022-Q1,362162,0.291664,0.786099,0.923658,1.021527,1.973247,0.059926,5593.467121,4,2025
ZA,2022-Q2,387732,0.294727,0.912205,1.319035,1.086491,1.927806,0.058313,5988.386948,5,2025
ZA,2022-Q3,412731,0.292567,1.035494,1.518781,1.196035,1.96229,0.057023,6374.487876,5,2025
ZA,2022-Q4,432286,0.282702,1.131935,1.247607,1.261586,1.977022,0.056009,6676.508104,5,2025
ZA,2023-Q1,469504,0.296392,1.315485,2.094487,1.563207,1.943381,0.054355,7251.327271,4,2025
ZA,2023-Q2,509385,0.313755,1.512169,1.663021,1.64299,1.902482,0.052239,7867.275555,4,2025
ZA,2023-Q3,540586,0.309778,1.666045,1.766006,1.703328,1.901503,0.051703,8349.164233,3,2025
ZA,2023-Q4,564536,0.305932,1.784161,1.123631,1.640824,1.914291,0.051442,8719.063719,5,2025
ZA,2024-Q1,602571,0.28342,1.971741,1.076808,1.391462,1.889465,0.050421,9306.50117,5,2025
ZA,2024-Q2,634709,0.24603,2.130238,1.125122,1.260239,1.905336,0.049512,9802.86149,4,2025
ZA,2024-Q3,665394,0.230875,2.281569,1.066218,1.097095,1.916534,0.049401,10276.780727,4,2025
ZA,2024-Q4,694983,0.231069,2.427496,0.922202,1.044537,1.927197,0.049572,10733.772622,4,2025
ZA,2025-Q1,741633,0.230781,2.657563,0.872231,0.990737,1.899403,0.049089,11454.265774,4,2025
ZA,2025-Q2,808252,0.273421,2.986112,1.157354,1.007703,1.873393,0.047553,12483.173242,6,2025
ZA,2025-Q3,889074,0.336162,3.384708,1.200006,1.049834,1.814032,0.045662,13731.441143,6,2025
ZA,2025-Q4,962146,0.384417,3.745082,1.162834,1.107881,1.783842,0.044181,14860.012968,7,2025
ZA,2026-Q1,1058997,0.427926,4.222729,1.297621,1.208917,1.724335,0.043246,16355.843243,7,2025
ZM,2020-Q1,6964,,0,0.699167,,1.597214,0.076393,317.789543,0,2025
ZM,2020-Q2,8048,,0.155658,0.592818,,1.528579,0.07331,367.255922,0,2025
ZM,2020-Q3,9033,,0.297099,0.628363,,1.548323,0.070851,412.204615,0,2025
ZM,2020-Q4,9847,,0.413986,0.710166,0.658238,1.527369,0.070377,449.350033,0,2025
ZM,2021-Q1,10877,0.56189,0.56189,0.594557,0.632377,1.644847,0.069229,496.35222,0,2025
ZM,2021-Q2,11869,0.474776,0.704337,0.880613,0.710806,1.66046,0.070099,541.620345,2,2025
ZM,2021-Q3,12944,0.432968,0.858702,1.087145,0.834135,1.721956,0.068835,590.676026,2,2025
ZM,2021-Q4,14008,0.422565,1.011488,0.945745,0.890157,1.741576,0.065962,639.229741,2,2025
ZM,2022-Q1,15367,0.412798,1.206634,1.217935,1.042445,2.037288,0.063317,701.245248,2,2025
ZM,2022-Q2,16662,0.403825,1.39259,1.467711,1.195148,1.776497,0.061517,760.34023,2,2025
ZM,2022-Q3,18096,0.398022,1.598507,1.550398,1.317185,1.796419,0.059682,825.778226,2,2025
ZM,2022-Q4,19443,0.387993,1.79193,1.319344,1.39258,1.782081,0.055958,887.246135,2,2025
ZM,2023-Q1,20975,0.364938,2.011918,1.888486,1.566644,1.789797,0.056782,957.156183,0,2025
ZM,2023-Q2,22853,0.371564,2.281591,1.08931,1.452837,1.77294,0.055004,1042.855316,0,2025
ZM,2023-Q3,24503,0.354056,2.518524,1.159246,1.350764,1.736767,0.052443,1118.150082,2,2025
ZM,2023-Q4,25983,0.336368,2.731045,0.847131,1.218494,1.80341,0.052034,1185.687204,2,2025
ZM,2024-Q1,28399,0.353945,3.077972,0.811472,0.966748,1.810557,0.0506,1295.936994,2,2025
ZM,2024-Q2,30499,0.334573,3.379523,0.674219,0.859577,1.813469,0.050067,1391.766695,2,2025
ZM,2024-Q3,32704,0.334694,3.696152,0.790545,0.777931,1.816139,0.049658,1492.387882,2,2025
ZM,2024-Q4,35507,0.366547,4.09865,0.699214,0.741796,1.898921,0.047681,1620.297716,2,2025
ZM,2025-Q1,38852,0.368076,4.578978,0.762483,0.733255,1.796149,0.045866,1772.940741,2,2025
ZM,2025-Q2,42738,0.401292,5.13699,0.923394,0.799521,1.752118,0.043474,1950.271321,2,2025
ZM,2025-Q3,50681,0.549688,6.27757,1.103096,0.892972,1.620272,0.039601,2312.735758,0,2025
ZM,2025-Q4,57053,0.60681,7.192562,1.2053,1.023431,1.565492,0.037632,2603.510452,0,2025
ZM,2026-Q1,64531,0.660944,8.26637,1.530644,1.22282,1.514776,0.035905,2944.755455,0,2025
ZW,2020-Q1,13270,,0,0.611605,,1.737679,0.0685,782.854138,0,2025
ZW,2020-Q2,14787,,0.114318,0.77771,,1.723,0.067559,872.348465,0,2025
ZW,2020-Q3,16351,,0.232178,0.788576,,1.698061,0.065806,964.615524,0,2025
ZW,2020-Q4,17355,,0.307837,0.61331,0.698703,1.687986,0.064938,1023.845784,0,2025
ZW,2021-Q1,18740,0.412208,0.412208,0.64936,0.70214,1.710779,0.065101,1105.552866,0,2025
ZW,2021-Q2,20321,0.374248,0.531349,0.823729,0.720739,1.707642,0.065351,1198.822828,2,2025
ZW,2021-Q3,21794,0.332885,0.642351,0.87781,0.750326,1.796917,0.064192,1285.721407,2,2025
ZW,2021-Q4,23154,0.33414,0.744838,0.720567,0.770429,1.807895,0.063531,1365.953632,2,2025
ZW,2022-Q1,24924,0.329989,0.878222,0.951894,0.845731,1.800674,0.059982,1470.373513,2,2025
ZW,2022-Q2,26742,0.315979,1.015222,1.245905,0.961124,1.839167,0.059868,1577.62512,2,2025
ZW,2022-Q3,28680,0.315959,1.161266,1.42242,1.106493,1.886332,0.056764,1691.956041,2,2025
ZW,2022-Q4,30390,0.312516,1.290128,1.365877,1.258371,1.920039,0.055413,1792.836265,2,2025
ZW,2023-Q1,32544,0.305729,1.452449,1.895588,1.498124,1.93326,0.053835,1919.909951,0,2025
ZW,2023-Q2,34626,0.294817,1.609344,1.132646,1.451307,1.904494,0.05285,2042.736049,2,2025
ZW,2023-Q3,36333,0.266841,1.73798,1.10668,1.363977,1.909641,0.051551,2143.43929,2,2025
ZW,2023-Q4,38118,0.254294,1.872494,0.776484,1.205443,1.889186,0.050685,2248.744085,2,2025
ZW,2024-Q1,40726,0.251413,2.069028,0.752149,0.932278,1.865319,0.0496,2402.601176,2,2025
ZW,2024-Q2,43628,0.259978,2.287717,0.820116,0.857775,1.855391,0.047401,2573.802586,2,2025
ZW,2024-Q3,46049,0.267415,2.470158,0.775261,0.781564,1.863146,0.046212,2716.627745,2,2025
ZW,2024-Q4,49319,0.293851,2.716579,0.746163,0.772927,1.889982,0.046493,2909.539051,2,2025
ZW,2025-Q1,53796,0.320925,3.053956,0.858391,0.801164,1.919975,0.045691,3173.656457,2,2025
ZW,2025-Q2,59415,0.361855,3.477393,1.268956,0.930453,1.934326,0.044012,3505.145334,2,2025
ZW,2025-Q3,68050,0.477774,4.128109,1.167494,1.031403,1.837032,0.040926,4014.560969,0,2025
ZW,2025-Q4,75557,0.532006,4.693821,1.234856,1.146037,1.771656,0.038977,4457.431053,0,2025
ZW,2026-Q1,84670,0.573909,5.380558,1.570037,1.324611,1.74299,0.037522,4995.045955,0,2025
