quarter,indicator,series,value
2020-Q1,accounts,DZ,91819
2020-Q1,accounts,EG,236751
2020-Q1,accounts,LY,9125
2020-Q1,accounts,MA,142405
2020-Q1,accounts,MR,1519
2020-Q1,accounts,SD,11010
2020-Q1,accounts,TN,88631
2020-Q1,accounts,NG,173641
2020-Q1,accounts,KE,90770
2020-Q1,accounts,ZA,202767
2020-Q1,accounts,median_north_africa,88631
2020-Q1,accounts,median_core_peers,158023
2020-Q1,accounts,median_africa,
2020-Q1,yoy,DZ,
2020-Q1,yoy,EG,
2020-Q1,yoy,LY,
2020-Q1,yoy,MA,
2020-Q1,yoy,MR,
2020-Q1,yoy,SD,
2020-Q1,yoy,TN,
2020-Q1,yoy,NG,
2020-Q1,yoy,KE,
2020-Q1,yoy,ZA,
2020-Q1,yoy,median_north_africa,
2020-Q1,yoy,median_core_peers,
2020-Q1,yoy,median_africa,
2020-Q1,since_2020,DZ,0
2020-Q1,since_2020,EG,0
2020-Q1,since_2020,LY,0
2020-Q1,since_2020,MA,0
2020-Q1,since_2020,MR,0
2020-Q1,since_2020,SD,0
2020-Q1,since_2020,TN,0
2020-Q1,since_2020,NG,0
2020-Q1,since_2020,KE,0
2020-Q1,since_2020,ZA,0
2020-Q1,since_2020,median_north_africa,0
2020-Q1,since_2020,median_core_peers,0
2020-Q1,since_2020,median_africa,
2020-Q1,pushes_per_account,DZ,0.46364
2020-Q1,pushes_per_account,EG,0.933356
2020-Q1,pushes_per_account,LY,0.258192
2020-Q1,pushes_per_account,MA,0.697869
2020-Q1,pushes_per_account,MR,
2020-Q1,pushes_per_account,SD,0.497911
2020-Q1,pushes_per_account,TN,1.344541
2020-Q1,pushes_per_account,NG,1.567879
2020-Q1,pushes_per_account,KE,2.009342
2020-Q1,pushes_per_account,ZA,1.188576
2020-Q1,pushes_per_account,median_north_africa,0.59789
2020-Q1,pushes_per_account,median_core_peers,1.266558
2020-Q1,pushes_per_account,median_africa,
2020-Q1,pushes_per_account_4q,DZ,
2020-Q1,pushes_per_account_4q,EG,
2020-Q1,pushes_per_account_4q,LY,
2020-Q1,pushes_per_account_4q,MA,
2020-Q1,pushes_per_account_4q,MR,
2020-Q1,pushes_per_account_4q,SD,
2020-Q1,pushes_per_account_4q,TN,
2020-Q1,pushes_per_account_4q,NG,
2020-Q1,pushes_per_account_4q,KE,
2020-Q1,pushes_per_account_4q,ZA,
2020-Q1,pushes_per_account_4q,median_north_africa,
2020-Q1,pushes_per_account_4q,median_core_peers,
2020-Q1,pushes_per_account_4q,median_africa,
2020-Q1,repos_per_account,DZ,1.083632
2020-Q1,repos_per_account,EG,1.828432
2020-Q1,repos_per_account,LY,1.021589
2020-Q1,repos_per_account,MA,1.272884
2020-Q1,repos_per_account,MR,1.35418
2020-Q1,repos_per_account,SD,1.172389
2020-Q1,repos_per_account,TN,1.7144
2020-Q1,repos_per_account,NG,2.674524
2020-Q1,repos_per_account,KE,3.640068
2020-Q1,repos_per_account,ZA,2.060893
2020-Q1,repos_per_account,median_north_africa,1.272884
2020-Q1,repos_per_account,median_core_peers,1.944662
2020-Q1,repos_per_account,median_africa,
2020-Q1,orgs_per_account,DZ,0.122175
2020-Q1,orgs_per_account,EG,0.090023
2020-Q1,orgs_per_account,LY,0.104658
2020-Q1,orgs_per_account,MA,0.12305
2020-Q1,orgs_per_account,MR,0.109941
2020-Q1,orgs_per_account,SD,0.092007
2020-Q1,orgs_per_account,TN,0.0942
2020-Q1,orgs_per_account,NG,0.108724
2020-Q1,orgs_per_account,KE,0.077801
2020-Q1,orgs_per_account,ZA,0.065306
2020-Q1,orgs_per_account,median_north_africa,0.104658
2020-Q1,orgs_per_account,median_core_peers,0.092111
2020-Q1,orgs_per_account,median_africa,
2020-Q1,accounts_per_million,DZ,1935.667673
2020-Q1,accounts_per_million,EG,2000.160604
2020-Q1,accounts_per_million,LY,1223.427326
2020-Q1,accounts_per_million,MA,3705.494321
2020-Q1,accounts_per_million,MR,285.791425
2020-Q1,accounts_per_million,SD,213.115417
2020-Q1,accounts_per_million,TN,7177.428517
2020-Q1,accounts_per_million,NG,731.034486
2020-Q1,accounts_per_million,KE,1577.717135
2020-Q1,accounts_per_million,ZA,3131.666347
2020-Q1,accounts_per_million,median_north_africa,1935.667673
2020-Q1,accounts_per_million,median_core_peers,2565.913476
2020-Q1,accounts_per_million,median_africa,
2020-Q1,topics,DZ,0
2020-Q1,topics,EG,0
2020-Q1,topics,LY,0
2020-Q1,topics,MA,0
2020-Q1,topics,MR,0
2020-Q1,topics,SD,0
2020-Q1,topics,TN,0
2020-Q1,topics,NG,2
2020-Q1,topics,KE,0
2020-Q1,topics,ZA,0
2020-Q1,topics,median_north_africa,0
2020-Q1,topics,median_core_peers,0
2020-Q1,topics,median_africa,
2020-Q2,accounts,DZ,103633
2020-Q2,accounts,EG,269768
2020-Q2,accounts,LY,10314
2020-Q2,accounts,MA,161134
2020-Q2,accounts,MR,1808
2020-Q2,accounts,SD,12353
2020-Q2,accounts,TN,96518
2020-Q2,accounts,NG,203064
2020-Q2,accounts,KE,100837
2020-Q2,accounts,ZA,225046
2020-Q2,accounts,median_north_africa,96518
2020-Q2,accounts,median_core_peers,182099
2020-Q2,accounts,median_africa,
2020-Q2,yoy,DZ,
2020-Q2,yoy,EG,
2020-Q2,yoy,LY,
2020-Q2,yoy,MA,
2020-Q2,yoy,MR,
2020-Q2,yoy,SD,
2020-Q2,yoy,TN,
2020-Q2,yoy,NG,
2020-Q2,yoy,KE,
2020-Q2,yoy,ZA,
2020-Q2,yoy,median_north_africa,
2020-Q2,yoy,median_core_peers,
2020-Q2,yoy,median_africa,
2020-Q2,since_2020,DZ,0.128666
2020-Q2,since_2020,EG,0.139459
2020-Q2,since_2020,LY,0.130301
2020-Q2,since_2020,MA,0.131519
2020-Q2,since_2020,MR,0.190257
2020-Q2,since_2020,SD,0.12198
2020-Q2,since_2020,TN,0.088987
2020-Q2,since_2020,NG,0.169447
2020-Q2,since_2020,KE,0.110907
2020-Q2,since_2020,ZA,0.109875
2020-Q2,since_2020,median_north_africa,0.130301
2020-Q2,since_2020,median_core_peers,0.121213
2020-Q2,since_2020,median_africa,
2020-Q2,pushes_per_account,DZ,0.590237
2020-Q2,pushes_per_account,EG,1.257777
2020-Q2,pushes_per_account,LY,0.344871
2020-Q2,pushes_per_account,MA,0.835932
2020-Q2,pushes_per_account,MR,0.535398
2020-Q2,pushes_per_account,SD,0.615154
2020-Q2,pushes_per_account,TN,1.355913
2020-Q2,pushes_per_account,NG,2.348678
2020-Q2,pushes_per_account,KE,2.182473
2020-Q2,pushes_per_account,ZA,1.351035
2020-Q2,pushes_per_account,median_north_africa,0.615154
2020-Q2,pushes_per_account,median_core_peers,1.353474
2020-Q2,pushes_per_account,median_africa,
2020-Q2,pushes_per_account_4q,DZ,
2020-Q2,pushes_per_account_4q,EG,
2020-Q2,pushes_per_account_4q,LY,
2020-Q2,pushes_per_account_4q,MA,
2020-Q2,pushes_per_account_4q,MR,
2020-Q2,pushes_per_account_4q,SD,
2020-Q2,pushes_per_account_4q,TN,
2020-Q2,pushes_per_account_4q,NG,
2020-Q2,pushes_per_account_4q,KE,
2020-Q2,pushes_per_account_4q,ZA,
2020-Q2,pushes_per_account_4q,median_north_africa,
2020-Q2,pushes_per_account_4q,median_core_peers,
2020-Q2,pushes_per_account_4q,median_africa,
2020-Q2,repos_per_account,DZ,1.081451
2020-Q2,repos_per_account,EG,1.817221
2020-Q2,repos_per_account,LY,1.057689
2020-Q2,repos_per_account,MA,1.271358
2020-Q2,repos_per_account,MR,1.294801
2020-Q2,repos_per_account,SD,1.173561
2020-Q2,repos_per_account,TN,1.768541
2020-Q2,repos_per_account,NG,2.773914
2020-Q2,repos_per_account,KE,3.636106
2020-Q2,repos_per_account,ZA,2.052132
2020-Q2,repos_per_account,median_north_africa,1.271358
2020-Q2,repos_per_account,median_core_peers,1.934676
2020-Q2,repos_per_account,median_africa,
2020-Q2,orgs_per_account,DZ,0.111142
2020-Q2,orgs_per_account,EG,0.082667
2020-Q2,orgs_per_account,LY,0.099283
2020-Q2,orgs_per_account,MA,0.112937
2020-Q2,orgs_per_account,MR,0.097345
2020-Q2,orgs_per_account,SD,0.086619
2020-Q2,orgs_per_account,TN,0.089517
2020-Q2,orgs_per_account,NG,0.10086
2020-Q2,orgs_per_account,KE,0.076738
2020-Q2,orgs_per_account,ZA,0.065071
2020-Q2,orgs_per_account,median_north_africa,0.097345
2020-Q2,orgs_per_account,median_core_peers,0.086092
2020-Q2,orgs_per_account,median_africa,
2020-Q2,accounts_per_million,DZ,2184.722639
2020-Q2,accounts_per_million,EG,2279.100514
2020-Q2,accounts_per_million,LY,1382.841583
2020-Q2,accounts_per_million,MA,4192.838187
2020-Q2,accounts_per_million,MR,340.165172
2020-Q2,accounts_per_million,SD,239.111239
2020-Q2,accounts_per_million,TN,7816.125799
2020-Q2,accounts_per_million,NG,854.906312
2020-Q2,accounts_per_million,KE,1752.696515
2020-Q2,accounts_per_million,ZA,3475.757815
2020-Q2,accounts_per_million,median_north_africa,2184.722639
2020-Q2,accounts_per_million,median_core_peers,2877.429164
2020-Q2,accounts_per_million,median_africa,
2020-Q2,topics,DZ,0
2020-Q2,topics,EG,3
2020-Q2,topics,LY,0
2020-Q2,topics,MA,0
2020-Q2,topics,MR,0
2020-Q2,topics,SD,0
2020-Q2,topics,TN,0
2020-Q2,topics,NG,3
2020-Q2,topics,KE,1
2020-Q2,topics,ZA,0
2020-Q2,topics,median_north_africa,0
2020-Q2,topics,median_core_peers,0.5
2020-Q2,topics,median_africa,
2020-Q3,accounts,DZ,112889
2020-Q3,accounts,EG,297793
2020-Q3,accounts,LY,11219
2020-Q3,accounts,MA,174167
2020-Q3,accounts,MR,2004
2020-Q3,accounts,SD,13543
2020-Q3,accounts,TN,102800
2020-Q3,accounts,NG,232444
2020-Q3,accounts,KE,110279
2020-Q3,accounts,ZA,246671
2020-Q3,accounts,median_north_africa,102800
2020-Q3,accounts,median_core_peers,203305.5
2020-Q3,accounts,median_africa,
2020-Q3,yoy,DZ,
2020-Q3,yoy,EG,
2020-Q3,yoy,LY,
2020-Q3,yoy,MA,
2020-Q3,yoy,MR,
2020-Q3,yoy,SD,
2020-Q3,yoy,TN,
2020-Q3,yoy,NG,
2020-Q3,yoy,KE,
2020-Q3,yoy,ZA,
2020-Q3,yoy,median_north_africa,
2020-Q3,yoy,median_core_peers,
2020-Q3,yoy,median_africa,
2020-Q3,since_2020,DZ,0.229473
2020-Q3,since_2020,EG,0.257832
2020-Q3,since_2020,LY,0.229479
2020-Q3,since_2020,MA,0.22304
2020-Q3,since_2020,MR,0.319289
2020-Q3,since_2020,SD,0.230064
2020-Q3,since_2020,TN,0.159865
2020-Q3,since_2020,NG,0.338647
2020-Q3,since_2020,KE,0.214928
2020-Q3,since_2020,ZA,0.216524
2020-Q3,since_2020,median_north_africa,0.229479
2020-Q3,since_2020,median_core_peers,0.219782
2020-Q3,since_2020,median_africa,
2020-Q3,pushes_per_account,DZ,0.501439
2020-Q3,pushes_per_account,EG,0.975483
2020-Q3,pushes_per_account,LY,0.25439
2020-Q3,pushes_per_account,MA,0.583004
2020-Q3,pushes_per_account,MR,0.57984
2020-Q3,pushes_per_account,SD,0.569815
2020-Q3,pushes_per_account,TN,1.083356
2020-Q3,pushes_per_account,NG,1.930431
2020-Q3,pushes_per_account,KE,2.226652
2020-Q3,pushes_per_account,ZA,1.207341
2020-Q3,pushes_per_account,median_north_africa,0.57984
2020-Q3,pushes_per_account,median_core_peers,1.145348
2020-Q3,pushes_per_account,median_africa,
2020-Q3,pushes_per_account_4q,DZ,
2020-Q3,pushes_per_account_4q,EG,
2020-Q3,pushes_per_account_4q,LY,
2020-Q3,pushes_per_account_4q,MA,
2020-Q3,pushes_per_account_4q,MR,
2020-Q3,pushes_per_account_4q,SD,
2020-Q3,pushes_per_account_4q,TN,
2020-Q3,pushes_per_account_4q,NG,
2020-Q3,pushes_per_account_4q,KE,
2020-Q3,pushes_per_account_4q,ZA,
2020-Q3,pushes_per_account_4q,median_north_africa,
2020-Q3,pushes_per_account_4q,median_core_peers,
2020-Q3,pushes_per_account_4q,median_africa,
2020-Q3,repos_per_account,DZ,1.088299
2020-Q3,repos_per_account,EG,1.821779
2020-Q3,repos_per_account,LY,1.035832
2020-Q3,repos_per_account,MA,1.276625
2020-Q3,repos_per_account,MR,1.379242
2020-Q3,repos_per_account,SD,1.164365
2020-Q3,repos_per_account,TN,1.839611
2020-Q3,repos_per_account,NG,2.779715
2020-Q3,repos_per_account,KE,3.67137
2020-Q3,repos_per_account,ZA,1.963486
2020-Q3,repos_per_account,median_north_africa,1.276625
2020-Q3,repos_per_account,median_core_peers,1.901548
2020-Q3,repos_per_account,median_africa,
2020-Q3,orgs_per_account,DZ,0.104138
2020-Q3,orgs_per_account,EG,0.078397
2020-Q3,orgs_per_account,LY,0.093235
2020-Q3,orgs_per_account,MA,0.106266
2020-Q3,orgs_per_account,MR,0.090818
2020-Q3,orgs_per_account,SD,0.080706
2020-Q3,orgs_per_account,TN,0.087597
2020-Q3,orgs_per_account,NG,0.094681
2020-Q3,orgs_per_account,KE,0.075445
2020-Q3,orgs_per_account,ZA,0.064272
2020-Q3,orgs_per_account,median_north_africa,0.090818
2020-Q3,orgs_per_account,median_core_peers,0.082997
2020-Q3,orgs_per_account,median_africa,
2020-Q3,accounts_per_million,DZ,2379.851533
2020-Q3,accounts_per_million,EG,2515.866149
2020-Q3,accounts_per_million,LY,1504.178758
2020-Q3,accounts_per_million,MA,4531.967483
2020-Q3,accounts_per_million,MR,377.041485
2020-Q3,accounts_per_million,SD,262.145512
2020-Q3,accounts_per_million,TN,8324.848547
2020-Q3,accounts_per_million,NG,978.597106
2020-Q3,accounts_per_million,KE,1916.81247
2020-Q3,accounts_per_million,ZA,3809.748478
2020-Q3,accounts_per_million,median_north_africa,2379.851533
2020-Q3,accounts_per_million,median_core_peers,3162.807313
2020-Q3,accounts_per_million,median_africa,
2020-Q3,topics,DZ,0
2020-Q3,topics,EG,2
2020-Q3,topics,LY,0
2020-Q3,topics,MA,0
2020-Q3,topics,MR,0
2020-Q3,topics,SD,0
2020-Q3,topics,TN,0
2020-Q3,topics,NG,4
2020-Q3,topics,KE,1
2020-Q3,topics,ZA,0
2020-Q3,topics,median_north_africa,0
2020-Q3,topics,median_core_peers,0.5
2020-Q3,topics,median_africa,
2020-Q4,accounts,DZ,122426
2020-Q4,accounts,EG,329651
2020-Q4,accounts,LY,12457
2020-Q4,accounts,MA,192213
2020-Q4,accounts,MR,2166
2020-Q4,accounts,SD,15434
2020-Q4,accounts,TN,113249
2020-Q4,accounts,NG,255132
2020-Q4,accounts,KE,118828
2020-Q4,accounts,ZA,261947
2020-Q4,accounts,median_north_africa,113249
2020-Q4,accounts,median_core_peers,223672.5
2020-Q4,accounts,median_africa,
2020-Q4,yoy,DZ,
2020-Q4,yoy,EG,
2020-Q4,yoy,LY,
2020-Q4,yoy,MA,
2020-Q4,yoy,MR,
2020-Q4,yoy,SD,
2020-Q4,yoy,TN,
2020-Q4,yoy,NG,
2020-Q4,yoy,KE,
2020-Q4,yoy,ZA,
2020-Q4,yoy,median_north_africa,
2020-Q4,yoy,median_core_peers,
2020-Q4,yoy,median_africa,
2020-Q4,since_2020,DZ,0.333341
2020-Q4,since_2020,EG,0.392395
2020-Q4,since_2020,LY,0.365151
2020-Q4,since_2020,MA,0.349763
2020-Q4,since_2020,MR,0.425938
2020-Q4,since_2020,SD,0.401817
2020-Q4,since_2020,TN,0.277758
2020-Q4,since_2020,NG,0.469307
2020-Q4,since_2020,KE,0.309111
2020-Q4,since_2020,ZA,0.291862
2020-Q4,since_2020,median_north_africa,0.365151
2020-Q4,since_2020,median_core_peers,0.329437
2020-Q4,since_2020,median_africa,
2020-Q4,pushes_per_account,DZ,0.475577
2020-Q4,pushes_per_account,EG,0.870114
2020-Q4,pushes_per_account,LY,0.261459
2020-Q4,pushes_per_account,MA,0.679663
2020-Q4,pushes_per_account,MR,0.507849
2020-Q4,pushes_per_account,SD,0.580796
2020-Q4,pushes_per_account,TN,1.320603
2020-Q4,pushes_per_account,NG,1.410391
2020-Q4,pushes_per_account,KE,1.686337
2020-Q4,pushes_per_account,ZA,0.98967
2020-Q4,pushes_per_account,median_north_africa,0.580796
2020-Q4,pushes_per_account,median_core_peers,1.155136
2020-Q4,pushes_per_account,median_africa,
2020-Q4,pushes_per_account_4q,DZ,0.507395
2020-Q4,pushes_per_account_4q,EG,1.003214
2020-Q4,pushes_per_account_4q,LY,0.278882
2020-Q4,pushes_per_account_4q,MA,0.69599
2020-Q4,pushes_per_account_4q,MR,
2020-Q4,pushes_per_account_4q,SD,0.568628
2020-Q4,pushes_per_account_4q,TN,1.273596
2020-Q4,pushes_per_account_4q,NG,1.802346
2020-Q4,pushes_per_account_4q,KE,2.016569
2020-Q4,pushes_per_account_4q,ZA,1.176922
2020-Q4,pushes_per_account_4q,median_north_africa,0.632309
2020-Q4,pushes_per_account_4q,median_core_peers,1.225259
2020-Q4,pushes_per_account_4q,median_africa,
2020-Q4,repos_per_account,DZ,1.085652
2020-Q4,repos_per_account,EG,1.874704
2020-Q4,repos_per_account,LY,1.004415
2020-Q4,repos_per_account,MA,1.271438
2020-Q4,repos_per_account,MR,1.401662
2020-Q4,repos_per_account,SD,1.134767
2020-Q4,repos_per_account,TN,1.890516
2020-Q4,repos_per_account,NG,2.788039
2020-Q4,repos_per_account,KE,3.674774
2020-Q4,repos_per_account,ZA,1.95414
2020-Q4,repos_per_account,median_north_africa,1.271438
2020-Q4,repos_per_account,median_core_peers,1.922328
2020-Q4,repos_per_account,median_africa,
2020-Q4,orgs_per_account,DZ,0.097365
2020-Q4,orgs_per_account,EG,0.074913
2020-Q4,orgs_per_account,LY,0.087581
2020-Q4,orgs_per_account,MA,0.098625
2020-Q4,orgs_per_account,MR,0.085873
2020-Q4,orgs_per_account,SD,0.076001
2020-Q4,orgs_per_account,TN,0.083241
2020-Q4,orgs_per_account,NG,0.091408
2020-Q4,orgs_per_account,KE,0.074183
2020-Q4,orgs_per_account,ZA,0.063498
2020-Q4,orgs_per_account,median_north_africa,0.085873
2020-Q4,orgs_per_account,median_core_peers,0.079077
2020-Q4,orgs_per_account,median_africa,
2020-Q4,accounts_per_million,DZ,2580.904285
2020-Q4,accounts_per_million,EG,2785.014395
2020-Q4,accounts_per_million,LY,1670.162652
2020-Q4,accounts_per_million,MA,5001.539131
2020-Q4,accounts_per_million,MR,407.520886
2020-Q4,accounts_per_million,SD,298.748714
2020-Q4,accounts_per_million,TN,9171.019194
2020-Q4,accounts_per_million,NG,1074.114353
2020-Q4,accounts_per_million,KE,2065.406761
2020-Q4,accounts_per_million,ZA,4045.681027
2020-Q4,accounts_per_million,median_north_africa,2580.904285
2020-Q4,accounts_per_million,median_core_peers,3415.347711
2020-Q4,accounts_per_million,median_africa,
2020-Q4,topics,DZ,0
2020-Q4,topics,EG,1
2020-Q4,topics,LY,0
2020-Q4,topics,MA,0
2020-Q4,topics,MR,0
2020-Q4,topics,SD,0
2020-Q4,topics,TN,0
2020-Q4,topics,NG,6
2020-Q4,topics,KE,0
2020-Q4,topics,ZA,0
2020-Q4,topics,median_north_africa,0
2020-Q4,topics,median_core_peers,0
2020-Q4,topics,median_africa,
2021-Q1,accounts,DZ,132744
2021-Q1,accounts,EG,360922
2021-Q1,accounts,LY,13714
2021-Q1,accounts,MA,211693
2021-Q1,accounts,MR,2407
2021-Q1,accounts,SD,16853
2021-Q1,accounts,TN,123955
2021-Q1,accounts,NG,287828
2021-Q1,accounts,KE,127932
2021-Q1,accounts,ZA,280384
2021-Q1,accounts,median_north_africa,123955
2021-Q1,accounts,median_core_peers,246038.5
2021-Q1,accounts,median_africa,130338
2021-Q1,yoy,DZ,0.445714
2021-Q1,yoy,EG,0.524479
2021-Q1,yoy,LY,0.502904
2021-Q1,yoy,MA,0.486556
2021-Q1,yoy,MR,0.584595
2021-Q1,yoy,SD,0.530699
2021-Q1,yoy,TN,0.398551
2021-Q1,yoy,NG,0.657604
2021-Q1,yoy,KE,0.409408
2021-Q1,yoy,ZA,0.382789
2021-Q1,yoy,median_north_africa,0.502904
2021-Q1,yoy,median_core_peers,0.447982
2021-Q1,yoy,median_africa,0.466135
2021-Q1,since_2020,DZ,0.445714
2021-Q1,since_2020,EG,0.524479
2021-Q1,since_2020,LY,0.502904
2021-Q1,since_2020,MA,0.486556
2021-Q1,since_2020,MR,0.584595
2021-Q1,since_2020,SD,0.530699
2021-Q1,since_2020,TN,0.398551
2021-Q1,since_2020,NG,0.657604
2021-Q1,since_2020,KE,0.409408
2021-Q1,since_2020,ZA,0.382789
2021-Q1,since_2020,median_north_africa,0.502904
2021-Q1,since_2020,median_core_peers,0.447982
2021-Q1,since_2020,median_africa,0.466135
2021-Q1,pushes_per_account,DZ,0.423168
2021-Q1,pushes_per_account,EG,1.040441
2021-Q1,pushes_per_account,LY,0.337392
2021-Q1,pushes_per_account,MA,0.853892
2021-Q1,pushes_per_account,MR,0.587038
2021-Q1,pushes_per_account,SD,0.580668
2021-Q1,pushes_per_account,TN,1.341777
2021-Q1,pushes_per_account,NG,1.337802
2021-Q1,pushes_per_account,KE,1.860895
2021-Q1,pushes_per_account,ZA,0.971493
2021-Q1,pushes_per_account,median_north_africa,0.587038
2021-Q1,pushes_per_account,median_core_peers,1.189122
2021-Q1,pushes_per_account,median_africa,1.125173
2021-Q1,pushes_per_account_4q,DZ,0.492209
2021-Q1,pushes_per_account_4q,EG,1.027038
2021-Q1,pushes_per_account_4q,LY,0.29966
2021-Q1,pushes_per_account_4q,MA,0.740848
2021-Q1,pushes_per_account_4q,MR,0.553727
2021-Q1,pushes_per_account_4q,SD,0.585497
2021-Q1,pushes_per_account_4q,TN,1.278552
2021-Q1,pushes_per_account_4q,NG,1.707304
2021-Q1,pushes_per_account_4q,KE,1.974506
2021-Q1,pushes_per_account_4q,ZA,1.11779
2021-Q1,pushes_per_account_4q,median_north_africa,0.585497
2021-Q1,pushes_per_account_4q,median_core_peers,1.198171
2021-Q1,pushes_per_account_4q,median_africa,1.108856
2021-Q1,repos_per_account,DZ,1.095741
2021-Q1,repos_per_account,EG,1.933401
2021-Q1,repos_per_account,LY,0.98177
2021-Q1,repos_per_account,MA,1.314654
2021-Q1,repos_per_account,MR,1.514333
2021-Q1,repos_per_account,SD,1.185724
2021-Q1,repos_per_account,TN,1.973087
2021-Q1,repos_per_account,NG,2.702197
2021-Q1,repos_per_account,KE,3.707204
2021-Q1,repos_per_account,ZA,1.948645
2021-Q1,repos_per_account,median_north_africa,1.314654
2021-Q1,repos_per_account,median_core_peers,1.960866
2021-Q1,repos_per_account,median_africa,1.960866
2021-Q1,orgs_per_account,DZ,0.090746
2021-Q1,orgs_per_account,EG,0.071661
2021-Q1,orgs_per_account,LY,0.083054
2021-Q1,orgs_per_account,MA,0.092171
2021-Q1,orgs_per_account,MR,0.07769
2021-Q1,orgs_per_account,SD,0.072925
2021-Q1,orgs_per_account,TN,0.080053
2021-Q1,orgs_per_account,NG,0.085551
2021-Q1,orgs_per_account,KE,0.073125
2021-Q1,orgs_per_account,ZA,0.063385
2021-Q1,orgs_per_account,median_north_africa,0.080053
2021-Q1,orgs_per_account,median_core_peers,0.076589
2021-Q1,orgs_per_account,median_africa,0.08022
2021-Q1,accounts_per_million,DZ,2798.421564
2021-Q1,accounts_per_million,EG,3049.203447
2021-Q1,accounts_per_million,LY,1838.693956
2021-Q1,accounts_per_million,MA,5508.42463
2021-Q1,accounts_per_million,MR,452.8637
2021-Q1,accounts_per_million,SD,326.215633
2021-Q1,accounts_per_million,TN,10038.001962
2021-Q1,accounts_per_million,NG,1211.76562
2021-Q1,accounts_per_million,KE,2223.647774
2021-Q1,accounts_per_million,ZA,4330.43413
2021-Q1,accounts_per_million,median_north_africa,2798.421564
2021-Q1,accounts_per_million,median_core_peers,3689.818788
2021-Q1,accounts_per_million,median_africa,2511.034669
2021-Q1,topics,DZ,2
2021-Q1,topics,EG,5
2021-Q1,topics,LY,0
2021-Q1,topics,MA,2
2021-Q1,topics,MR,0
2021-Q1,topics,SD,0
2021-Q1,topics,TN,2
2021-Q1,topics,NG,6
2021-Q1,topics,KE,3
2021-Q1,topics,ZA,2
2021-Q1,topics,median_north_africa,2
2021-Q1,topics,median_core_peers,2.5
2021-Q1,topics,median_africa,2
2021-Q2,accounts,DZ,145009
2021-Q2,accounts,EG,393395
2021-Q2,accounts,LY,14906
2021-Q2,accounts,MA,230292
2021-Q2,accounts,MR,2661
2021-Q2,accounts,SD,18265
2021-Q2,accounts,TN,133148
2021-Q2,accounts,NG,322655
2021-Q2,accounts,KE,138374
2021-Q2,accounts,ZA,299470
2021-Q2,accounts,median_north_africa,133148
2021-Q2,accounts,median_core_peers,264881
2021-Q2,accounts,median_africa,141691.5
2021-Q2,yoy,DZ,0.399255
2021-Q2,yoy,EG,0.458272
2021-Q2,yoy,LY,0.44522
2021-Q2,yoy,MA,0.429196
2021-Q2,yoy,MR,0.471792
2021-Q2,yoy,SD,0.478588
2021-Q2,yoy,TN,0.379515
2021-Q2,yoy,NG,0.588933
2021-Q2,yoy,KE,0.372254
2021-Q2,yoy,ZA,0.330706
2021-Q2,yoy,median_north_africa,0.44522
2021-Q2,yoy,median_core_peers,0.404355
2021-Q2,yoy,median_africa,0.414225
2021-Q2,since_2020,DZ,0.579292
2021-Q2,since_2020,EG,0.66164
2021-Q2,since_2020,LY,0.633534
2021-Q2,since_2020,MA,0.617162
2021-Q2,since_2020,MR,0.75181
2021-Q2,since_2020,SD,0.658946
2021-Q2,since_2020,TN,0.502273
2021-Q2,since_2020,NG,0.858173
2021-Q2,since_2020,KE,0.524446
2021-Q2,since_2020,ZA,0.476917
2021-Q2,since_2020,median_north_africa,0.633534
2021-Q2,since_2020,median_core_peers,0.570804
2021-Q2,since_2020,median_africa,0.598227
2021-Q2,pushes_per_account,DZ,0.4374
2021-Q2,pushes_per_account,EG,1.141217
2021-Q2,pushes_per_account,LY,0.263652
2021-Q2,pushes_per_account,MA,0.816937
2021-Q2,pushes_per_account,MR,0.646749
2021-Q2,pushes_per_account,SD,0.47758
2021-Q2,pushes_per_account,TN,1.391414
2021-Q2,pushes_per_account,NG,1.466703
2021-Q2,pushes_per_account,KE,2.141399
2021-Q2,pushes_per_account,ZA,1.10167
2021-Q2,pushes_per_account,median_north_africa,0.646749
2021-Q2,pushes_per_account,median_core_peers,1.266315
2021-Q2,pushes_per_account,median_africa,1.277882
2021-Q2,pushes_per_account_4q,DZ,0.456918
2021-Q2,pushes_per_account_4q,EG,1.014497
2021-Q2,pushes_per_account_4q,LY,0.28048
2021-Q2,pushes_per_account_4q,MA,0.743571
2021-Q2,pushes_per_account_4q,MR,0.584109
2021-Q2,pushes_per_account_4q,SD,0.549029
2021-Q2,pushes_per_account_4q,TN,1.294531
2021-Q2,pushes_per_account_4q,NG,1.517996
2021-Q2,pushes_per_account_4q,KE,1.978791
2021-Q2,pushes_per_account_4q,ZA,1.065131
2021-Q2,pushes_per_account_4q,median_north_africa,0.584109
2021-Q2,pushes_per_account_4q,median_core_peers,1.179831
2021-Q2,pushes_per_account_4q,median_africa,1.094698
2021-Q2,repos_per_account,DZ,1.110703
2021-Q2,repos_per_account,EG,1.862045
2021-Q2,repos_per_account,LY,0.99953
2021-Q2,repos_per_account,MA,1.357246
2021-Q2,repos_per_account,MR,1.48478
2021-Q2,repos_per_account,SD,1.212154
2021-Q2,repos_per_account,TN,2.072235
2021-Q2,repos_per_account,NG,2.699868
2021-Q2,repos_per_account,KE,3.752063
2021-Q2,repos_per_account,ZA,1.974108
2021-Q2,repos_per_account,median_north_africa,1.357246
2021-Q2,repos_per_account,median_core_peers,2.023171
2021-Q2,repos_per_account,median_africa,2.023171
2021-Q2,orgs_per_account,DZ,0.084809
2021-Q2,orgs_per_account,EG,0.067952
2021-Q2,orgs_per_account,LY,0.078089
2021-Q2,orgs_per_account,MA,0.087554
2021-Q2,orgs_per_account,MR,0.078542
2021-Q2,orgs_per_account,SD,0.070627
2021-Q2,orgs_per_account,TN,0.076952
2021-Q2,orgs_per_account,NG,0.081065
2021-Q2,orgs_per_account,KE,0.072709
2021-Q2,orgs_per_account,ZA,0.063839
2021-Q2,orgs_per_account,median_north_africa,0.078089
2021-Q2,orgs_per_account,median_core_peers,0.07483
2021-Q2,orgs_per_account,median_africa,0.07786
2021-Q2,accounts_per_million,DZ,3056.984215
2021-Q2,accounts_per_million,EG,3323.547443
2021-Q2,accounts_per_million,LY,1998.510435
2021-Q2,accounts_per_million,MA,5992.385789
2021-Q2,accounts_per_million,MR,500.652391
2021-Q2,accounts_per_million,SD,353.547056
2021-Q2,accounts_per_million,TN,10782.460451
2021-Q2,accounts_per_million,NG,1358.388468
2021-Q2,accounts_per_million,KE,2405.145211
2021-Q2,accounts_per_million,ZA,4625.210814
2021-Q2,accounts_per_million,median_north_africa,3056.984215
2021-Q2,accounts_per_million,median_core_peers,3974.379128
2021-Q2,accounts_per_million,median_africa,2731.064713
2021-Q2,topics,DZ,2
2021-Q2,topics,EG,6
2021-Q2,topics,LY,0
2021-Q2,topics,MA,2
2021-Q2,topics,MR,0
2021-Q2,topics,SD,0
2021-Q2,topics,TN,2
2021-Q2,topics,NG,7
2021-Q2,topics,KE,4
2021-Q2,topics,ZA,2
2021-Q2,topics,median_north_africa,2
2021-Q2,topics,median_core_peers,3
2021-Q2,topics,median_africa,2
2021-Q3,accounts,DZ,157075
2021-Q3,accounts,EG,427799
2021-Q3,accounts,LY,16125
2021-Q3,accounts,MA,247624
2021-Q3,accounts,MR,2910
2021-Q3,accounts,SD,19939
2021-Q3,accounts,TN,141516
2021-Q3,accounts,NG,354801
2021-Q3,accounts,KE,149157
2021-Q3,accounts,ZA,319311
2021-Q3,accounts,median_north_africa,141516
2021-Q3,accounts,median_core_peers,283467.5
2021-Q3,accounts,median_africa,145336.5
2021-Q3,yoy,DZ,0.391411
2021-Q3,yoy,EG,0.436565
2021-Q3,yoy,LY,0.437294
2021-Q3,yoy,MA,0.421762
2021-Q3,yoy,MR,0.452096
2021-Q3,yoy,SD,0.472273
2021-Q3,yoy,TN,0.376615
2021-Q3,yoy,NG,0.526393
2021-Q3,yoy,KE,0.352542
2021-Q3,yoy,ZA,0.294481
2021-Q3,yoy,median_north_africa,0.436565
2021-Q3,yoy,median_core_peers,0.399188
2021-Q3,yoy,median_africa,0.385356
2021-Q3,since_2020,DZ,0.710703
2021-Q3,since_2020,EG,0.806958
2021-Q3,since_2020,LY,0.767123
2021-Q3,since_2020,MA,0.738872
2021-Q3,since_2020,MR,0.915734
2021-Q3,since_2020,SD,0.81099
2021-Q3,since_2020,TN,0.596687
2021-Q3,since_2020,NG,1.043302
2021-Q3,since_2020,KE,0.643241
2021-Q3,since_2020,ZA,0.574768
2021-Q3,since_2020,median_north_africa,0.767123
2021-Q3,since_2020,median_core_peers,0.691056
2021-Q3,since_2020,median_africa,0.724787
2021-Q3,pushes_per_account,DZ,0.486844
2021-Q3,pushes_per_account,EG,1.02554
2021-Q3,pushes_per_account,LY,0.289488
2021-Q3,pushes_per_account,MA,0.619156
2021-Q3,pushes_per_account,MR,0.455326
2021-Q3,pushes_per_account,SD,0.496615
2021-Q3,pushes_per_account,TN,1.093558
2021-Q3,pushes_per_account,NG,1.568144
2021-Q3,pushes_per_account,KE,2.338891
2021-Q3,pushes_per_account,ZA,1.130785
2021-Q3,pushes_per_account,median_north_africa,0.496615
2021-Q3,pushes_per_account,median_core_peers,1.112172
2021-Q3,pushes_per_account,median_africa,1.171662
2021-Q3,pushes_per_account_4q,DZ,0.456334
2021-Q3,pushes_per_account_4q,EG,1.025307
2021-Q3,pushes_per_account_4q,LY,0.288137
2021-Q3,pushes_per_account_4q,MA,0.740348
2021-Q3,pushes_per_account_4q,MR,0.548009
2021-Q3,pushes_per_account_4q,SD,0.53021
2021-Q3,pushes_per_account_4q,TN,1.281379
2021-Q3,pushes_per_account_4q,NG,1.454021
2021-Q3,pushes_per_account_4q,KE,2.028161
2021-Q3,pushes_per_account_4q,ZA,1.052974
2021-Q3,pushes_per_account_4q,median_north_africa,0.548009
2021-Q3,pushes_per_account_4q,median_core_peers,1.167177
2021-Q3,pushes_per_account_4q,median_africa,1.134407
2021-Q3,repos_per_account,DZ,1.153806
2021-Q3,repos_per_account,EG,1.892681
2021-Q3,repos_per_account,LY,1.023628
2021-Q3,repos_per_account,MA,1.410251
2021-Q3,repos_per_account,MR,1.5811
2021-Q3,repos_per_account,SD,1.232961
2021-Q3,repos_per_account,TN,2.160681
2021-Q3,repos_per_account,NG,2.702526
2021-Q3,repos_per_account,KE,3.780822
2021-Q3,repos_per_account,ZA,1.975857
2021-Q3,repos_per_account,median_north_africa,1.410251
2021-Q3,repos_per_account,median_core_peers,2.068269
2021-Q3,repos_per_account,median_africa,2.068269
2021-Q3,orgs_per_account,DZ,0.07937
2021-Q3,orgs_per_account,EG,0.06514
2021-Q3,orgs_per_account,LY,0.073612
2021-Q3,orgs_per_account,MA,0.082847
2021-Q3,orgs_per_account,MR,0.075258
2021-Q3,orgs_per_account,SD,0.067456
2021-Q3,orgs_per_account,TN,0.073773
2021-Q3,orgs_per_account,NG,0.077156
2021-Q3,orgs_per_account,KE,0.070355
2021-Q3,orgs_per_account,ZA,0.062948
2021-Q3,orgs_per_account,median_north_africa,0.073773
2021-Q3,orgs_per_account,median_core_peers,0.072064
2021-Q3,orgs_per_account,median_africa,0.076902
2021-Q3,accounts_per_million,DZ,3311.351678
2021-Q3,accounts_per_million,EG,3614.205245
2021-Q3,accounts_per_million,LY,2161.946919
2021-Q3,accounts_per_million,MA,6443.378574
2021-Q3,accounts_per_million,MR,547.50036
2021-Q3,accounts_per_million,SD,385.949891
2021-Q3,accounts_per_million,TN,11460.109601
2021-Q3,accounts_per_million,NG,1493.724216
2021-Q3,accounts_per_million,KE,2592.569733
2021-Q3,accounts_per_million,ZA,4931.648212
2021-Q3,accounts_per_million,median_north_africa,3311.351678
2021-Q3,accounts_per_million,median_core_peers,4272.926729
2021-Q3,accounts_per_million,median_africa,2383.502647
2021-Q3,topics,DZ,2
2021-Q3,topics,EG,8
2021-Q3,topics,LY,0
2021-Q3,topics,MA,2
2021-Q3,topics,MR,0
2021-Q3,topics,SD,2
2021-Q3,topics,TN,2
2021-Q3,topics,NG,9
2021-Q3,topics,KE,7
2021-Q3,topics,ZA,4
2021-Q3,topics,median_north_africa,2
2021-Q3,topics,median_core_peers,5.5
2021-Q3,topics,median_africa,2
2021-Q4,accounts,DZ,169045
2021-Q4,accounts,EG,464402
2021-Q4,accounts,LY,17489
2021-Q4,accounts,MA,266861
2021-Q4,accounts,MR,3116
2021-Q4,accounts,SD,21177
2021-Q4,accounts,TN,152080
2021-Q4,accounts,NG,395367
2021-Q4,accounts,KE,160129
2021-Q4,accounts,ZA,337012
2021-Q4,accounts,median_north_africa,152080
2021-Q4,accounts,median_core_peers,301936.5
2021-Q4,accounts,median_africa,152080
2021-Q4,yoy,DZ,0.380793
2021-Q4,yoy,EG,0.408769
2021-Q4,yoy,LY,0.40395
2021-Q4,yoy,MA,0.388361
2021-Q4,yoy,MR,0.438596
2021-Q4,yoy,SD,0.372101
2021-Q4,yoy,TN,0.342882
2021-Q4,yoy,NG,0.549657
2021-Q4,yoy,KE,0.34757
2021-Q4,yoy,ZA,0.286566
2021-Q4,yoy,median_north_africa,0.388361
2021-Q4,yoy,median_core_peers,0.367965
2021-Q4,yoy,median_africa,0.373113
2021-Q4,since_2020,DZ,0.841068
2021-Q4,since_2020,EG,0.961563
2021-Q4,since_2020,LY,0.916603
2021-Q4,since_2020,MA,0.873958
2021-Q4,since_2020,MR,1.05135
2021-Q4,since_2020,SD,0.923433
2021-Q4,since_2020,TN,0.715878
2021-Q4,since_2020,NG,1.276922
2021-Q4,since_2020,KE,0.764118
2021-Q4,since_2020,ZA,0.662065
2021-Q4,since_2020,median_north_africa,0.916603
2021-Q4,since_2020,median_core_peers,0.819038
2021-Q4,since_2020,median_africa,0.841068
2021-Q4,pushes_per_account,DZ,0.417315
2021-Q4,pushes_per_account,EG,0.951264
2021-Q4,pushes_per_account,LY,0.246269
2021-Q4,pushes_per_account,MA,0.751369
2021-Q4,pushes_per_account,MR,0.331194
2021-Q4,pushes_per_account,SD,0.339567
2021-Q4,pushes_per_account,TN,1.368339
2021-Q4,pushes_per_account,NG,1.296082
2021-Q4,pushes_per_account,KE,1.882782
2021-Q4,pushes_per_account,ZA,0.951966
2021-Q4,pushes_per_account,median_north_africa,0.417315
2021-Q4,pushes_per_account,median_core_peers,1.124024
2021-Q4,pushes_per_account,median_africa,1.169322
2021-Q4,pushes_per_account_4q,DZ,0.44151
2021-Q4,pushes_per_account_4q,EG,1.035495
2021-Q4,pushes_per_account_4q,LY,0.281711
2021-Q4,pushes_per_account_4q,MA,0.755618
2021-Q4,pushes_per_account_4q,MR,0.494952
2021-Q4,pushes_per_account_4q,SD,0.467009
2021-Q4,pushes_per_account_4q,TN,1.297328
2021-Q4,pushes_per_account_4q,NG,1.41631
2021-Q4,pushes_per_account_4q,KE,2.058284
2021-Q4,pushes_per_account_4q,ZA,1.038851
2021-Q4,pushes_per_account_4q,median_north_africa,0.494952
2021-Q4,pushes_per_account_4q,median_core_peers,1.168089
2021-Q4,pushes_per_account_4q,median_africa,1.139222
2021-Q4,repos_per_account,DZ,1.148239
2021-Q4,repos_per_account,EG,1.916503
2021-Q4,repos_per_account,LY,1.016124
2021-Q4,repos_per_account,MA,1.435253
2021-Q4,repos_per_account,MR,1.537869
2021-Q4,repos_per_account,SD,1.213959
2021-Q4,repos_per_account,TN,2.224027
2021-Q4,repos_per_account,NG,2.644404
2021-Q4,repos_per_account,KE,3.816798
2021-Q4,repos_per_account,ZA,1.989707
2021-Q4,repos_per_account,median_north_africa,1.435253
2021-Q4,repos_per_account,median_core_peers,2.106867
2021-Q4,repos_per_account,median_africa,1.989707
2021-Q4,orgs_per_account,DZ,0.074525
2021-Q4,orgs_per_account,EG,0.061266
2021-Q4,orgs_per_account,LY,0.070216
2021-Q4,orgs_per_account,MA,0.078108
2021-Q4,orgs_per_account,MR,0.073813
2021-Q4,orgs_per_account,SD,0.063418
2021-Q4,orgs_per_account,TN,0.070726
2021-Q4,orgs_per_account,NG,0.072211
2021-Q4,orgs_per_account,KE,0.068064
2021-Q4,orgs_per_account,ZA,0.061639
2021-Q4,orgs_per_account,median_north_africa,0.070726
2021-Q4,orgs_per_account,median_core_peers,0.069395
2021-Q4,orgs_per_account,median_africa,0.07428
2021-Q4,accounts_per_million,DZ,3563.695333
2021-Q4,accounts_per_million,EG,3923.441019
2021-Q4,accounts_per_million,LY,2344.824165
2021-Q4,accounts_per_million,MA,6943.941014
2021-Q4,accounts_per_million,MR,586.258117
2021-Q4,accounts_per_million,SD,409.913278
2021-Q4,accounts_per_million,TN,12315.593065
2021-Q4,accounts_per_million,NG,1664.508449
2021-Q4,accounts_per_million,KE,2783.279355
2021-Q4,accounts_per_million,ZA,5205.034049
2021-Q4,accounts_per_million,median_north_africa,3563.695333
2021-Q4,accounts_per_million,median_core_peers,4564.237534
2021-Q4,accounts_per_million,median_africa,2339.332754
2021-Q4,topics,DZ,2
2021-Q4,topics,EG,7
2021-Q4,topics,LY,2
2021-Q4,topics,MA,2
2021-Q4,topics,MR,0
2021-Q4,topics,SD,2
2021-Q4,topics,TN,2
2021-Q4,topics,NG,10
2021-Q4,topics,KE,10
2021-Q4,topics,ZA,4
2021-Q4,topics,median_north_africa,2
2021-Q4,topics,median_core_peers,5.5
2021-Q4,topics,median_africa,2
2022-Q1,accounts,DZ,181881
2022-Q1,accounts,EG,503619
2022-Q1,accounts,LY,19088
2022-Q1,accounts,MA,289130
2022-Q1,accounts,MR,3515
2022-Q1,accounts,SD,22924
2022-Q1,accounts,TN,165393
2022-Q1,accounts,NG,453264
2022-Q1,accounts,KE,177396
2022-Q1,accounts,ZA,362162
2022-Q1,accounts,median_north_africa,165393
2022-Q1,accounts,median_core_peers,325646
2022-Q1,accounts,median_africa,127797.5
2022-Q1,yoy,DZ,0.370164
2022-Q1,yoy,EG,0.395368
2022-Q1,yoy,LY,0.391862
2022-Q1,yoy,MA,0.365799
2022-Q1,yoy,MR,0.460324
2022-Q1,yoy,SD,0.360233
2022-Q1,yoy,TN,0.334299
2022-Q1,yoy,NG,0.574774
2022-Q1,yoy,KE,0.386643
2022-Q1,yoy,ZA,0.291664
2022-Q1,yoy,median_north_africa,0.370164
2022-Q1,yoy,median_core_peers,0.376221
2022-Q1,yoy,median_africa,0.384286
2022-Q1,since_2020,DZ,0.980865
2022-Q1,since_2020,EG,1.12721
2022-Q1,since_2020,LY,1.091836
2022-Q1,since_2020,MA,1.030336
2022-Q1,since_2020,MR,1.314022
2022-Q1,since_2020,SD,1.082107
2022-Q1,since_2020,TN,0.866085
2022-Q1,since_2020,NG,1.610351
2022-Q1,since_2020,KE,0.954346
2022-Q1,since_2020,ZA,0.786099
2022-Q1,since_2020,median_north_africa,1.082107
2022-Q1,since_2020,median_core_peers,0.992341
2022-Q1,since_2020,median_africa,0.985809
2022-Q1,pushes_per_account,DZ,0.4572
2022-Q1,pushes_per_account,EG,1.055957
2022-Q1,pushes_per_account,LY,0.202955
2022-Q1,pushes_per_account,MA,0.841334
2022-Q1,pushes_per_account,MR,0.618777
2022-Q1,pushes_per_account,SD,0.628773
2022-Q1,pushes_per_account,TN,1.195335
2022-Q1,pushes_per_account,NG,2.430831
2022-Q1,pushes_per_account,KE,3.836163
2022-Q1,pushes_per_account,ZA,0.923658
2022-Q1,pushes_per_account,median_north_africa,0.628773
2022-Q1,pushes_per_account,median_core_peers,1.125646
2022-Q1,pushes_per_account,median_africa,1.1824
2022-Q1,pushes_per_account_4q,DZ,0.449609
2022-Q1,pushes_per_account_4q,EG,1.040257
2022-Q1,pushes_per_account_4q,LY,0.248181
2022-Q1,pushes_per_account_4q,MA,0.759467
2022-Q1,pushes_per_account_4q,MR,0.512457
2022-Q1,pushes_per_account_4q,SD,0.488792
2022-Q1,pushes_per_account_4q,TN,1.259535
2022-Q1,pushes_per_account_4q,NG,1.73244
2022-Q1,pushes_per_account_4q,KE,2.603261
2022-Q1,pushes_per_account_4q,ZA,1.021527
2022-Q1,pushes_per_account_4q,median_north_africa,0.512457
2022-Q1,pushes_per_account_4q,median_core_peers,1.149896
2022-Q1,pushes_per_account_4q,median_africa,1.172509
2022-Q1,repos_per_account,DZ,1.156723
2022-Q1,repos_per_account,EG,1.944972
2022-Q1,repos_per_account,LY,1.015979
2022-Q1,repos_per_account,MA,1.462321
2022-Q1,repos_per_account,MR,1.614509
2022-Q1,repos_per_account,SD,1.251178
2022-Q1,repos_per_account,TN,2.24842
2022-Q1,repos_per_account,NG,2.653723
2022-Q1,repos_per_account,KE,3.860668
2022-Q1,repos_per_account,ZA,1.973247
2022-Q1,repos_per_account,median_north_africa,1.462321
2022-Q1,repos_per_account,median_core_peers,2.110834
2022-Q1,repos_per_account,median_africa,2.110519
2022-Q1,orgs_per_account,DZ,0.070123
2022-Q1,orgs_per_account,EG,0.057542
2022-Q1,orgs_per_account,LY,0.065539
2022-Q1,orgs_per_account,MA,0.073368
2022-Q1,orgs_per_account,MR,0.069417
2022-Q1,orgs_per_account,SD,0.060722
2022-Q1,orgs_per_account,TN,0.067476
2022-Q1,orgs_per_account,NG,0.066502
2022-Q1,orgs_per_account,KE,0.064421
2022-Q1,orgs_per_account,ZA,0.059926
2022-Q1,orgs_per_account,median_north_africa,0.067476
2022-Q1,orgs_per_account,median_core_peers,0.065461
2022-Q1,orgs_per_account,median_africa,0.070426
2022-Q1,accounts_per_million,DZ,3834.29543
2022-Q1,accounts_per_million,EG,4254.760837
2022-Q1,accounts_per_million,LY,2559.208855
2022-Q1,accounts_per_million,MA,7523.398568
2022-Q1,accounts_per_million,MR,661.327754
2022-Q1,accounts_per_million,SD,443.729139
2022-Q1,accounts_per_million,TN,13393.693344
2022-Q1,accounts_per_million,NG,1908.256778
2022-Q1,accounts_per_million,KE,3083.405407
2022-Q1,accounts_per_million,ZA,5593.467121
2022-Q1,accounts_per_million,median_north_africa,3834.29543
2022-Q1,accounts_per_million,median_core_peers,4924.113979
2022-Q1,accounts_per_million,median_africa,2240.366415
2022-Q1,topics,DZ,2
2022-Q1,topics,EG,10
2022-Q1,topics,LY,2
2022-Q1,topics,MA,3
2022-Q1,topics,MR,0
2022-Q1,topics,SD,2
2022-Q1,topics,TN,2
2022-Q1,topics,NG,14
2022-Q1,topics,KE,15
2022-Q1,topics,ZA,4
2022-Q1,topics,median_north_africa,2
2022-Q1,topics,median_core_peers,7
2022-Q1,topics,median_africa,2
2022-Q2,accounts,DZ,193177
2022-Q2,accounts,EG,542611
2022-Q2,accounts,LY,20496
2022-Q2,accounts,MA,309248
2022-Q2,accounts,MR,3826
2022-Q2,accounts,SD,24321
2022-Q2,accounts,TN,174269
2022-Q2,accounts,NG,520136
2022-Q2,accounts,KE,193410
2022-Q2,accounts,ZA,387732
2022-Q2,accounts,median_north_africa,174269
2022-Q2,accounts,median_core_peers,348490
2022-Q2,accounts,median_africa,98686
2022-Q2,yoy,DZ,0.332172
2022-Q2,yoy,EG,0.379303
2022-Q2,yoy,LY,0.375017
2022-Q2,yoy,MA,0.342852
2022-Q2,yoy,MR,0.437805
2022-Q2,yoy,SD,0.331563
2022-Q2,yoy,TN,0.308837
2022-Q2,yoy,NG,0.61205
2022-Q2,yoy,KE,0.397734
2022-Q2,yoy,ZA,0.294727
2022-Q2,yoy,median_north_africa,0.342852
2022-Q2,yoy,median_core_peers,0.361077
2022-Q2,yoy,median_africa,0.36556
2022-Q2,since_2020,DZ,1.103889
2022-Q2,since_2020,EG,1.291906
2022-Q2,since_2020,LY,1.246137
2022-Q2,since_2020,MA,1.171609
2022-Q2,since_2020,MR,1.518762
2022-Q2,since_2020,SD,1.208992
2022-Q2,since_2020,TN,0.966231
2022-Q2,since_2020,NG,1.995468
2022-Q2,since_2020,KE,1.13077
2022-Q2,since_2020,ZA,0.912205
2022-Q2,since_2020,median_north_africa,1.208992
2022-Q2,since_2020,median_core_peers,1.15119
2022-Q2,since_2020,median_africa,1.13077
2022-Q2,pushes_per_account,DZ,0.480093
2022-Q2,pushes_per_account,EG,1.330941
2022-Q2,pushes_per_account,LY,0.28952
2022-Q2,pushes_per_account,MA,0.829622
2022-Q2,pushes_per_account,MR,0.604809
2022-Q2,pushes_per_account,SD,0.545167
2022-Q2,pushes_per_account,TN,1.232044
2022-Q2,pushes_per_account,NG,3.651835
2022-Q2,pushes_per_account,KE,5.45842
2022-Q2,pushes_per_account,ZA,1.319035
2022-Q2,pushes_per_account,median_north_africa,0.604809
2022-Q2,pushes_per_account,median_core_peers,1.324988
2022-Q2,pushes_per_account,median_africa,1.333731
2022-Q2,pushes_per_account_4q,DZ,0.460532
2022-Q2,pushes_per_account_4q,EG,1.101136
2022-Q2,pushes_per_account_4q,LY,0.256605
2022-Q2,pushes_per_account_4q,MA,0.767069
2022-Q2,pushes_per_account_4q,MR,0.512157
2022-Q2,pushes_per_account_4q,SD,0.506626
2022-Q2,pushes_per_account_4q,TN,1.22424
2022-Q2,pushes_per_account_4q,NG,2.361419
2022-Q2,pushes_per_account_4q,KE,3.509206
2022-Q2,pushes_per_account_4q,ZA,1.086491
2022-Q2,pushes_per_account_4q,median_north_africa,0.512157
2022-Q2,pushes_per_account_4q,median_core_peers,1.162688
2022-Q2,pushes_per_account_4q,median_africa,1.163831
2022-Q2,repos_per_account,DZ,1.182537
2022-Q2,repos_per_account,EG,1.988026
2022-Q2,repos_per_account,LY,0.996048
2022-Q2,repos_per_account,MA,1.492582
2022-Q2,repos_per_account,MR,1.687402
2022-Q2,repos_per_account,SD,1.23786
2022-Q2,repos_per_account,TN,2.287773
2022-Q2,repos_per_account,NG,2.700573
2022-Q2,repos_per_account,KE,4.095657
2022-Q2,repos_per_account,ZA,1.927806
2022-Q2,repos_per_account,median_north_africa,1.492582
2022-Q2,repos_per_account,median_core_peers,2.1379
2022-Q2,repos_per_account,median_africa,2.103708
2022-Q2,orgs_per_account,DZ,0.066607
2022-Q2,orgs_per_account,EG,0.054654
2022-Q2,orgs_per_account,LY,0.062842
2022-Q2,orgs_per_account,MA,0.070047
2022-Q2,orgs_per_account,MR,0.066649
2022-Q2,orgs_per_account,SD,0.058591
2022-Q2,orgs_per_account,TN,0.065519
2022-Q2,orgs_per_account,NG,0.061361
2022-Q2,orgs_per_account,KE,0.062101
2022-Q2,orgs_per_account,ZA,0.058313
2022-Q2,orgs_per_account,median_north_africa,0.065519
2022-Q2,orgs_per_account,median_core_peers,0.061731
2022-Q2,orgs_per_account,median_africa,0.066607
2022-Q2,accounts_per_million,DZ,4072.43026
2022-Q2,accounts_per_million,EG,4584.179772
2022-Q2,accounts_per_million,LY,2747.985367
2022-Q2,accounts_per_million,MA,8046.885347
2022-Q2,accounts_per_million,MR,719.840679
2022-Q2,accounts_per_million,SD,470.770214
2022-Q2,accounts_per_million,TN,14112.480851
2022-Q2,accounts_per_million,NG,2189.790161
2022-Q2,accounts_per_million,KE,3361.752462
2022-Q2,accounts_per_million,ZA,5988.386948
2022-Q2,accounts_per_million,median_north_africa,4072.43026
2022-Q2,accounts_per_million,median_core_peers,5286.28336
2022-Q2,accounts_per_million,median_africa,2189.790161
2022-Q2,topics,DZ,2
2022-Q2,topics,EG,13
2022-Q2,topics,LY,0
2022-Q2,topics,MA,4
2022-Q2,topics,MR,0
2022-Q2,topics,SD,2
2022-Q2,topics,TN,2
2022-Q2,topics,NG,17
2022-Q2,topics,KE,19
2022-Q2,topics,ZA,5
2022-Q2,topics,median_north_africa,2
2022-Q2,topics,median_core_peers,9
2022-Q2,topics,median_africa,2
2022-Q3,accounts,DZ,205340
2022-Q3,accounts,EG,591402
2022-Q3,accounts,LY,22176
2022-Q3,accounts,MA,329732
2022-Q3,accounts,MR,4158
2022-Q3,accounts,SD,26463
2022-Q3,accounts,TN,182535
2022-Q3,accounts,NG,598921
2022-Q3,accounts,KE,211103
2022-Q3,accounts,ZA,412731
2022-Q3,accounts,median_north_africa,182535
2022-Q3,accounts,median_core_peers,371231.5
2022-Q3,accounts,median_africa,108077
2022-Q3,yoy,DZ,0.307274
2022-Q3,yoy,EG,0.38243
2022-Q3,yoy,LY,0.375256
2022-Q3,yoy,MA,0.331583
2022-Q3,yoy,MR,0.428866
2022-Q3,yoy,SD,0.327198
2022-Q3,yoy,TN,0.289854
2022-Q3,yoy,NG,0.688048
2022-Q3,yoy,KE,0.415307
2022-Q3,yoy,ZA,0.292567
2022-Q3,yoy,median_north_africa,0.331583
2022-Q3,yoy,median_core_peers,0.357006
2022-Q3,yoy,median_africa,0.351548
2022-Q3,since_2020,DZ,1.236356
2022-Q3,since_2020,EG,1.497992
2022-Q3,since_2020,LY,1.430247
2022-Q3,since_2020,MA,1.315452
2022-Q3,since_2020,MR,1.737327
2022-Q3,since_2020,SD,1.403542
2022-Q3,since_2020,TN,1.059494
2022-Q3,since_2020,NG,2.449191
2022-Q3,since_2020,KE,1.325691
2022-Q3,since_2020,ZA,1.035494
2022-Q3,since_2020,median_north_africa,1.403542
2022-Q3,since_2020,median_core_peers,1.320572
2022-Q3,since_2020,median_africa,1.258008
2022-Q3,pushes_per_account,DZ,0.4736
2022-Q3,pushes_per_account,EG,1.335435
2022-Q3,pushes_per_account,LY,0.42794
2022-Q3,pushes_per_account,MA,0.759305
2022-Q3,pushes_per_account,MR,0.638047
2022-Q3,pushes_per_account,SD,0.730756
2022-Q3,pushes_per_account,TN,1.021393
2022-Q3,pushes_per_account,NG,5.867951
2022-Q3,pushes_per_account,KE,6.079809
2022-Q3,pushes_per_account,ZA,1.518781
2022-Q3,pushes_per_account,median_north_africa,0.730756
2022-Q3,pushes_per_account,median_core_peers,1.427108
2022-Q3,pushes_per_account,median_africa,1.504997
2022-Q3,pushes_per_account_4q,DZ,0.458598
2022-Q3,pushes_per_account_4q,EG,1.182441
2022-Q3,pushes_per_account_4q,LY,0.297859
2022-Q3,pushes_per_account_4q,MA,0.795577
2022-Q3,pushes_per_account_4q,MR,0.559288
2022-Q3,pushes_per_account_4q,SD,0.571239
2022-Q3,pushes_per_account_4q,TN,1.196754
2022-Q3,pushes_per_account_4q,NG,3.571768
2022-Q3,pushes_per_account_4q,KE,4.475764
2022-Q3,pushes_per_account_4q,ZA,1.196035
2022-Q3,pushes_per_account_4q,median_north_africa,0.571239
2022-Q3,pushes_per_account_4q,median_core_peers,1.196395
2022-Q3,pushes_per_account_4q,median_africa,1.196754
2022-Q3,repos_per_account,DZ,1.198515
2022-Q3,repos_per_account,EG,1.99975
2022-Q3,repos_per_account,LY,0.987058
2022-Q3,repos_per_account,MA,1.515137
2022-Q3,repos_per_account,MR,1.709957
2022-Q3,repos_per_account,SD,1.248082
2022-Q3,repos_per_account,TN,2.334862
2022-Q3,repos_per_account,NG,2.784698
2022-Q3,repos_per_account,KE,4.511452
2022-Q3,repos_per_account,ZA,1.96229
2022-Q3,repos_per_account,median_north_africa,1.515137
2022-Q3,repos_per_account,median_core_peers,2.167306
2022-Q3,repos_per_account,median_africa,2.177134
2022-Q3,orgs_per_account,DZ,0.063563
2022-Q3,orgs_per_account,EG,0.051574
2022-Q3,orgs_per_account,LY,0.059885
2022-Q3,orgs_per_account,MA,0.067361
2022-Q3,orgs_per_account,MR,0.061809
2022-Q3,orgs_per_account,SD,0.053924
2022-Q3,orgs_per_account,TN,0.063856
2022-Q3,orgs_per_account,NG,0.056577
2022-Q3,orgs_per_account,KE,0.05972
2022-Q3,orgs_per_account,ZA,0.057023
2022-Q3,orgs_per_account,median_north_africa,0.061809
2022-Q3,orgs_per_account,median_core_peers,0.058371
2022-Q3,orgs_per_account,median_africa,0.063856
2022-Q3,accounts_per_million,DZ,4328.842614
2022-Q3,accounts_per_million,EG,4996.384308
2022-Q3,accounts_per_million,LY,2973.230069
2022-Q3,accounts_per_million,MA,8579.895745
2022-Q3,accounts_per_million,MR,782.304638
2022-Q3,accounts_per_million,SD,512.231905
2022-Q3,accounts_per_million,TN,14781.869938
2022-Q3,accounts_per_million,NG,2521.477677
2022-Q3,accounts_per_million,KE,3669.283026
2022-Q3,accounts_per_million,ZA,6374.487876
2022-Q3,accounts_per_million,median_north_africa,4328.842614
2022-Q3,accounts_per_million,median_core_peers,5685.436092
2022-Q3,accounts_per_million,median_africa,2521.477677
2022-Q3,topics,DZ,2
2022-Q3,topics,EG,15
2022-Q3,topics,LY,2
2022-Q3,topics,MA,4
2022-Q3,topics,MR,0
2022-Q3,topics,SD,2
2022-Q3,topics,TN,2
2022-Q3,topics,NG,22
2022-Q3,topics,KE,14
2022-Q3,topics,ZA,5
2022-Q3,topics,median_north_africa,2
2022-Q3,topics,median_core_peers,9.5
2022-Q3,topics,median_africa,2
2022-Q4,accounts,DZ,219383
2022-Q4,accounts,EG,640531
2022-Q4,accounts,LY,24029
2022-Q4,accounts,MA,352152
2022-Q4,accounts,MR,4452
2022-Q4,accounts,SD,28745
2022-Q4,accounts,TN,193939
2022-Q4,accounts,NG,663996
2022-Q4,accounts,KE,226754
2022-Q4,accounts,ZA,432286
2022-Q4,accounts,median_north_africa,193939
2022-Q4,accounts,median_core_peers,392219
2022-Q4,accounts,median_africa,97886.5
2022-Q4,yoy,DZ,0.297779
2022-Q4,yoy,EG,0.37926
2022-Q4,yoy,LY,0.373949
2022-Q4,yoy,MA,0.319608
2022-Q4,yoy,MR,0.428755
2022-Q4,yoy,SD,0.357369
2022-Q4,yoy,TN,0.275243
2022-Q4,yoy,NG,0.679442
2022-Q4,yoy,KE,0.416071
2022-Q4,yoy,ZA,0.282702
2022-Q4,yoy,median_north_africa,0.357369
2022-Q4,yoy,median_core_peers,0.349434
2022-Q4,yoy,median_africa,0.346028
2022-Q4,since_2020,DZ,1.389299
2022-Q4,since_2020,EG,1.705505
2022-Q4,since_2020,LY,1.633315
2022-Q4,since_2020,MA,1.472891
2022-Q4,since_2020,MR,1.930876
2022-Q4,since_2020,SD,1.610808
2022-Q4,since_2020,TN,1.188162
2022-Q4,since_2020,NG,2.823959
2022-Q4,since_2020,KE,1.498116
2022-Q4,since_2020,ZA,1.131935
2022-Q4,since_2020,median_north_africa,1.610808
2022-Q4,since_2020,median_core_peers,1.485503
2022-Q4,since_2020,median_africa,1.440107
2022-Q4,pushes_per_account,DZ,0.469963
2022-Q4,pushes_per_account,EG,1.248961
2022-Q4,pushes_per_account,LY,0.328603
2022-Q4,pushes_per_account,MA,0.87914
2022-Q4,pushes_per_account,MR,0.517296
2022-Q4,pushes_per_account,SD,1.972552
2022-Q4,pushes_per_account,TN,1.476454
2022-Q4,pushes_per_account,NG,4.443961
2022-Q4,pushes_per_account,KE,4.879623
2022-Q4,pushes_per_account,ZA,1.247607
2022-Q4,pushes_per_account,median_north_africa,0.87914
2022-Q4,pushes_per_account,median_core_peers,1.362707
2022-Q4,pushes_per_account,median_africa,1.421165
2022-Q4,pushes_per_account_4q,DZ,0.470441
2022-Q4,pushes_per_account_4q,EG,1.248269
2022-Q4,pushes_per_account_4q,LY,0.316987
2022-Q4,pushes_per_account_4q,MA,0.827777
2022-Q4,pushes_per_account_4q,MR,0.592126
2022-Q4,pushes_per_account_4q,SD,1.012289
2022-Q4,pushes_per_account_4q,TN,1.236063
2022-Q4,pushes_per_account_4q,NG,4.233063
2022-Q4,pushes_per_account_4q,KE,5.102463
2022-Q4,pushes_per_account_4q,ZA,1.261586
2022-Q4,pushes_per_account_4q,median_north_africa,0.827777
2022-Q4,pushes_per_account_4q,median_core_peers,1.254927
2022-Q4,pushes_per_account_4q,median_africa,1.258916
2022-Q4,repos_per_account,DZ,1.178938
2022-Q4,repos_per_account,EG,2.011953
2022-Q4,repos_per_account,LY,0.990886
2022-Q4,repos_per_account,MA,1.53885
2022-Q4,repos_per_account,MR,1.648697
2022-Q4,repos_per_account,SD,1.258654
2022-Q4,repos_per_account,TN,2.373746
2022-Q4,repos_per_account,NG,2.813808
2022-Q4,repos_per_account,KE,4.785084
2022-Q4,repos_per_account,ZA,1.977022
2022-Q4,repos_per_account,median_north_africa,1.53885
2022-Q4,repos_per_account,median_core_peers,2.192849
2022-Q4,repos_per_account,median_africa,2.175348
2022-Q4,orgs_per_account,DZ,0.060059
2022-Q4,orgs_per_account,EG,0.048903
2022-Q4,orgs_per_account,LY,0.056557
2022-Q4,orgs_per_account,MA,0.064174
2022-Q4,orgs_per_account,MR,0.058176
2022-Q4,orgs_per_account,SD,0.050374
2022-Q4,orgs_per_account,TN,0.061983
2022-Q4,orgs_per_account,NG,0.053276
2022-Q4,orgs_per_account,KE,0.058447
2022-Q4,orgs_per_account,ZA,0.056009
2022-Q4,orgs_per_account,median_north_africa,0.058176
2022-Q4,orgs_per_account,median_core_peers,0.057228
2022-Q4,orgs_per_account,median_africa,0.061021
2022-Q4,accounts_per_million,DZ,4624.887889
2022-Q4,accounts_per_million,EG,5411.444393
2022-Q4,accounts_per_million,LY,3221.669613
2022-Q4,accounts_per_million,MA,9163.282443
2022-Q4,accounts_per_million,MR,837.619107
2022-Q4,accounts_per_million,SD,556.403511
2022-Q4,accounts_per_million,TN,15705.377455
2022-Q4,accounts_per_million,NG,2795.445629
2022-Q4,accounts_per_million,KE,3941.320603
2022-Q4,accounts_per_million,ZA,6676.508104
2022-Q4,accounts_per_million,median_north_africa,4624.887889
2022-Q4,accounts_per_million,median_core_peers,6043.976249
2022-Q4,accounts_per_million,median_africa,2294.140947
2022-Q4,topics,DZ,2
2022-Q4,topics,EG,14
2022-Q4,topics,LY,0
2022-Q4,topics,MA,5
2022-Q4,topics,MR,0
2022-Q4,topics,SD,2
2022-Q4,topics,TN,2
2022-Q4,topics,NG,23
2022-Q4,topics,KE,14
2022-Q4,topics,ZA,5
2022-Q4,topics,median_north_africa,2
2022-Q4,topics,median_core_peers,9.5
2022-Q4,topics,median_africa,2
2023-Q1,accounts,DZ,238157
2023-Q1,accounts,EG,687838
2023-Q1,accounts,LY,25817
2023-Q1,accounts,MA,387675
2023-Q1,accounts,MR,4880
2023-Q1,accounts,SD,30819
2023-Q1,accounts,TN,208372
2023-Q1,accounts,NG,730873
2023-Q1,accounts,KE,254108
2023-Q1,accounts,ZA,469504
2023-Q1,accounts,median_north_africa,208372
2023-Q1,accounts,median_core_peers,428589.5
2023-Q1,accounts,median_africa,69270
2023-Q1,yoy,DZ,0.309411
2023-Q1,yoy,EG,0.36579
2023-Q1,yoy,LY,0.352525
2023-Q1,yoy,MA,0.340833
2023-Q1,yoy,MR,0.388336
2023-Q1,yoy,SD,0.344399
2023-Q1,yoy,TN,0.25986
2023-Q1,yoy,NG,0.612466
2023-Q1,yoy,KE,0.432434
2023-Q1,yoy,ZA,0.296392
2023-Q1,yoy,median_north_africa,0.344399
2023-Q1,yoy,median_core_peers,0.353312
2023-Q1,yoy,median_africa,0.337624
2023-Q1,since_2020,DZ,1.593766
2023-Q1,since_2020,EG,1.905322
2023-Q1,since_2020,LY,1.82926
2023-Q1,since_2020,MA,1.722341
2023-Q1,since_2020,MR,2.21264
2023-Q1,since_2020,SD,1.799183
2023-Q1,since_2020,TN,1.351006
2023-Q1,since_2020,NG,3.209104
2023-Q1,since_2020,KE,1.799471
2023-Q1,since_2020,ZA,1.315485
2023-Q1,since_2020,median_north_africa,1.799183
2023-Q1,since_2020,median_core_peers,1.760906
2023-Q1,since_2020,median_africa,1.671013
2023-Q1,pushes_per_account,DZ,0.543083
2023-Q1,pushes_per_account,EG,1.926817
2023-Q1,pushes_per_account,LY,0.340744
2023-Q1,pushes_per_account,MA,2.501165
2023-Q1,pushes_per_account,MR,0.481557
2023-Q1,pushes_per_account,SD,1.272884
2023-Q1,pushes_per_account,TN,1.262526
2023-Q1,pushes_per_account,NG,4.258425
2023-Q1,pushes_per_account,KE,7.295146
2023-Q1,pushes_per_account,ZA,2.094487
2023-Q1,pushes_per_account,median_north_africa,1.262526
2023-Q1,pushes_per_account,median_core_peers,2.297826
2023-Q1,pushes_per_account,median_africa,2.003393
2023-Q1,pushes_per_account_4q,DZ,0.493464
2023-Q1,pushes_per_account_4q,EG,1.477146
2023-Q1,pushes_per_account_4q,LY,0.347143
2023-Q1,pushes_per_account_4q,MA,1.295436
2023-Q1,pushes_per_account_4q,MR,0.555556
2023-Q1,pushes_per_account_4q,SD,1.164742
2023-Q1,pushes_per_account_4q,TN,1.2522
2023-Q1,pushes_per_account_4q,NG,4.565381
2023-Q1,pushes_per_account_4q,KE,5.985495
2023-Q1,pushes_per_account_4q,ZA,1.563207
2023-Q1,pushes_per_account_4q,median_north_africa,1.164742
2023-Q1,pushes_per_account_4q,median_core_peers,1.520176
2023-Q1,pushes_per_account_4q,median_africa,1.487635
2023-Q1,repos_per_account,DZ,1.155943
2023-Q1,repos_per_account,EG,2.053373
2023-Q1,repos_per_account,LY,0.996204
2023-Q1,repos_per_account,MA,1.557374
2023-Q1,repos_per_account,MR,1.696516
2023-Q1,repos_per_account,SD,1.258672
2023-Q1,repos_per_account,TN,2.37016
2023-Q1,repos_per_account,NG,2.824487
2023-Q1,repos_per_account,KE,4.92114
2023-Q1,repos_per_account,ZA,1.943381
2023-Q1,repos_per_account,median_north_africa,1.557374
2023-Q1,repos_per_account,median_core_peers,2.211767
2023-Q1,repos_per_account,median_africa,2.09664
2023-Q1,orgs_per_account,DZ,0.058193
2023-Q1,orgs_per_account,EG,0.04776
2023-Q1,orgs_per_account,LY,0.055351
2023-Q1,orgs_per_account,MA,0.061632
2023-Q1,orgs_per_account,MR,0.055943
2023-Q1,orgs_per_account,SD,0.049353
2023-Q1,orgs_per_account,TN,0.060982
2023-Q1,orgs_per_account,NG,0.052534
2023-Q1,orgs_per_account,KE,0.056437
2023-Q1,orgs_per_account,ZA,0.054355
2023-Q1,orgs_per_account,median_north_africa,0.055943
2023-Q1,orgs_per_account,median_core_peers,0.055396
2023-Q1,orgs_per_account,median_africa,0.059587
2023-Q1,accounts_per_million,DZ,5020.66899
2023-Q1,accounts_per_million,EG,5811.111544
2023-Q1,accounts_per_million,LY,3461.394332
2023-Q1,accounts_per_million,MA,10087.619894
2023-Q1,accounts_per_million,MR,918.144933
2023-Q1,accounts_per_million,SD,596.548959
2023-Q1,accounts_per_million,TN,16874.176474
2023-Q1,accounts_per_million,NG,3077.000062
2023-Q1,accounts_per_million,KE,4416.773666
2023-Q1,accounts_per_million,ZA,7251.327271
2023-Q1,accounts_per_million,median_north_africa,5020.66899
2023-Q1,accounts_per_million,median_core_peers,6531.219408
2023-Q1,accounts_per_million,median_africa,2498.455007
2023-Q1,topics,DZ,2
2023-Q1,topics,EG,17
2023-Q1,topics,LY,0
2023-Q1,topics,MA,8
2023-Q1,topics,MR,0
2023-Q1,topics,SD,0
2023-Q1,topics,TN,2
2023-Q1,topics,NG,23
2023-Q1,topics,KE,16
2023-Q1,topics,ZA,4
2023-Q1,topics,median_north_africa,2
2023-Q1,topics,median_core_peers,12
2023-Q1,topics,median_africa,2
2023-Q2,accounts,DZ,256873
2023-Q2,accounts,EG,737955
2023-Q2,accounts,LY,28208
2023-Q2,accounts,MA,421084
2023-Q2,accounts,MR,5399
2023-Q2,accounts,SD,31327
2023-Q2,accounts,TN,220399
2023-Q2,accounts,NG,796375
2023-Q2,accounts,KE,276380
2023-Q2,accounts,ZA,509385
2023-Q2,accounts,median_north_africa,220399
2023-Q2,accounts,median_core_peers,465234.5
2023-Q2,accounts,median_africa,55545.5
2023-Q2,yoy,DZ,0.329729
2023-Q2,yoy,EG,0.360007
2023-Q2,yoy,LY,0.376269
2023-Q2,yoy,MA,0.361639
2023-Q2,yoy,MR,0.411134
2023-Q2,yoy,SD,0.288064
2023-Q2,yoy,TN,0.264706
2023-Q2,yoy,NG,0.53109
2023-Q2,yoy,KE,0.428985
2023-Q2,yoy,ZA,0.313755
2023-Q2,yoy,median_north_africa,0.360007
2023-Q2,yoy,median_core_peers,0.360823
2023-Q2,yoy,median_africa,0.32888
2023-Q2,since_2020,DZ,1.797602
2023-Q2,since_2020,EG,2.117009
2023-Q2,since_2020,LY,2.091288
2023-Q2,since_2020,MA,1.956947
2023-Q2,since_2020,MR,2.554312
2023-Q2,since_2020,SD,1.845322
2023-Q2,since_2020,TN,1.486703
2023-Q2,since_2020,NG,3.58633
2023-Q2,since_2020,KE,2.044839
2023-Q2,since_2020,ZA,1.512169
2023-Q2,since_2020,median_north_africa,1.956947
2023-Q2,since_2020,median_core_peers,2.000893
2023-Q2,since_2020,median_africa,1.901135
2023-Q2,pushes_per_account,DZ,0.486968
2023-Q2,pushes_per_account,EG,1.807603
2023-Q2,pushes_per_account,LY,0.392406
2023-Q2,pushes_per_account,MA,2.437421
2023-Q2,pushes_per_account,MR,0.769402
2023-Q2,pushes_per_account,SD,0.392473
2023-Q2,pushes_per_account,TN,1.246988
2023-Q2,pushes_per_account,NG,2.841189
2023-Q2,pushes_per_account,KE,5.155301
2023-Q2,pushes_per_account,ZA,1.663021
2023-Q2,pushes_per_account,median_north_africa,0.769402
2023-Q2,pushes_per_account,median_core_peers,2.122512
2023-Q2,pushes_per_account,median_africa,1.704105
2023-Q2,pushes_per_account_4q,DZ,0.494458
2023-Q2,pushes_per_account_4q,EG,1.598752
2023-Q2,pushes_per_account_4q,LY,0.371665
2023-Q2,pushes_per_account_4q,MA,1.714667
2023-Q2,pushes_per_account_4q,MR,0.606702
2023-Q2,pushes_per_account_4q,SD,1.086993
2023-Q2,pushes_per_account_4q,TN,1.255136
2023-Q2,pushes_per_account_4q,NG,4.243559
2023-Q2,pushes_per_account_4q,KE,5.85382
2023-Q2,pushes_per_account_4q,ZA,1.64299
2023-Q2,pushes_per_account_4q,median_north_africa,1.086993
2023-Q2,pushes_per_account_4q,median_core_peers,1.678828
2023-Q2,pushes_per_account_4q,median_africa,1.620871
2023-Q2,repos_per_account,DZ,1.129706
2023-Q2,repos_per_account,EG,2.061592
2023-Q2,repos_per_account,LY,0.986103
2023-Q2,repos_per_account,MA,1.579295
2023-Q2,repos_per_account,MR,1.63734
2023-Q2,repos_per_account,SD,1.202796
2023-Q2,repos_per_account,TN,2.380451
2023-Q2,repos_per_account,NG,2.805101
2023-Q2,repos_per_account,KE,5.06151
2023-Q2,repos_per_account,ZA,1.902482
2023-Q2,repos_per_account,median_north_africa,1.579295
2023-Q2,repos_per_account,median_core_peers,2.221021
2023-Q2,repos_per_account,median_africa,2.046429
2023-Q2,orgs_per_account,DZ,0.054704
2023-Q2,orgs_per_account,EG,0.046031
2023-Q2,orgs_per_account,LY,0.0519
2023-Q2,orgs_per_account,MA,0.058262
2023-Q2,orgs_per_account,MR,0.051121
2023-Q2,orgs_per_account,SD,0.04702
2023-Q2,orgs_per_account,TN,0.059061
2023-Q2,orgs_per_account,NG,0.051043
2023-Q2,orgs_per_account,KE,0.054877
2023-Q2,orgs_per_account,ZA,0.052239
2023-Q2,orgs_per_account,median_north_africa,0.0519
2023-Q2,orgs_per_account,median_core_peers,0.053558
2023-Q2,orgs_per_account,median_africa,0.056569
2023-Q2,accounts_per_million,DZ,5415.227373
2023-Q2,accounts_per_million,EG,6234.518622
2023-Q2,accounts_per_million,LY,3781.96581
2023-Q2,accounts_per_million,MA,10956.94934
2023-Q2,accounts_per_million,MR,1015.791905
2023-Q2,accounts_per_million,SD,606.382077
2023-Q2,accounts_per_million,TN,17848.135165
2023-Q2,accounts_per_million,NG,3352.765699
2023-Q2,accounts_per_million,KE,4803.894036
2023-Q2,accounts_per_million,ZA,7867.275555
2023-Q2,accounts_per_million,median_north_africa,5415.227373
2023-Q2,accounts_per_million,median_core_peers,7050.897088
2023-Q2,accounts_per_million,median_africa,2697.750874
2023-Q2,topics,DZ,2
2023-Q2,topics,EG,17
2023-Q2,topics,LY,0
2023-Q2,topics,MA,6
2023-Q2,topics,MR,0
2023-Q2,topics,SD,0
2023-Q2,topics,TN,2
2023-Q2,topics,NG,19
2023-Q2,topics,KE,15
2023-Q2,topics,ZA,4
2023-Q2,topics,median_north_africa,2
2023-Q2,topics,median_core_peers,10.5
2023-Q2,topics,median_africa,2
2023-Q3,accounts,DZ,273534
2023-Q3,accounts,EG,792790
2023-Q3,accounts,LY,30522
2023-Q3,accounts,MA,448194
2023-Q3,accounts,MR,5907
2023-Q3,accounts,SD,32219
2023-Q3,accounts,TN,231523
2023-Q3,accounts,NG,872162
2023-Q3,accounts,KE,297581
2023-Q3,accounts,ZA,540586
2023-Q3,accounts,median_north_africa,231523
2023-Q3,accounts,median_core_peers,494390
2023-Q3,accounts,median_africa,58914
2023-Q3,yoy,DZ,0.332103
2023-Q3,yoy,EG,0.340526
2023-Q3,yoy,LY,0.376353
2023-Q3,yoy,MA,0.359268
2023-Q3,yoy,MR,0.420635
2023-Q3,yoy,SD,0.217511
2023-Q3,yoy,TN,0.268376
2023-Q3,yoy,NG,0.456222
2023-Q3,yoy,KE,0.409648
2023-Q3,yoy,ZA,0.309778
2023-Q3,yoy,median_north_africa,0.340526
2023-Q3,yoy,median_core_peers,0.349897
2023-Q3,yoy,median_africa,0.332103
2023-Q3,since_2020,DZ,1.979057
2023-Q3,since_2020,EG,2.348624
2023-Q3,since_2020,LY,2.344877
2023-Q3,since_2020,MA,2.147319
2023-Q3,since_2020,MR,2.888743
2023-Q3,since_2020,SD,1.92634
2023-Q3,since_2020,TN,1.612212
2023-Q3,since_2020,NG,4.022788
2023-Q3,since_2020,KE,2.278407
2023-Q3,since_2020,ZA,1.666045
2023-Q3,since_2020,median_north_africa,2.147319
2023-Q3,since_2020,median_core_peers,2.212863
2023-Q3,since_2020,median_africa,2.147319
2023-Q3,pushes_per_account,DZ,0.55422
2023-Q3,pushes_per_account,EG,2.19255
2023-Q3,pushes_per_account,LY,0.548195
2023-Q3,pushes_per_account,MA,2.258187
2023-Q3,pushes_per_account,MR,0.849501
2023-Q3,pushes_per_account,SD,2.745275
2023-Q3,pushes_per_account,TN,1.012513
2023-Q3,pushes_per_account,NG,3.072045
2023-Q3,pushes_per_account,KE,5.244592
2023-Q3,pushes_per_account,ZA,1.766006
2023-Q3,pushes_per_account,median_north_africa,1.012513
2023-Q3,pushes_per_account,median_core_peers,2.225369
2023-Q3,pushes_per_account,median_africa,1.81843
2023-Q3,pushes_per_account_4q,DZ,0.515339
2023-Q3,pushes_per_account_4q,EG,1.81787
2023-Q3,pushes_per_account_4q,LY,0.409796
2023-Q3,pushes_per_account_4q,MA,2.061826
2023-Q3,pushes_per_account_4q,MR,0.669881
2023-Q3,pushes_per_account_4q,SD,1.597555
2023-Q3,pushes_per_account_4q,TN,1.239325
2023-Q3,pushes_per_account_4q,NG,3.592444
2023-Q3,pushes_per_account_4q,KE,5.63672
2023-Q3,pushes_per_account_4q,ZA,1.703328
2023-Q3,pushes_per_account_4q,median_north_africa,1.239325
2023-Q3,pushes_per_account_4q,median_core_peers,1.939848
2023-Q3,pushes_per_account_4q,median_africa,1.703328
2023-Q3,repos_per_account,DZ,1.137124
2023-Q3,repos_per_account,EG,2.087557
2023-Q3,repos_per_account,LY,0.984077
2023-Q3,repos_per_account,MA,1.610486
2023-Q3,repos_per_account,MR,1.645336
2023-Q3,repos_per_account,SD,1.150532
2023-Q3,repos_per_account,TN,2.386346
2023-Q3,repos_per_account,NG,2.809298
2023-Q3,repos_per_account,KE,5.177286
2023-Q3,repos_per_account,ZA,1.901503
2023-Q3,repos_per_account,median_north_africa,1.610486
2023-Q3,repos_per_account,median_core_peers,2.236951
2023-Q3,repos_per_account,median_africa,2.087557
2023-Q3,orgs_per_account,DZ,0.052213
2023-Q3,orgs_per_account,EG,0.044289
2023-Q3,orgs_per_account,LY,0.051012
2023-Q3,orgs_per_account,MA,0.056009
2023-Q3,orgs_per_account,MR,0.049433
2023-Q3,orgs_per_account,SD,0.043266
2023-Q3,orgs_per_account,TN,0.058426
2023-Q3,orgs_per_account,NG,0.049221
2023-Q3,orgs_per_account,KE,0.053827
2023-Q3,orgs_per_account,ZA,0.051703
2023-Q3,orgs_per_account,median_north_africa,0.051012
2023-Q3,orgs_per_account,median_core_peers,0.052765
2023-Q3,orgs_per_account,median_africa,0.056009
2023-Q3,accounts_per_million,DZ,5766.4636
2023-Q3,accounts_per_million,EG,6697.78512
2023-Q3,accounts_per_million,LY,4092.213572
2023-Q3,accounts_per_million,MA,11662.373666
2023-Q3,accounts_per_million,MR,1111.369287
2023-Q3,accounts_per_million,SD,623.648104
2023-Q3,accounts_per_million,TN,18748.967998
2023-Q3,accounts_per_million,NG,3671.831533
2023-Q3,accounts_per_million,KE,5172.398839
2023-Q3,accounts_per_million,ZA,8349.164233
2023-Q3,accounts_per_million,median_north_africa,5766.4636
2023-Q3,accounts_per_million,median_core_peers,7523.474677
2023-Q3,accounts_per_million,median_africa,2183.969749
2023-Q3,topics,DZ,2
2023-Q3,topics,EG,18
2023-Q3,topics,LY,0
2023-Q3,topics,MA,6
2023-Q3,topics,MR,0
2023-Q3,topics,SD,0
2023-Q3,topics,TN,2
2023-Q3,topics,NG,19
2023-Q3,topics,KE,11
2023-Q3,topics,ZA,3
2023-Q3,topics,median_north_africa,2
2023-Q3,topics,median_core_peers,8.5
2023-Q3,topics,median_africa,2
2023-Q4,accounts,DZ,291726
2023-Q4,accounts,EG,841653
2023-Q4,accounts,LY,31688
2023-Q4,accounts,MA,478096
2023-Q4,accounts,MR,6348
2023-Q4,accounts,SD,32549
2023-Q4,accounts,TN,245586
2023-Q4,accounts,NG,924403
2023-Q4,accounts,KE,317073
2023-Q4,accounts,ZA,564536
2023-Q4,accounts,median_north_africa,245586
2023-Q4,accounts,median_core_peers,521316
2023-Q4,accounts,median_africa,57123
2023-Q4,yoy,DZ,0.329757
2023-Q4,yoy,EG,0.313993
2023-Q4,yoy,LY,0.31874
2023-Q4,yoy,MA,0.357641
2023-Q4,yoy,MR,0.425876
2023-Q4,yoy,SD,0.132336
2023-Q4,yoy,TN,0.266305
2023-Q4,yoy,NG,0.392182
2023-Q4,yoy,KE,0.398313
2023-Q4,yoy,ZA,0.305932
2023-Q4,yoy,median_north_africa,0.31874
2023-Q4,yoy,median_core_peers,0.335817
2023-Q4,yoy,median_africa,0.318451
2023-Q4,since_2020,DZ,2.177186
2023-Q4,since_2020,EG,2.555013
2023-Q4,since_2020,LY,2.472658
2023-Q4,since_2020,MA,2.357298
2023-Q4,since_2020,MR,3.179065
2023-Q4,since_2020,SD,1.956312
2023-Q4,since_2020,TN,1.770882
2023-Q4,since_2020,NG,4.323645
2023-Q4,since_2020,KE,2.493148
2023-Q4,since_2020,ZA,1.784161
2023-Q4,since_2020,median_north_africa,2.357298
2023-Q4,since_2020,median_core_peers,2.425223
2023-Q4,since_2020,median_africa,2.400371
2023-Q4,pushes_per_account,DZ,0.479069
2023-Q4,pushes_per_account,EG,1.529369
2023-Q4,pushes_per_account,LY,0.382416
2023-Q4,pushes_per_account,MA,1.739377
2023-Q4,pushes_per_account,MR,0.543163
2023-Q4,pushes_per_account,SD,1.243817
2023-Q4,pushes_per_account,TN,1.478749
2023-Q4,pushes_per_account,NG,1.923434
2023-Q4,pushes_per_account,KE,3.37235
2023-Q4,pushes_per_account,ZA,1.123631
2023-Q4,pushes_per_account,median_north_africa,1.243817
2023-Q4,pushes_per_account,median_core_peers,1.634373
2023-Q4,pushes_per_account,median_africa,1.341195
2023-Q4,pushes_per_account_4q,DZ,0.514749
2023-Q4,pushes_per_account_4q,EG,1.857601
2023-Q4,pushes_per_account_4q,LY,0.419116
2023-Q4,pushes_per_account_4q,MA,2.213017
2023-Q4,pushes_per_account_4q,MR,0.664329
2023-Q4,pushes_per_account_4q,SD,1.4219
2023-Q4,pushes_per_account_4q,TN,1.253466
2023-Q4,pushes_per_account_4q,NG,2.958159
2023-Q4,pushes_per_account_4q,KE,5.159665
2023-Q4,pushes_per_account_4q,ZA,1.640824
2023-Q4,pushes_per_account_4q,median_north_africa,1.253466
2023-Q4,pushes_per_account_4q,median_core_peers,2.035309
2023-Q4,pushes_per_account_4q,median_africa,1.531362
2023-Q4,repos_per_account,DZ,1.11579
2023-Q4,repos_per_account,EG,2.096682
2023-Q4,repos_per_account,LY,0.929437
2023-Q4,repos_per_account,MA,1.633375
2023-Q4,repos_per_account,MR,1.577347
2023-Q4,repos_per_account,SD,1.106025
2023-Q4,repos_per_account,TN,2.427492
2023-Q4,repos_per_account,NG,2.817122
2023-Q4,repos_per_account,KE,5.217332
2023-Q4,repos_per_account,ZA,1.914291
2023-Q4,repos_per_account,median_north_africa,1.577347
2023-Q4,repos_per_account,median_core_peers,2.262087
2023-Q4,repos_per_account,median_africa,2.073678
2023-Q4,orgs_per_account,DZ,0.049738
2023-Q4,orgs_per_account,EG,0.043123
2023-Q4,orgs_per_account,LY,0.049987
2023-Q4,orgs_per_account,MA,0.054041
2023-Q4,orgs_per_account,MR,0.046786
2023-Q4,orgs_per_account,SD,0.041384
2023-Q4,orgs_per_account,TN,0.057792
2023-Q4,orgs_per_account,NG,0.048644
2023-Q4,orgs_per_account,KE,0.053328
2023-Q4,orgs_per_account,ZA,0.051442
2023-Q4,orgs_per_account,median_north_africa,0.049738
2023-Q4,orgs_per_account,median_core_peers,0.052385
2023-Q4,orgs_per_account,median_africa,0.055251
2023-Q4,accounts_per_million,DZ,6149.97536
2023-Q4,accounts_per_million,EG,7110.597938
2023-Q4,accounts_per_million,LY,4248.544121
2023-Q4,accounts_per_million,MA,12440.44811
2023-Q4,accounts_per_million,MR,1194.340991
2023-Q4,accounts_per_million,SD,630.035759
2023-Q4,accounts_per_million,TN,19887.80404
2023-Q4,accounts_per_million,NG,3891.767911
2023-Q4,accounts_per_million,KE,5511.198689
2023-Q4,accounts_per_million,ZA,8719.063719
2023-Q4,accounts_per_million,median_north_africa,6149.97536
2023-Q4,accounts_per_million,median_core_peers,7914.830829
2023-Q4,accounts_per_million,median_africa,2309.038587
2023-Q4,topics,DZ,2
2023-Q4,topics,EG,14
2023-Q4,topics,LY,0
2023-Q4,topics,MA,7
2023-Q4,topics,MR,0
2023-Q4,topics,SD,0
2023-Q4,topics,TN,2
2023-Q4,topics,NG,18
2023-Q4,topics,KE,10
2023-Q4,topics,ZA,5
2023-Q4,topics,median_north_africa,2
2023-Q4,topics,median_core_peers,8.5
2023-Q4,topics,median_africa,2
2024-Q1,accounts,DZ,313294
2024-Q1,accounts,EG,892496
2024-Q1,accounts,LY,33502
2024-Q1,accounts,MA,514125
2024-Q1,accounts,MR,6994
2024-Q1,accounts,SD,32488
2024-Q1,accounts,TN,260464
2024-Q1,accounts,NG,995455
2024-Q1,accounts,KE,345178
2024-Q1,accounts,ZA,602571
2024-Q1,accounts,median_north_africa,260464
2024-Q1,accounts,median_core_peers,558348
2024-Q1,accounts,median_africa,54707.5
2024-Q1,yoy,DZ,0.315494
2024-Q1,yoy,EG,0.297538
2024-Q1,yoy,LY,0.297672
2024-Q1,yoy,MA,0.326175
2024-Q1,yoy,MR,0.433197
2024-Q1,yoy,SD,0.054155
2024-Q1,yoy,TN,0.249995
2024-Q1,yoy,NG,0.362008
2024-Q1,yoy,KE,0.358391
2024-Q1,yoy,ZA,0.28342
2024-Q1,yoy,median_north_africa,0.297672
2024-Q1,yoy,median_core_peers,0.311857
2024-Q1,yoy,median_africa,0.31224
2024-Q1,since_2020,DZ,2.412082
2024-Q1,since_2020,EG,2.769767
2024-Q1,since_2020,LY,2.671452
2024-Q1,since_2020,MA,2.610302
2024-Q1,since_2020,MR,3.604345
2024-Q1,since_2020,SD,1.950772
2024-Q1,since_2020,TN,1.938746
2024-Q1,since_2020,NG,4.732834
2024-Q1,since_2020,KE,2.802776
2024-Q1,since_2020,ZA,1.971741
2024-Q1,since_2020,median_north_africa,2.610302
2024-Q1,since_2020,median_core_peers,2.690034
2024-Q1,since_2020,median_africa,2.711777
2024-Q1,pushes_per_account,DZ,0.486399
2024-Q1,pushes_per_account,EG,1.38584
2024-Q1,pushes_per_account,LY,0.32998
2024-Q1,pushes_per_account,MA,1.521177
2024-Q1,pushes_per_account,MR,0.798685
2024-Q1,pushes_per_account,SD,0.457554
2024-Q1,pushes_per_account,TN,1.165631
2024-Q1,pushes_per_account,NG,1.548836
2024-Q1,pushes_per_account,KE,3.177818
2024-Q1,pushes_per_account,ZA,1.076808
2024-Q1,pushes_per_account,median_north_africa,0.798685
2024-Q1,pushes_per_account,median_core_peers,1.453509
2024-Q1,pushes_per_account,median_africa,1.083778
2024-Q1,pushes_per_account_4q,DZ,0.500983
2024-Q1,pushes_per_account_4q,EG,1.714058
2024-Q1,pushes_per_account_4q,LY,0.411346
2024-Q1,pushes_per_account_4q,MA,1.961929
2024-Q1,pushes_per_account_4q,MR,0.73864
2024-Q1,pushes_per_account_4q,SD,1.213963
2024-Q1,pushes_per_account_4q,TN,1.227614
2024-Q1,pushes_per_account_4q,NG,2.302366
2024-Q1,pushes_per_account_4q,KE,4.167333
2024-Q1,pushes_per_account_4q,ZA,1.391462
2024-Q1,pushes_per_account_4q,median_north_africa,1.213963
2024-Q1,pushes_per_account_4q,median_core_peers,1.837993
2024-Q1,pushes_per_account_4q,median_africa,1.220789
2024-Q1,repos_per_account,DZ,1.098112
2024-Q1,repos_per_account,EG,2.11753
2024-Q1,repos_per_account,LY,0.891618
2024-Q1,repos_per_account,MA,1.643285
2024-Q1,repos_per_account,MR,1.612096
2024-Q1,repos_per_account,SD,1.044724
2024-Q1,repos_per_account,TN,2.414464
2024-Q1,repos_per_account,NG,2.792848
2024-Q1,repos_per_account,KE,5.26763
2024-Q1,repos_per_account,ZA,1.889465
2024-Q1,repos_per_account,median_north_africa,1.612096
2024-Q1,repos_per_account,median_core_peers,2.265997
2024-Q1,repos_per_account,median_africa,1.969705
2024-Q1,orgs_per_account,DZ,0.047489
2024-Q1,orgs_per_account,EG,0.042107
2024-Q1,orgs_per_account,LY,0.048803
2024-Q1,orgs_per_account,MA,0.051923
2024-Q1,orgs_per_account,MR,0.046468
2024-Q1,orgs_per_account,SD,0.039707
2024-Q1,orgs_per_account,TN,0.056607
2024-Q1,orgs_per_account,NG,0.047349
2024-Q1,orgs_per_account,KE,0.051762
2024-Q1,orgs_per_account,ZA,0.050421
2024-Q1,orgs_per_account,median_north_africa,0.047489
2024-Q1,orgs_per_account,median_core_peers,0.051091
2024-Q1,orgs_per_account,median_africa,0.051842
2024-Q1,accounts_per_million,DZ,6604.657728
2024-Q1,accounts_per_million,EG,7540.138534
2024-Q1,accounts_per_million,LY,4491.75477
2024-Q1,accounts_per_million,MA,13377.952094
2024-Q1,accounts_per_million,MR,1315.882308
2024-Q1,accounts_per_million,SD,628.855011
2024-Q1,accounts_per_million,TN,21092.639611
2024-Q1,accounts_per_million,NG,4190.899236
2024-Q1,accounts_per_million,KE,5999.705245
2024-Q1,accounts_per_million,ZA,9306.50117
2024-Q1,accounts_per_million,median_north_africa,6604.657728
2024-Q1,accounts_per_million,median_core_peers,8423.319852
2024-Q1,accounts_per_million,median_africa,2413.430379
2024-Q1,topics,DZ,2
2024-Q1,topics,EG,19
2024-Q1,topics,LY,0
2024-Q1,topics,MA,8
2024-Q1,topics,MR,0
2024-Q1,topics,SD,0
2024-Q1,topics,TN,2
2024-Q1,topics,NG,13
2024-Q1,topics,KE,11
2024-Q1,topics,ZA,5
2024-Q1,topics,median_north_africa,2
2024-Q1,topics,median_core_peers,9.5
2024-Q1,topics,median_africa,2
2024-Q2,accounts,DZ,331205
2024-Q2,accounts,EG,941000
2024-Q2,accounts,LY,35642
2024-Q2,accounts,MA,539045
2024-Q2,accounts,MR,7560
2024-Q2,accounts,SD,32501
2024-Q2,accounts,TN,272555
2024-Q2,accounts,NG,1053896
2024-Q2,accounts,KE,370363
2024-Q2,accounts,ZA,634709
2024-Q2,accounts,median_north_africa,272555
2024-Q2,accounts,median_core_peers,586877
2024-Q2,accounts,median_africa,59334.5
2024-Q2,yoy,DZ,0.289373
2024-Q2,yoy,EG,0.275146
2024-Q2,yoy,LY,0.263542
2024-Q2,yoy,MA,0.280137
2024-Q2,yoy,MR,0.400259
2024-Q2,yoy,SD,0.037476
2024-Q2,yoy,TN,0.236644
2024-Q2,yoy,NG,0.323367
2024-Q2,yoy,KE,0.34005
2024-Q2,yoy,ZA,0.24603
2024-Q2,yoy,median_north_africa,0.275146
2024-Q2,yoy,median_core_peers,0.277641
2024-Q2,yoy,median_africa,0.291
2024-Q2,since_2020,DZ,2.607151
2024-Q2,since_2020,EG,2.97464
2024-Q2,since_2020,LY,2.905973
2024-Q2,since_2020,MA,2.785295
2024-Q2,since_2020,MR,3.976959
2024-Q2,since_2020,SD,1.951953
2024-Q2,since_2020,TN,2.075166
2024-Q2,since_2020,NG,5.069396
2024-Q2,since_2020,KE,3.080236
2024-Q2,since_2020,ZA,2.130238
2024-Q2,since_2020,median_north_africa,2.785295
2024-Q2,since_2020,median_core_peers,2.879968
2024-Q2,since_2020,median_africa,2.940306
2024-Q2,pushes_per_account,DZ,0.479187
2024-Q2,pushes_per_account,EG,1.415953
2024-Q2,pushes_per_account,LY,0.26898
2024-Q2,pushes_per_account,MA,1.133475
2024-Q2,pushes_per_account,MR,0.85754
2024-Q2,pushes_per_account,SD,0.429002
2024-Q2,pushes_per_account,TN,1.176544
2024-Q2,pushes_per_account,NG,1.312071
2024-Q2,pushes_per_account,KE,2.636073
2024-Q2,pushes_per_account,ZA,1.125122
2024-Q2,pushes_per_account,median_north_africa,0.85754
2024-Q2,pushes_per_account,median_core_peers,1.244307
2024-Q2,pushes_per_account,median_africa,1.09107
2024-Q2,pushes_per_account_4q,DZ,0.497992
2024-Q2,pushes_per_account_4q,EG,1.613263
2024-Q2,pushes_per_account_4q,LY,0.376783
2024-Q2,pushes_per_account_4q,MA,1.635175
2024-Q2,pushes_per_account_4q,MR,0.765974
2024-Q2,pushes_per_account_4q,SD,1.21568
2024-Q2,pushes_per_account_4q,TN,1.209607
2024-Q2,pushes_per_account_4q,NG,1.919421
2024-Q2,pushes_per_account_4q,KE,3.535714
2024-Q2,pushes_per_account_4q,ZA,1.260239
2024-Q2,pushes_per_account_4q,median_north_africa,1.209607
2024-Q2,pushes_per_account_4q,median_core_peers,1.624219
2024-Q2,pushes_per_account_4q,median_africa,1.212644
2024-Q2,repos_per_account,DZ,1.103111
2024-Q2,repos_per_account,EG,2.155661
2024-Q2,repos_per_account,LY,0.91193
2024-Q2,repos_per_account,MA,1.664219
2024-Q2,repos_per_account,MR,1.640608
2024-Q2,repos_per_account,SD,0.997415
2024-Q2,repos_per_account,TN,2.427848
2024-Q2,repos_per_account,NG,2.794643
2024-Q2,repos_per_account,KE,5.416192
2024-Q2,repos_per_account,ZA,1.905336
2024-Q2,repos_per_account,median_north_africa,1.640608
2024-Q2,repos_per_account,median_core_peers,2.291754
2024-Q2,repos_per_account,median_africa,1.988882
2024-Q2,orgs_per_account,DZ,0.045851
2024-Q2,orgs_per_account,EG,0.041593
2024-Q2,orgs_per_account,LY,0.04764
2024-Q2,orgs_per_account,MA,0.051242
2024-Q2,orgs_per_account,MR,0.044974
2024-Q2,orgs_per_account,SD,0.037999
2024-Q2,orgs_per_account,TN,0.05564
2024-Q2,orgs_per_account,NG,0.046846
2024-Q2,orgs_per_account,KE,0.051136
2024-Q2,orgs_per_account,ZA,0.049512
2024-Q2,orgs_per_account,median_north_africa,0.045851
2024-Q2,orgs_per_account,median_core_peers,0.050324
2024-Q2,orgs_per_account,median_africa,0.051189
2024-Q2,accounts_per_million,DZ,6982.245632
2024-Q2,accounts_per_million,EG,7949.918387
2024-Q2,accounts_per_million,LY,4778.673617
2024-Q2,accounts_per_million,MA,14026.390832
2024-Q2,accounts_per_million,MR,1422.372069
2024-Q2,accounts_per_million,SD,629.106646
2024-Q2,accounts_per_million,TN,22071.781088
2024-Q2,accounts_per_million,NG,4436.937823
2024-Q2,accounts_per_million,KE,6437.457873
2024-Q2,accounts_per_million,ZA,9802.86149
2024-Q2,accounts_per_million,median_north_africa,6982.245632
2024-Q2,accounts_per_million,median_core_peers,8876.389938
2024-Q2,accounts_per_million,median_africa,2573.164959
2024-Q2,topics,DZ,2
2024-Q2,topics,EG,20
2024-Q2,topics,LY,0
2024-Q2,topics,MA,6
2024-Q2,topics,MR,0
2024-Q2,topics,SD,0
2024-Q2,topics,TN,2
2024-Q2,topics,NG,14
2024-Q2,topics,KE,12
2024-Q2,topics,ZA,4
2024-Q2,topics,median_north_africa,2
2024-Q2,topics,median_core_peers,9
2024-Q2,topics,median_africa,2
2024-Q3,accounts,DZ,346777
2024-Q3,accounts,EG,994433
2024-Q3,accounts,LY,38022
2024-Q3,accounts,MA,560210
2024-Q3,accounts,MR,8013
2024-Q3,accounts,SD,32824
2024-Q3,accounts,TN,283326
2024-Q3,accounts,NG,1120266
2024-Q3,accounts,KE,395210
2024-Q3,accounts,ZA,665394
2024-Q3,accounts,median_north_africa,283326
2024-Q3,accounts,median_core_peers,612802
2024-Q3,accounts,median_africa,61348
2024-Q3,yoy,DZ,0.267766
2024-Q3,yoy,EG,0.254346
2024-Q3,yoy,LY,0.245724
2024-Q3,yoy,MA,0.249927
2024-Q3,yoy,MR,0.356526
2024-Q3,yoy,SD,0.018778
2024-Q3,yoy,TN,0.223749
2024-Q3,yoy,NG,0.28447
2024-Q3,yoy,KE,0.328075
2024-Q3,yoy,ZA,0.230875
2024-Q3,yoy,median_north_africa,0.249927
2024-Q3,yoy,median_core_peers,0.252137
2024-Q3,yoy,median_africa,0.28893
2024-Q3,since_2020,DZ,2.776746
2024-Q3,since_2020,EG,3.200333
2024-Q3,since_2020,LY,3.166795
2024-Q3,since_2020,MA,2.933921
2024-Q3,since_2020,MR,4.275181
2024-Q3,since_2020,SD,1.98129
2024-Q3,since_2020,TN,2.196692
2024-Q3,since_2020,NG,5.451621
2024-Q3,since_2020,KE,3.353972
2024-Q3,since_2020,ZA,2.281569
2024-Q3,since_2020,median_north_africa,2.933921
2024-Q3,since_2020,median_core_peers,3.067127
2024-Q3,since_2020,median_africa,3.200333
2024-Q3,pushes_per_account,DZ,0.455347
2024-Q3,pushes_per_account,EG,1.38277
2024-Q3,pushes_per_account,LY,0.365893
2024-Q3,pushes_per_account,MA,0.894684
2024-Q3,pushes_per_account,MR,0.855235
2024-Q3,pushes_per_account,SD,0.416403
2024-Q3,pushes_per_account,TN,0.864079
2024-Q3,pushes_per_account,NG,1.356715
2024-Q3,pushes_per_account,KE,2.427725
2024-Q3,pushes_per_account,ZA,1.066218
2024-Q3,pushes_per_account,median_north_africa,0.855235
2024-Q3,pushes_per_account,median_core_peers,1.211467
2024-Q3,pushes_per_account,median_africa,1.019484
2024-Q3,pushes_per_account_4q,DZ,0.474478
2024-Q3,pushes_per_account_4q,EG,1.42565
2024-Q3,pushes_per_account_4q,LY,0.336123
2024-Q3,pushes_per_account_4q,MA,1.303323
2024-Q3,pushes_per_account_4q,MR,0.773647
2024-Q3,pushes_per_account_4q,SD,0.636389
2024-Q3,pushes_per_account_4q,TN,1.16039
2024-Q3,pushes_per_account_4q,NG,1.519898
2024-Q3,pushes_per_account_4q,KE,2.872874
2024-Q3,pushes_per_account_4q,ZA,1.097095
2024-Q3,pushes_per_account_4q,median_north_africa,0.773647
2024-Q3,pushes_per_account_4q,median_core_peers,1.364486
2024-Q3,pushes_per_account_4q,median_africa,1.097095
2024-Q3,repos_per_account,DZ,1.120187
2024-Q3,repos_per_account,EG,2.203476
2024-Q3,repos_per_account,LY,0.966625
2024-Q3,repos_per_account,MA,1.69811
2024-Q3,repos_per_account,MR,1.727692
2024-Q3,repos_per_account,SD,0.977364
2024-Q3,repos_per_account,TN,2.462887
2024-Q3,repos_per_account,NG,2.815971
2024-Q3,repos_per_account,KE,5.506632
2024-Q3,repos_per_account,ZA,1.916534
2024-Q3,repos_per_account,median_north_africa,1.69811
2024-Q3,repos_per_account,median_core_peers,2.333182
2024-Q3,repos_per_account,median_africa,2.108038
2024-Q3,orgs_per_account,DZ,0.044928
2024-Q3,orgs_per_account,EG,0.041087
2024-Q3,orgs_per_account,LY,0.046947
2024-Q3,orgs_per_account,MA,0.050495
2024-Q3,orgs_per_account,MR,0.043679
2024-Q3,orgs_per_account,SD,0.037107
2024-Q3,orgs_per_account,TN,0.055886
2024-Q3,orgs_per_account,NG,0.046614
2024-Q3,orgs_per_account,KE,0.0507
2024-Q3,orgs_per_account,ZA,0.049401
2024-Q3,orgs_per_account,median_north_africa,0.044928
2024-Q3,orgs_per_account,median_core_peers,0.049948
2024-Q3,orgs_per_account,median_africa,0.0507
2024-Q3,accounts_per_million,DZ,7310.524278
2024-Q3,accounts_per_million,EG,8401.340267
2024-Q3,accounts_per_million,LY,5097.770279
2024-Q3,accounts_per_million,MA,14577.121406
2024-Q3,accounts_per_million,MR,1507.601506
2024-Q3,accounts_per_million,SD,635.358805
2024-Q3,accounts_per_million,TN,22944.027622
2024-Q3,accounts_per_million,NG,4716.357769
2024-Q3,accounts_per_million,KE,6869.33556
2024-Q3,accounts_per_million,ZA,10276.780727
2024-Q3,accounts_per_million,median_north_africa,7310.524278
2024-Q3,accounts_per_million,median_core_peers,9339.060497
2024-Q3,accounts_per_million,median_africa,2715.671473
2024-Q3,topics,DZ,2
2024-Q3,topics,EG,22
2024-Q3,topics,LY,0
2024-Q3,topics,MA,4
2024-Q3,topics,MR,0
2024-Q3,topics,SD,0
2024-Q3,topics,TN,2
2024-Q3,topics,NG,14
2024-Q3,topics,KE,12
2024-Q3,topics,ZA,4
2024-Q3,topics,median_north_africa,2
2024-Q3,topics,median_core_peers,8
2024-Q3,topics,median_africa,2
2024-Q4,accounts,DZ,367363
2024-Q4,accounts,EG,1061997
2024-Q4,accounts,LY,41196
2024-Q4,accounts,MA,593273
2024-Q4,accounts,MR,8694
2024-Q4,accounts,SD,33450
2024-Q4,accounts,TN,298164
2024-Q4,accounts,NG,1199622
2024-Q4,accounts,KE,424346
2024-Q4,accounts,ZA,694983
2024-Q4,accounts,median_north_africa,298164
2024-Q4,accounts,median_core_peers,644128
2024-Q4,accounts,median_africa,65786
2024-Q4,yoy,DZ,0.259274
2024-Q4,yoy,EG,0.261799
2024-Q4,yoy,LY,0.30005
2024-Q4,yoy,MA,0.240908
2024-Q4,yoy,MR,0.369565
2024-Q4,yoy,SD,0.027681
2024-Q4,yoy,TN,0.214092
2024-Q4,yoy,NG,0.297726
2024-Q4,yoy,KE,0.338323
2024-Q4,yoy,ZA,0.231069
2024-Q4,yoy,median_north_africa,0.259274
2024-Q4,yoy,median_core_peers,0.251353
2024-Q4,yoy,median_africa,0.30005
2024-Q4,since_2020,DZ,3.000948
2024-Q4,since_2020,EG,3.485713
2024-Q4,since_2020,LY,3.51463
2024-Q4,since_2020,MA,3.166097
2024-Q4,since_2020,MR,4.723502
2024-Q4,since_2020,SD,2.038147
2024-Q4,since_2020,TN,2.364105
2024-Q4,since_2020,NG,5.908633
2024-Q4,since_2020,KE,3.674959
2024-Q4,since_2020,ZA,2.427496
2024-Q4,since_2020,median_north_africa,3.166097
2024-Q4,since_2020,median_core_peers,3.325905
2024-Q4,since_2020,median_africa,3.51463
2024-Q4,pushes_per_account,DZ,0.461636
2024-Q4,pushes_per_account,EG,1.292134
2024-Q4,pushes_per_account,LY,0.35637
2024-Q4,pushes_per_account,MA,1.105061
2024-Q4,pushes_per_account,MR,0.917184
2024-Q4,pushes_per_account,SD,0.264006
2024-Q4,pushes_per_account,TN,1.249162
2024-Q4,pushes_per_account,NG,1.142649
2024-Q4,pushes_per_account,KE,1.880838
2024-Q4,pushes_per_account,ZA,0.922202
2024-Q4,pushes_per_account,median_north_africa,0.917184
2024-Q4,pushes_per_account,median_core_peers,1.195905
2024-Q4,pushes_per_account,median_africa,0.979137
2024-Q4,pushes_per_account_4q,DZ,0.47002
2024-Q4,pushes_per_account_4q,EG,1.366757
2024-Q4,pushes_per_account_4q,LY,0.331857
2024-Q4,pushes_per_account_4q,MA,1.155543
2024-Q4,pushes_per_account_4q,MR,0.860369
2024-Q4,pushes_per_account_4q,SD,0.390872
2024-Q4,pushes_per_account_4q,TN,1.113987
2024-Q4,pushes_per_account_4q,NG,1.330944
2024-Q4,pushes_per_account_4q,KE,2.49548
2024-Q4,pushes_per_account_4q,ZA,1.044537
2024-Q4,pushes_per_account_4q,median_north_africa,0.860369
2024-Q4,pushes_per_account_4q,median_core_peers,1.243244
2024-Q4,pushes_per_account_4q,median_africa,1.060445
2024-Q4,repos_per_account,DZ,1.112341
2024-Q4,repos_per_account,EG,2.211727
2024-Q4,repos_per_account,LY,0.96286
2024-Q4,repos_per_account,MA,1.728031
2024-Q4,repos_per_account,MR,1.680354
2024-Q4,repos_per_account,SD,0.957967
2024-Q4,repos_per_account,TN,2.487299
2024-Q4,repos_per_account,NG,2.799352
2024-Q4,repos_per_account,KE,5.420258
2024-Q4,repos_per_account,ZA,1.927197
2024-Q4,repos_per_account,median_north_africa,1.680354
2024-Q4,repos_per_account,median_core_peers,2.349513
2024-Q4,repos_per_account,median_africa,2.046316
2024-Q4,orgs_per_account,DZ,0.043927
2024-Q4,orgs_per_account,EG,0.040478
2024-Q4,orgs_per_account,LY,0.04532
2024-Q4,orgs_per_account,MA,0.050132
2024-Q4,orgs_per_account,MR,0.041293
2024-Q4,orgs_per_account,SD,0.036532
2024-Q4,orgs_per_account,TN,0.054876
2024-Q4,orgs_per_account,NG,0.045895
2024-Q4,orgs_per_account,KE,0.050004
2024-Q4,orgs_per_account,ZA,0.049572
2024-Q4,orgs_per_account,median_north_africa,0.043927
2024-Q4,orgs_per_account,median_core_peers,0.049788
2024-Q4,orgs_per_account,median_africa,0.050132
2024-Q4,accounts_per_million,DZ,7744.504769
2024-Q4,accounts_per_million,EG,8972.146097
2024-Q4,accounts_per_million,LY,5523.321877
2024-Q4,accounts_per_million,MA,15437.447649
2024-Q4,accounts_per_million,MR,1635.727879
2024-Q4,accounts_per_million,SD,647.475994
2024-Q4,accounts_per_million,TN,24145.623952
2024-Q4,accounts_per_million,NG,5050.449214
2024-Q4,accounts_per_million,KE,7375.762424
2024-Q4,accounts_per_million,ZA,10733.772622
2024-Q4,accounts_per_million,median_north_africa,7744.504769
2024-Q4,accounts_per_million,median_core_peers,9852.959359
2024-Q4,accounts_per_million,median_africa,2900.5968
2024-Q4,topics,DZ,2
2024-Q4,topics,EG,21
2024-Q4,topics,LY,0
2024-Q4,topics,MA,5
2024-Q4,topics,MR,0
2024-Q4,topics,SD,0
2024-Q4,topics,TN,2
2024-Q4,topics,NG,13
2024-Q4,topics,KE,10
2024-Q4,topics,ZA,4
2024-Q4,topics,median_north_africa,2
2024-Q4,topics,median_core_peers,7.5
2024-Q4,topics,median_africa,2
2025-Q1,accounts,DZ,393565
2025-Q1,accounts,EG,1130281
2025-Q1,accounts,LY,44636
2025-Q1,accounts,MA,632885
2025-Q1,accounts,MR,9801
2025-Q1,accounts,SD,34532
2025-Q1,accounts,TN,316372
2025-Q1,accounts,NG,1321070
2025-Q1,accounts,KE,463595
2025-Q1,accounts,ZA,741633
2025-Q1,accounts,median_north_africa,316372
2025-Q1,accounts,median_core_peers,687259
2025-Q1,accounts,median_africa,67014.5
2025-Q1,yoy,DZ,0.256216
2025-Q1,yoy,EG,0.266427
2025-Q1,yoy,LY,0.332338
2025-Q1,yoy,MA,0.230994
2025-Q1,yoy,MR,0.401344
2025-Q1,yoy,SD,0.062916
2025-Q1,yoy,TN,0.214648
2025-Q1,yoy,NG,0.327102
2025-Q1,yoy,KE,0.343061
2025-Q1,yoy,ZA,0.230781
2025-Q1,yoy,median_north_africa,0.256216
2025-Q1,yoy,median_core_peers,0.248711
2025-Q1,yoy,median_africa,0.33383
2025-Q1,since_2020,DZ,3.286313
2025-Q1,since_2020,EG,3.774134
2025-Q1,since_2020,LY,3.891616
2025-Q1,since_2020,MA,3.444261
2025-Q1,since_2020,MR,5.452271
2025-Q1,since_2020,SD,2.136421
2025-Q1,since_2020,TN,2.569541
2025-Q1,since_2020,NG,6.608053
2025-Q1,since_2020,KE,4.107359
2025-Q1,since_2020,ZA,2.657563
2025-Q1,since_2020,median_north_africa,3.444261
2025-Q1,since_2020,median_core_peers,3.609198
2025-Q1,since_2020,median_africa,3.844121
2025-Q1,pushes_per_account,DZ,0.505017
2025-Q1,pushes_per_account,EG,1.130903
2025-Q1,pushes_per_account,LY,0.334775
2025-Q1,pushes_per_account,MA,1.011997
2025-Q1,pushes_per_account,MR,0.875013
2025-Q1,pushes_per_account,SD,0.31924
2025-Q1,pushes_per_account,TN,1.019822
2025-Q1,pushes_per_account,NG,1.124617
2025-Q1,pushes_per_account,KE,2.076934
2025-Q1,pushes_per_account,ZA,0.872231
2025-Q1,pushes_per_account,median_north_africa,0.875013
2025-Q1,pushes_per_account,median_core_peers,1.072219
2025-Q1,pushes_per_account,median_africa,1.022351
2025-Q1,pushes_per_account_4q,DZ,0.476026
2025-Q1,pushes_per_account_4q,EG,1.298047
2025-Q1,pushes_per_account_4q,LY,0.333068
2025-Q1,pushes_per_account_4q,MA,1.035638
2025-Q1,pushes_per_account_4q,MR,0.877246
2025-Q1,pushes_per_account_4q,SD,0.356065
2025-Q1,pushes_per_account_4q,TN,1.077041
2025-Q1,pushes_per_account_4q,NG,1.226686
2025-Q1,pushes_per_account_4q,KE,2.235691
2025-Q1,pushes_per_account_4q,ZA,0.990737
2025-Q1,pushes_per_account_4q,median_north_africa,0.877246
2025-Q1,pushes_per_account_4q,median_core_peers,1.151864
2025-Q1,pushes_per_account_4q,median_africa,1.013282
2025-Q1,repos_per_account,DZ,1.12215
2025-Q1,repos_per_account,EG,2.207127
2025-Q1,repos_per_account,LY,0.955148
2025-Q1,repos_per_account,MA,1.739803
2025-Q1,repos_per_account,MR,1.642894
2025-Q1,repos_per_account,SD,0.945355
2025-Q1,repos_per_account,TN,2.467854
2025-Q1,repos_per_account,NG,2.738264
2025-Q1,repos_per_account,KE,5.370908
2025-Q1,repos_per_account,ZA,1.899403
2025-Q1,repos_per_account,median_north_africa,1.642894
2025-Q1,repos_per_account,median_core_peers,2.337491
2025-Q1,repos_per_account,median_africa,1.988006
2025-Q1,orgs_per_account,DZ,0.042489
2025-Q1,orgs_per_account,EG,0.040125
2025-Q1,orgs_per_account,LY,0.043709
2025-Q1,orgs_per_account,MA,0.048931
2025-Q1,orgs_per_account,MR,0.0402
2025-Q1,orgs_per_account,SD,0.034606
2025-Q1,orgs_per_account,TN,0.054297
2025-Q1,orgs_per_account,NG,0.044435
2025-Q1,orgs_per_account,KE,0.049783
2025-Q1,orgs_per_account,ZA,0.049089
2025-Q1,orgs_per_account,median_north_africa,0.042489
2025-Q1,orgs_per_account,median_core_peers,0.04901
2025-Q1,orgs_per_account,median_africa,0.050282
2025-Q1,accounts_per_million,DZ,8296.878073
2025-Q1,accounts_per_million,EG,9549.034754
2025-Q1,accounts_per_million,LY,5984.537219
2025-Q1,accounts_per_million,MA,16468.184218
2025-Q1,accounts_per_million,MR,1844.003789
2025-Q1,accounts_per_million,SD,668.419762
2025-Q1,accounts_per_million,TN,25620.126309
2025-Q1,accounts_per_million,NG,5561.749404
2025-Q1,accounts_per_million,KE,8057.968216
2025-Q1,accounts_per_million,ZA,11454.265774
2025-Q1,accounts_per_million,median_north_africa,8296.878073
2025-Q1,accounts_per_million,median_core_peers,10501.650264
2025-Q1,accounts_per_million,median_africa,3051.218151
2025-Q1,topics,DZ,2
2025-Q1,topics,EG,18
2025-Q1,topics,LY,0
2025-Q1,topics,MA,5
2025-Q1,topics,MR,0
2025-Q1,topics,SD,0
2025-Q1,topics,TN,2
2025-Q1,topics,NG,12
2025-Q1,topics,KE,11
2025-Q1,topics,ZA,4
2025-Q1,topics,median_north_africa,2
2025-Q1,topics,median_core_peers,8
2025-Q1,topics,median_africa,2
2025-Q2,accounts,DZ,422835
2025-Q2,accounts,EG,1210216
2025-Q2,accounts,LY,49072
2025-Q2,accounts,MA,673894
2025-Q2,accounts,MR,10906
2025-Q2,accounts,SD,35794
2025-Q2,accounts,TN,333356
2025-Q2,accounts,NG,1426988
2025-Q2,accounts,KE,504143
2025-Q2,accounts,ZA,808252
2025-Q2,accounts,median_north_africa,333356
2025-Q2,accounts,median_core_peers,741073
2025-Q2,accounts,median_africa,66599
2025-Q2,yoy,DZ,0.276656
2025-Q2,yoy,EG,0.286096
2025-Q2,yoy,LY,0.376803
2025-Q2,yoy,MA,0.250163
2025-Q2,yoy,MR,0.442593
2025-Q2,yoy,SD,0.10132
2025-Q2,yoy,TN,0.223078
2025-Q2,yoy,NG,0.354012
2025-Q2,yoy,KE,0.361213
2025-Q2,yoy,ZA,0.273421
2025-Q2,yoy,median_north_africa,0.276656
2025-Q2,yoy,median_core_peers,0.279759
2025-Q2,yoy,median_africa,0.376803
2025-Q2,since_2020,DZ,3.605093
2025-Q2,since_2020,EG,4.111767
2025-Q2,since_2020,LY,4.377753
2025-Q2,since_2020,MA,3.732236
2025-Q2,since_2020,MR,6.179724
2025-Q2,since_2020,SD,2.251045
2025-Q2,since_2020,TN,2.761167
2025-Q2,since_2020,NG,7.218036
2025-Q2,since_2020,KE,4.554071
2025-Q2,since_2020,ZA,2.986112
2025-Q2,since_2020,median_north_africa,3.732236
2025-Q2,since_2020,median_core_peers,3.922001
2025-Q2,since_2020,median_africa,4.444328
2025-Q2,pushes_per_account,DZ,0.730098
2025-Q2,pushes_per_account,EG,1.553576
2025-Q2,pushes_per_account,LY,0.464786
2025-Q2,pushes_per_account,MA,1.155582
2025-Q2,pushes_per_account,MR,1.059417
2025-Q2,pushes_per_account,SD,0.38716
2025-Q2,pushes_per_account,TN,1.372704
2025-Q2,pushes_per_account,NG,1.258553
2025-Q2,pushes_per_account,KE,2.432121
2025-Q2,pushes_per_account,ZA,1.157354
2025-Q2,pushes_per_account,median_north_africa,1.059417
2025-Q2,pushes_per_account,median_core_peers,1.315628
2025-Q2,pushes_per_account,median_africa,1.363424
2025-Q2,pushes_per_account_4q,DZ,0.545533
2025-Q2,pushes_per_account_4q,EG,1.343146
2025-Q2,pushes_per_account_4q,LY,0.383655
2025-Q2,pushes_per_account_4q,MA,1.047056
2025-Q2,pushes_per_account_4q,MR,0.934329
2025-Q2,pushes_per_account_4q,SD,0.346859
2025-Q2,pushes_per_account_4q,TN,1.135065
2025-Q2,pushes_per_account_4q,NG,1.217903
2025-Q2,pushes_per_account_4q,KE,2.208131
2025-Q2,pushes_per_account_4q,ZA,1.007703
2025-Q2,pushes_per_account_4q,median_north_africa,0.934329
2025-Q2,pushes_per_account_4q,median_core_peers,1.176484
2025-Q2,pushes_per_account_4q,median_africa,1.093699
2025-Q2,repos_per_account,DZ,1.118382
2025-Q2,repos_per_account,EG,2.220043
2025-Q2,repos_per_account,LY,0.941413
2025-Q2,repos_per_account,MA,1.760342
2025-Q2,repos_per_account,MR,1.638823
2025-Q2,repos_per_account,SD,0.95516
2025-Q2,repos_per_account,TN,2.485097
2025-Q2,repos_per_account,NG,2.704042
2025-Q2,repos_per_account,KE,5.413004
2025-Q2,repos_per_account,ZA,1.873393
2025-Q2,repos_per_account,median_north_africa,1.638823
2025-Q2,repos_per_account,median_core_peers,2.35257
2025-Q2,repos_per_account,median_africa,1.936793
2025-Q2,orgs_per_account,DZ,0.040351
2025-Q2,orgs_per_account,EG,0.039132
2025-Q2,orgs_per_account,LY,0.038291
2025-Q2,orgs_per_account,MA,0.048285
2025-Q2,orgs_per_account,MR,0.038786
2025-Q2,orgs_per_account,SD,0.03333
2025-Q2,orgs_per_account,TN,0.053336
2025-Q2,orgs_per_account,NG,0.043782
2025-Q2,orgs_per_account,KE,0.049137
2025-Q2,orgs_per_account,ZA,0.047553
2025-Q2,orgs_per_account,median_north_africa,0.039132
2025-Q2,orgs_per_account,median_core_peers,0.047919
2025-Q2,orgs_per_account,median_africa,0.050181
2025-Q2,accounts_per_million,DZ,8913.928931
2025-Q2,accounts_per_million,EG,10224.355399
2025-Q2,accounts_per_million,LY,6579.290493
2025-Q2,accounts_per_million,MA,17535.271867
2025-Q2,accounts_per_million,MR,2051.90341
2025-Q2,accounts_per_million,SD,692.847705
2025-Q2,accounts_per_million,TN,26995.507902
2025-Q2,accounts_per_million,NG,6007.667768
2025-Q2,accounts_per_million,KE,8762.752554
2025-Q2,accounts_per_million,ZA,12483.173242
2025-Q2,accounts_per_million,median_north_africa,8913.928931
2025-Q2,accounts_per_million,median_core_peers,11353.76432
2025-Q2,accounts_per_million,median_africa,3324.749006
2025-Q2,topics,DZ,2
2025-Q2,topics,EG,22
2025-Q2,topics,LY,0
2025-Q2,topics,MA,5
2025-Q2,topics,MR,0
2025-Q2,topics,SD,0
2025-Q2,topics,TN,6
2025-Q2,topics,NG,14
2025-Q2,topics,KE,10
2025-Q2,topics,ZA,6
2025-Q2,topics,median_north_africa,2
2025-Q2,topics,median_core_peers,8
2025-Q2,topics,median_africa,2
2025-Q3,accounts,DZ,467820
2025-Q3,accounts,EG,1340900
2025-Q3,accounts,LY,56877
2025-Q3,accounts,MA,730638
2025-Q3,accounts,MR,12463
2025-Q3,accounts,SD,39846
2025-Q3,accounts,TN,357283
2025-Q3,accounts,NG,1566257
2025-Q3,accounts,KE,562773
2025-Q3,accounts,ZA,889074
2025-Q3,accounts,median_north_africa,357283
2025-Q3,accounts,median_core_peers,809856
2025-Q3,accounts,median_africa,74825
2025-Q3,yoy,DZ,0.349051
2025-Q3,yoy,EG,0.348407
2025-Q3,yoy,LY,0.495897
2025-Q3,yoy,MA,0.304222
2025-Q3,yoy,MR,0.555348
2025-Q3,yoy,SD,0.213929
2025-Q3,yoy,TN,0.261031
2025-Q3,yoy,NG,0.398112
2025-Q3,yoy,KE,0.423985
2025-Q3,yoy,ZA,0.336162
2025-Q3,yoy,median_north_africa,0.348407
2025-Q3,yoy,median_core_peers,0.342284
2025-Q3,yoy,median_africa,0.467646
2025-Q3,since_2020,DZ,4.095024
2025-Q3,since_2020,EG,4.663756
2025-Q3,since_2020,LY,5.233096
2025-Q3,since_2020,MA,4.130705
2025-Q3,since_2020,MR,7.20474
2025-Q3,since_2020,SD,2.619074
2025-Q3,since_2020,TN,3.031129
2025-Q3,since_2020,NG,8.020087
2025-Q3,since_2020,KE,5.199989
2025-Q3,since_2020,ZA,3.384708
2025-Q3,since_2020,median_north_africa,4.130705
2025-Q3,since_2020,median_core_peers,4.397231
2025-Q3,since_2020,median_africa,5.199989
2025-Q3,pushes_per_account,DZ,0.655008
2025-Q3,pushes_per_account,EG,1.491263
2025-Q3,pushes_per_account,LY,0.542328
2025-Q3,pushes_per_account,MA,0.949457
2025-Q3,pushes_per_account,MR,0.930193
2025-Q3,pushes_per_account,SD,0.491367
2025-Q3,pushes_per_account,TN,1.015861
2025-Q3,pushes_per_account,NG,1.441217
2025-Q3,pushes_per_account,KE,2.367578
2025-Q3,pushes_per_account,ZA,1.200006
2025-Q3,pushes_per_account,median_north_africa,0.930193
2025-Q3,pushes_per_account,median_core_peers,1.320611
2025-Q3,pushes_per_account,median_africa,1.291465
2025-Q3,pushes_per_account_4q,DZ,0.595478
2025-Q3,pushes_per_account_4q,EG,1.37671
2025-Q3,pushes_per_account_4q,LY,0.434235
2025-Q3,pushes_per_account_4q,MA,1.052397
2025-Q3,pushes_per_account_4q,MR,0.948237
2025-Q3,pushes_per_account_4q,SD,0.371057
2025-Q3,pushes_per_account_4q,TN,1.16126
2025-Q3,pushes_per_account_4q,NG,1.253134
2025-Q3,pushes_per_account_4q,KE,2.209639
2025-Q3,pushes_per_account_4q,ZA,1.049834
2025-Q3,pushes_per_account_4q,median_north_africa,0.948237
2025-Q3,pushes_per_account_4q,median_core_peers,1.207197
2025-Q3,pushes_per_account_4q,median_africa,1.16126
2025-Q3,repos_per_account,DZ,1.093619
2025-Q3,repos_per_account,EG,2.175069
2025-Q3,repos_per_account,LY,0.880549
2025-Q3,repos_per_account,MA,1.723
2025-Q3,repos_per_account,MR,1.572575
2025-Q3,repos_per_account,SD,0.922677
2025-Q3,repos_per_account,TN,2.424406
2025-Q3,repos_per_account,NG,2.653356
2025-Q3,repos_per_account,KE,5.227333
2025-Q3,repos_per_account,ZA,1.814032
2025-Q3,repos_per_account,median_north_africa,1.572575
2025-Q3,repos_per_account,median_core_peers,2.299737
2025-Q3,repos_per_account,median_africa,1.872893
2025-Q3,orgs_per_account,DZ,0.037166
2025-Q3,orgs_per_account,EG,0.037152
2025-Q3,orgs_per_account,LY,0.034021
2025-Q3,orgs_per_account,MA,0.046225
2025-Q3,orgs_per_account,MR,0.036027
2025-Q3,orgs_per_account,SD,0.030066
2025-Q3,orgs_per_account,TN,0.051603
2025-Q3,orgs_per_account,NG,0.042314
2025-Q3,orgs_per_account,KE,0.047007
2025-Q3,orgs_per_account,ZA,0.045662
2025-Q3,orgs_per_account,median_north_africa,0.037152
2025-Q3,orgs_per_account,median_core_peers,0.045944
2025-Q3,orgs_per_account,median_africa,0.047604
2025-Q3,accounts_per_million,DZ,9862.273068
2025-Q3,accounts_per_million,EG,11328.422492
2025-Q3,accounts_per_million,LY,7625.739838
2025-Q3,accounts_per_million,MA,19011.797057
2025-Q3,accounts_per_million,MR,2344.844325
2025-Q3,accounts_per_million,SD,771.280373
2025-Q3,accounts_per_million,TN,28933.140696
2025-Q3,accounts_per_million,NG,6593.994971
2025-Q3,accounts_per_million,KE,9781.828853
2025-Q3,accounts_per_million,ZA,13731.441143
2025-Q3,accounts_per_million,median_north_africa,9862.273068
2025-Q3,accounts_per_million,median_core_peers,12529.931817
2025-Q3,accounts_per_million,median_africa,3778.162815
2025-Q3,topics,DZ,2
2025-Q3,topics,EG,23
2025-Q3,topics,LY,0
2025-Q3,topics,MA,5
2025-Q3,topics,MR,0
2025-Q3,topics,SD,0
2025-Q3,topics,TN,2
2025-Q3,topics,NG,13
2025-Q3,topics,KE,10
2025-Q3,topics,ZA,6
2025-Q3,topics,median_north_africa,2
2025-Q3,topics,median_core_peers,8
2025-Q3,topics,median_africa,2
2025-Q4,accounts,DZ,532883
2025-Q4,accounts,EG,1498289
2025-Q4,accounts,LY,66426
2025-Q4,accounts,MA,822452
2025-Q4,accounts,MR,14250
2025-Q4,accounts,SD,45023
2025-Q4,accounts,TN,389842
2025-Q4,accounts,NG,1675852
2025-Q4,accounts,KE,616490
2025-Q4,accounts,ZA,962146
2025-Q4,accounts,median_north_africa,389842
2025-Q4,accounts,median_core_peers,892299
2025-Q4,accounts,median_africa,82190
2025-Q4,yoy,DZ,0.450563
2025-Q4,yoy,EG,0.410822
2025-Q4,yoy,LY,0.612438
2025-Q4,yoy,MA,0.386296
2025-Q4,yoy,MR,0.639061
2025-Q4,yoy,SD,0.345979
2025-Q4,yoy,TN,0.307475
2025-Q4,yoy,NG,0.396983
2025-Q4,yoy,KE,0.4528
2025-Q4,yoy,ZA,0.384417
2025-Q4,yoy,median_north_africa,0.410822
2025-Q4,yoy,median_core_peers,0.39164
2025-Q4,yoy,median_africa,0.532006
2025-Q4,since_2020,DZ,4.803625
2025-Q4,since_2020,EG,5.328543
2025-Q4,since_2020,LY,6.279562
2025-Q4,since_2020,MA,4.775443
2025-Q4,since_2020,MR,8.381172
2025-Q4,since_2020,SD,3.089282
2025-Q4,since_2020,TN,3.398484
2025-Q4,since_2020,NG,8.651246
2025-Q4,since_2020,KE,5.791781
2025-Q4,since_2020,ZA,3.745082
2025-Q4,since_2020,median_north_africa,4.803625
2025-Q4,since_2020,median_core_peers,5.051993
2025-Q4,since_2020,median_africa,5.984684
2025-Q4,pushes_per_account,DZ,0.849999
2025-Q4,pushes_per_account,EG,1.511307
2025-Q4,pushes_per_account,LY,0.690618
2025-Q4,pushes_per_account,MA,1.253457
2025-Q4,pushes_per_account,MR,1.262456
2025-Q4,pushes_per_account,SD,0.603158
2025-Q4,pushes_per_account,TN,1.394762
2025-Q4,pushes_per_account,NG,1.386241
2025-Q4,pushes_per_account,KE,2.037882
2025-Q4,pushes_per_account,ZA,1.162834
2025-Q4,pushes_per_account,median_north_africa,1.253457
2025-Q4,pushes_per_account,median_core_peers,1.390502
2025-Q4,pushes_per_account,median_africa,1.394762
2025-Q4,pushes_per_account_4q,DZ,0.697178
2025-Q4,pushes_per_account_4q,EG,1.432985
2025-Q4,pushes_per_account_4q,LY,0.527494
2025-Q4,pushes_per_account_4q,MA,1.099293
2025-Q4,pushes_per_account_4q,MR,1.048355
2025-Q4,pushes_per_account_4q,SD,0.461465
2025-Q4,pushes_per_account_4q,TN,1.207664
2025-Q4,pushes_per_account_4q,NG,1.312499
2025-Q4,pushes_per_account_4q,KE,2.225307
2025-Q4,pushes_per_account_4q,ZA,1.107881
2025-Q4,pushes_per_account_4q,median_north_africa,1.048355
2025-Q4,pushes_per_account_4q,median_core_peers,1.260081
2025-Q4,pushes_per_account_4q,median_africa,1.267557
2025-Q4,repos_per_account,DZ,1.041553
2025-Q4,repos_per_account,EG,2.087223
2025-Q4,repos_per_account,LY,0.833378
2025-Q4,repos_per_account,MA,1.675637
2025-Q4,repos_per_account,MR,1.499298
2025-Q4,repos_per_account,SD,0.880439
2025-Q4,repos_per_account,TN,2.373746
2025-Q4,repos_per_account,NG,2.620005
2025-Q4,repos_per_account,KE,5.002521
2025-Q4,repos_per_account,ZA,1.783842
2025-Q4,repos_per_account,median_north_africa,1.499298
2025-Q4,repos_per_account,median_core_peers,2.230485
2025-Q4,repos_per_account,median_africa,1.821429
2025-Q4,orgs_per_account,DZ,0.03349
2025-Q4,orgs_per_account,EG,0.034882
2025-Q4,orgs_per_account,LY,0.030244
2025-Q4,orgs_per_account,MA,0.043104
2025-Q4,orgs_per_account,MR,0.033123
2025-Q4,orgs_per_account,SD,0.026986
2025-Q4,orgs_per_account,TN,0.048366
2025-Q4,orgs_per_account,NG,0.041541
2025-Q4,orgs_per_account,KE,0.045117
2025-Q4,orgs_per_account,ZA,0.044181
2025-Q4,orgs_per_account,median_north_africa,0.03349
2025-Q4,orgs_per_account,median_core_peers,0.043643
2025-Q4,orgs_per_account,median_africa,0.045117
2025-Q4,accounts_per_million,DZ,11233.888374
2025-Q4,accounts_per_million,EG,12658.103368
2025-Q4,accounts_per_million,LY,8906.014637
2025-Q4,accounts_per_million,MA,21400.87227
2025-Q4,accounts_per_million,MR,2681.058463
2025-Q4,accounts_per_million,SD,871.489139
2025-Q4,accounts_per_million,TN,31569.801628
2025-Q4,accounts_per_million,NG,7055.39363
2025-Q4,accounts_per_million,KE,10715.509929
2025-Q4,accounts_per_million,ZA,14860.012968
2025-Q4,accounts_per_million,median_north_africa,11233.888374
2025-Q4,accounts_per_million,median_core_peers,13759.058168
2025-Q4,accounts_per_million,median_africa,4187.798677
2025-Q4,topics,DZ,2
2025-Q4,topics,EG,24
2025-Q4,topics,LY,0
2025-Q4,topics,MA,8
2025-Q4,topics,MR,0
2025-Q4,topics,SD,0
2025-Q4,topics,TN,4
2025-Q4,topics,NG,20
2025-Q4,topics,KE,9
2025-Q4,topics,ZA,7
2025-Q4,topics,median_north_africa,2
2025-Q4,topics,median_core_peers,8.5
2025-Q4,topics,median_africa,0
2026-Q1,accounts,DZ,586990
2026-Q1,accounts,EG,1626418
2026-Q1,accounts,LY,73665
2026-Q1,accounts,MA,906406
2026-Q1,accounts,MR,16255
2026-Q1,accounts,SD,49732
2026-Q1,accounts,TN,420582
2026-Q1,accounts,NG,1794519
2026-Q1,accounts,KE,678197
2026-Q1,accounts,ZA,1058997
2026-Q1,accounts,median_north_africa,420582
2026-Q1,accounts,median_core_peers,982701.5
2026-Q1,accounts,median_africa,87857
2026-Q1,yoy,DZ,0.491469
2026-Q1,yoy,EG,0.43895
2026-Q1,yoy,LY,0.650349
2026-Q1,yoy,MA,0.432181
2026-Q1,yoy,MR,0.658504
2026-Q1,yoy,SD,0.440171
2026-Q1,yoy,TN,0.329391
2026-Q1,yoy,NG,0.358383
2026-Q1,yoy,KE,0.462908
2026-Q1,yoy,ZA,0.427926
2026-Q1,yoy,median_north_africa,0.440171
2026-Q1,yoy,median_core_peers,0.430054
2026-Q1,yoy,median_africa,0.564515
2026-Q1,since_2020,DZ,5.392903
2026-Q1,since_2020,EG,5.869741
2026-Q1,since_2020,LY,7.072877
2026-Q1,since_2020,MA,5.364987
2026-Q1,since_2020,MR,9.701119
2026-Q1,since_2020,SD,3.516985
2026-Q1,since_2020,TN,3.745315
2026-Q1,since_2020,NG,9.33465
2026-Q1,since_2020,KE,6.471599
2026-Q1,since_2020,ZA,4.222729
2026-Q1,since_2020,median_north_africa,5.392903
2026-Q1,since_2020,median_core_peers,5.617364
2026-Q1,since_2020,median_africa,6.714229
2026-Q1,pushes_per_account,DZ,1.063013
2026-Q1,pushes_per_account,EG,1.570559
2026-Q1,pushes_per_account,LY,0.873346
2026-Q1,pushes_per_account,MA,1.386281
2026-Q1,pushes_per_account,MR,1.336881
2026-Q1,pushes_per_account,SD,0.7351
2026-Q1,pushes_per_account,TN,1.352968
2026-Q1,pushes_per_account,NG,1.658922
2026-Q1,pushes_per_account,KE,2.309283
2026-Q1,pushes_per_account,ZA,1.297621
2026-Q1,pushes_per_account,median_north_africa,1.336881
2026-Q1,pushes_per_account,median_core_peers,1.47842
2026-Q1,pushes_per_account,median_africa,1.693624
2026-Q1,pushes_per_account_4q,DZ,0.841602
2026-Q1,pushes_per_account_4q,EG,1.532563
2026-Q1,pushes_per_account_4q,LY,0.666006
2026-Q1,pushes_per_account_4q,MA,1.199943
2026-Q1,pushes_per_account_4q,MR,1.166945
2026-Q1,pushes_per_account_4q,SD,0.570152
2026-Q1,pushes_per_account_4q,TN,1.287967
2026-Q1,pushes_per_account_4q,NG,1.447078
2026-Q1,pushes_per_account_4q,KE,2.278549
2026-Q1,pushes_per_account_4q,ZA,1.208917
2026-Q1,pushes_per_account_4q,median_north_africa,1.166945
2026-Q1,pushes_per_account_4q,median_core_peers,1.367523
2026-Q1,pushes_per_account_4q,median_africa,1.447078
2026-Q1,repos_per_account,DZ,1.039255
2026-Q1,repos_per_account,EG,2.051602
2026-Q1,repos_per_account,LY,0.83129
2026-Q1,repos_per_account,MA,1.651206
2026-Q1,repos_per_account,MR,1.523285
2026-Q1,repos_per_account,SD,0.876357
2026-Q1,repos_per_account,TN,2.32694
2026-Q1,repos_per_account,NG,2.607493
2026-Q1,repos_per_account,KE,4.770609
2026-Q1,repos_per_account,ZA,1.724335
2026-Q1,repos_per_account,median_north_africa,1.523285
2026-Q1,repos_per_account,median_core_peers,2.189271
2026-Q1,repos_per_account,median_africa,1.754036
2026-Q1,orgs_per_account,DZ,0.031541
2026-Q1,orgs_per_account,EG,0.034134
2026-Q1,orgs_per_account,LY,0.028195
2026-Q1,orgs_per_account,MA,0.04278
2026-Q1,orgs_per_account,MR,0.031436
2026-Q1,orgs_per_account,SD,0.025175
2026-Q1,orgs_per_account,TN,0.046954
2026-Q1,orgs_per_account,NG,0.04118
2026-Q1,orgs_per_account,KE,0.043442
2026-Q1,orgs_per_account,ZA,0.043246
2026-Q1,orgs_per_account,median_north_africa,0.031541
2026-Q1,orgs_per_account,median_core_peers,0.043013
2026-Q1,orgs_per_account,median_africa,0.04278
2026-Q1,accounts_per_million,DZ,12374.536506
2026-Q1,accounts_per_million,EG,13740.58487
2026-Q1,accounts_per_million,LY,9876.57797
2026-Q1,accounts_per_million,MA,23585.423867
2026-Q1,accounts_per_million,MR,3058.288092
2026-Q1,accounts_per_million,SD,962.639048
2026-Q1,accounts_per_million,TN,34059.158091
2026-Q1,accounts_per_million,NG,7554.985715
2026-Q1,accounts_per_million,KE,11788.069048
2026-Q1,accounts_per_million,ZA,16355.843243
2026-Q1,accounts_per_million,median_north_africa,12374.536506
2026-Q1,accounts_per_million,median_core_peers,15048.214057
2026-Q1,accounts_per_million,median_africa,4704.697341
2026-Q1,topics,DZ,3
2026-Q1,topics,EG,37
2026-Q1,topics,LY,0
2026-Q1,topics,MA,13
2026-Q1,topics,MR,0
2026-Q1,topics,SD,0
2026-Q1,topics,TN,18
2026-Q1,topics,NG,23
2026-Q1,topics,KE,11
2026-Q1,topics,ZA,7
2026-Q1,topics,median_north_africa,3
2026-Q1,topics,median_core_peers,15.5
2026-Q1,topics,median_africa,0
